{
    "name": "GraphAPI_Pipeline",
    "properties": {
        "activities": [
            {
                "name": "Get_user_data_from_GraphAPI",
                "type": "Copy",
                "dependsOn": [],
                "policy": {
                    "timeout": "7.00:00:00",
                    "retry": 0,
                    "retryIntervalInSeconds": 30,
                    "secureOutput": false,
                    "secureInput": false
                },
                "userProperties": [],
                "typeProperties": {
                    "source": {
                        "type": "RestSource",
                        "httpRequestTimeout": "00:01:40",
                        "requestInterval": "00.00:00:00.010",
                        "requestMethod": "GET"
                    },
                    "sink": {
                        "type": "JsonSink",
                        "storeSettings": {
                            "type": "AzureBlobFSWriteSettings",
                            "copyBehavior": "addDynamicContent"
                        },
                        "formatSettings": {
                            "type": "JsonWriteSettings"
                        }
                    },
                    "enableStaging": false
                },
                "inputs": [
                    {
                        "referenceName": "Users_GraphAPI",
                        "type": "DatasetReference"
                    }
                ],
                "outputs": [
                    {
                        "referenceName": "Users_JSON",
                        "type": "DatasetReference"
                    }
                ]
            },
            {
                "name": "Get_Teams_user_activity_details",
                "description": "get's data over the last 180 days.",
                "type": "Copy",
                "dependsOn": [],
                "policy": {
                    "timeout": "7.00:00:00",
                    "retry": 0,
                    "retryIntervalInSeconds": 30,
                    "secureOutput": false,
                    "secureInput": false
                },
                "userProperties": [],
                "typeProperties": {
                    "source": {
                        "type": "RestSource",
                        "httpRequestTimeout": "00:01:40",
                        "requestInterval": "00.00:00:00.010",
                        "requestMethod": "GET"
                    },
                    "sink": {
                        "type": "JsonSink",
                        "storeSettings": {
                            "type": "AzureBlobFSWriteSettings"
                        },
                        "formatSettings": {
                            "type": "JsonWriteSettings"
                        }
                    },
                    "enableStaging": false
                },
                "inputs": [
                    {
                        "referenceName": "TeamsActivityUserDetails_GraphAPI",
                        "type": "DatasetReference"
                    }
                ],
                "outputs": [
                    {
                        "referenceName": "TeamsActivityUserDetails_JSON",
                        "type": "DatasetReference"
                    }
                ]
            },
            {
                "name": "Get_M365_app_user_detail",
                "description": "get's data over the last 180 days.",
                "type": "Copy",
                "dependsOn": [],
                "policy": {
                    "timeout": "7.00:00:00",
                    "retry": 0,
                    "retryIntervalInSeconds": 30,
                    "secureOutput": false,
                    "secureInput": false
                },
                "userProperties": [],
                "typeProperties": {
                    "source": {
                        "type": "RestSource",
                        "httpRequestTimeout": "00:01:40",
                        "requestInterval": "00.00:00:00.010",
                        "requestMethod": "GET"
                    },
                    "sink": {
                        "type": "JsonSink",
                        "storeSettings": {
                            "type": "AzureBlobFSWriteSettings"
                        },
                        "formatSettings": {
                            "type": "JsonWriteSettings"
                        }
                    },
                    "enableStaging": false
                },
                "inputs": [
                    {
                        "referenceName": "M365AppUserDetail_GraphAPI",
                        "type": "DatasetReference"
                    }
                ],
                "outputs": [
                    {
                        "referenceName": "M365AppUserDetail_JSON",
                        "type": "DatasetReference"
                    }
                ]
            }
        ],
        "annotations": [],
        "lastPublishTime": "2021-10-07T21:07:59Z"
    },
    "type": "Microsoft.Synapse/workspaces/pipelines"
}