{"$schema":"http://schema.management.azure.com/schemas/2015-01-01/deploymentTemplate.json#","contentVersion":"1.0.0.0","parameters":{"workspaceName":{"type":"string","metadata":"Workspace name","defaultValue":"syn-oea-cisd3v06kw2"},"LS_SQL_Serverless_OEA":{"type":"string"},"LS_ADLS_OEA":{"type":"string"}},"variables":{"workspaceId":"[concat('Microsoft.Synapse/workspaces/', parameters('workspaceName'))]"},"resources":[{"name":"[concat(parameters('workspaceName'), '/hybrid_engagement_main_pipeline')]","type":"Microsoft.Synapse/workspaces/pipelines","apiVersion":"2019-06-01-preview","properties":{"activities":[{"name":"Hybrid Engagement Data Enrichment","description":"Refer to the package notebook for details on student data aggregations and processing.","type":"SynapseNotebook","dependsOn":[],"policy":{"timeout":"0.12:00:00","retry":0,"retryIntervalInSeconds":30,"secureOutput":false,"secureInput":false},"userProperties":[],"typeProperties":{"notebook":{"referenceName":"HybridEngagement_enrichment","type":"NotebookReference"},"snapshot":true,"conf":{}}},{"name":"Serve to SQL db","type":"ExecutePipeline","dependsOn":[{"activity":"Hybrid Engagement Data Enrichment","dependencyConditions":["Succeeded"]}],"userProperties":[],"typeProperties":{"pipeline":{"referenceName":"create_sql_db","type":"PipelineReference"},"waitOnCompletion":true,"parameters":{"storageAccount":{"value":"@pipeline().parameters.storageAccount","type":"Expression"},"sourceDirectory":{"value":"@pipeline().parameters.sourceDirectory","type":"Expression"},"stage":"3"}}}],"policy":{"elapsedTimeMetric":{},"cancelAfter":{}},"parameters":{"storageAccount":{"type":"string","defaultValue":"stoeacisd3v06kw2"},"sourceDirectory":{"type":"string","defaultValue":"hybrid_engagement"}},"folder":{"name":"Hybrid Engagement Package"},"annotations":[],"lastPublishTime":"2022-09-28T18:07:18Z"},"dependsOn":["[concat(variables('workspaceId'), '/notebooks/HybridEngagement_enrichment')]","[concat(variables('workspaceId'), '/pipelines/create_sql_db')]"]},{"name":"[concat(parameters('workspaceName'), '/HybridEngagement_enrichment')]","type":"Microsoft.Synapse/workspaces/notebooks","apiVersion":"2019-06-01-preview","properties":{"folder":{"name":"Hybrid Engagement Package"},"nbformat":4,"nbformat_minor":2,"bigDataPool":{"referenceName":"sparkMed","type":"BigDataPoolReference"},"sessionProperties":{"driverMemory":"56g","driverCores":8,"executorMemory":"56g","executorCores":8,"numExecutors":2,"runAsWorkspaceSystemIdentity":false,"conf":{"spark.dynamicAllocation.enabled":"false","spark.dynamicAllocation.minExecutors":"2","spark.dynamicAllocation.maxExecutors":"2","spark.autotune.trackingId":"432cc408-baf3-469c-8890-eb8770199794"}},"metadata":{"saveOutput":true,"enableDebugMode":false,"kernelspec":{"name":"synapse_pyspark","display_name":"Synapse PySpark"},"language_info":{"name":"python"},"a365ComputeOptions":{"id":"/subscriptions/7b9a4896-4541-483f-bdc7-d8f4ec6be3ee/resourceGroups/rg-oea-cisd3v06kw2/providers/Microsoft.Synapse/workspaces/syn-oea-cisd3v06kw2/bigDataPools/sparkMed","name":"sparkMed","type":"Spark","endpoint":"https://syn-oea-cisd3v06kw2.dev.azuresynapse.net/livyApi/versions/2019-11-01-preview/sparkPools/sparkMed","auth":{"type":"AAD","authResource":"https://dev.azuresynapse.net","authHeader":null},"sparkVersion":"3.1","nodeCount":10,"cores":8,"memory":56,"extraHeader":null},"sessionKeepAliveTimeout":30},"cells":[{"cell_type":"markdown","metadata":{"nteract":{"transient":{"deleting":false}}},"source":["# Hybrid Engagement Package Enrichment Notebook\r\n","This notebook is intended to explore the capabilities of the OEA Hybrid Engagement package by processing SIS student data into a single table.\r\n","\r\n","**It is necessary that you review and execute the Microsoft Education Insights and Contoso SIS module pipelines, before testing this Hybrid Engagement enrichment notebook.**\r\n","\r\n","Below describes the execution process of the notebook:\r\n","* First initialize the OEA framework class noptebook.\r\n","* Then the notebook processes the Insights module roster data and Contoso SIS module studentattendance data ingested into stage 2, by re-writing the schema to only include student data for mapping of the package Power BI dashboard. The tables used are:\r\n","    * stage2p/\r\n","        * contoso_sis/studentattendance_pseudo,\r\n","        * M365/AadUser_pseudo,\r\n","        * M365/AadUserPersonMapping_pseudo,\r\n","        * M365/Person_pseudo,\r\n","        * M365/PersonOrganizationRole_pseudo,\r\n","        * M365/Organization_pseudo, and\r\n","        * M365/RefDefinition_pseudo.\r\n","    * stage2np/M365/\r\n","        * AadUser_lookup, and\r\n","        * Person_lookup.\r\n","* The final resulting tables are written to stage 3:\r\n","    * stage3p/hybrid_engagement/Student_pseudo\r\n","    * stage3np/hybrid_engagement/Student_lookup"]},{"cell_type":"code","metadata":{"jupyter":{"source_hidden":false,"outputs_hidden":false},"nteract":{"transient":{"deleting":false}}},"source":["%run /OEA_py"],"outputs":[],"execution_count":1},{"cell_type":"code","metadata":{"jupyter":{"source_hidden":false,"outputs_hidden":false},"nteract":{"transient":{"deleting":false}}},"source":["# 0) Initialize the OEA framework.\r\n","oea = OEA()"],"outputs":[],"execution_count":2},{"cell_type":"markdown","metadata":{"nteract":{"transient":{"deleting":false}}},"source":["## Data Aggregations\r\n","\r\n","### SIS Student_pseudo table creation"]},{"cell_type":"code","metadata":{"jupyter":{"source_hidden":false,"outputs_hidden":true},"nteract":{"transient":{"deleting":false}}},"source":["dfContosoSIS_studentattendance = oea.load('contoso_sis', 'studentattendance_pseudo')\r\n","dfInsights_aaduserpersonmapping = oea.load('M365', 'AadUserPersonMapping_pseudo')\r\n","dfInsights_person = oea.load('M365', 'Person_pseudo')\r\n","dfInsights_personOrgRole = oea.load('M365', 'PersonOrganizationRole_pseudo')\r\n","dfInsights_organization = oea.load('M365', 'Organization_pseudo')\r\n","dfInsights_refDefinition = oea.load('M365', 'RefDefinition_pseudo')"],"outputs":[],"execution_count":20},{"cell_type":"code","metadata":{"jupyter":{"source_hidden":false,"outputs_hidden":false},"nteract":{"transient":{"deleting":false}},"collapsed":false},"source":["dfInsights = dfInsights_personOrgRole.join(dfInsights_person, dfInsights_personOrgRole.PersonId_pseudonym == dfInsights_person.Id_pseudonym, how='inner')\r\n","dfInsights = dfInsights.select('PersonId_pseudonym', 'Surname', 'GivenName', 'MiddleName', 'RefRoleId', 'RefGradeLevelId', 'OrganizationId')\r\n","display(dfInsights.limit(10))"],"outputs":[],"execution_count":4},{"cell_type":"code","metadata":{"jupyter":{"source_hidden":false,"outputs_hidden":false},"nteract":{"transient":{"deleting":false}},"collapsed":false},"source":["dfInsights = dfInsights.join(dfInsights_organization, dfInsights.OrganizationId == dfInsights_organization.Id, how='inner')\r\n","dfInsights = dfInsights.withColumnRenamed('Name', 'OrganizationName')\r\n","dfInsights = dfInsights.select('PersonId_pseudonym', 'Surname', 'GivenName', 'MiddleName', 'RefRoleId', 'RefGradeLevelId', 'OrganizationId', 'OrganizationName')\r\n","display(dfInsights.limit(10))"],"outputs":[],"execution_count":5},{"cell_type":"code","metadata":{"jupyter":{"source_hidden":false,"outputs_hidden":false},"nteract":{"transient":{"deleting":false}},"collapsed":false},"source":["dfInsights = dfInsights.join(dfInsights_refDefinition, dfInsights.RefRoleId == dfInsights_refDefinition.Id, how='inner')\r\n","dfInsights = dfInsights.withColumnRenamed('Code', 'PersonRole')\r\n","dfInsights = dfInsights.select('PersonId_pseudonym', 'Surname', 'GivenName', 'MiddleName', 'PersonRole', 'RefGradeLevelId', 'OrganizationId', 'OrganizationName')\r\n","display(dfInsights.limit(10))"],"outputs":[],"execution_count":6},{"cell_type":"code","metadata":{"jupyter":{"source_hidden":false,"outputs_hidden":false},"nteract":{"transient":{"deleting":false}},"collapsed":false},"source":["dfInsights = dfInsights.join(dfInsights_refDefinition, dfInsights.RefGradeLevelId == dfInsights_refDefinition.Id, how='inner')\r\n","dfInsights = dfInsights.withColumnRenamed('Code', 'StudentGrade')\r\n","dfInsights = dfInsights.select('PersonId_pseudonym', 'Surname', 'GivenName', 'MiddleName', 'PersonRole', 'StudentGrade', 'OrganizationId', 'OrganizationName')\r\n","display(dfInsights.limit(10))"],"outputs":[],"execution_count":7},{"cell_type":"code","metadata":{"jupyter":{"source_hidden":false,"outputs_hidden":false},"nteract":{"transient":{"deleting":false}},"collapsed":false},"source":["dfInsights = dfInsights.join(dfInsights_aaduserpersonmapping, dfInsights.PersonId_pseudonym == dfInsights_aaduserpersonmapping.PersonId_pseudonym, how='inner')\r\n","dfInsights = dfInsights.withColumnRenamed('ObjectId_pseudonym', 'StudentId_pseudonym')\r\n","dfInsights = dfInsights.select('StudentId_pseudonym', 'Surname', 'GivenName', 'MiddleName', 'PersonRole', 'StudentGrade', 'OrganizationId', 'OrganizationName')\r\n","display(dfInsights.limit(10))"],"outputs":[],"execution_count":8},{"cell_type":"markdown","metadata":{"nteract":{"transient":{"deleting":false}}},"source":["### StudentAttendance Enrichment"]},{"cell_type":"code","metadata":{"jupyter":{"source_hidden":false,"outputs_hidden":false},"nteract":{"transient":{"deleting":false}},"collapsed":false},"source":["dfContosoSIS_studentattendance = dfContosoSIS_studentattendance.select('student_id_pseudonym', 'AttendanceCode')\r\n","dfContosoSIS_studentattendance = dfContosoSIS_studentattendance.withColumn('AttendanceCode_value', F.when(F.col('AttendanceCode') == \"P\", 1).otherwise(0))\r\n","dfAttendance = dfContosoSIS_studentattendance.groupBy(\"student_id_pseudonym\").mean(\"AttendanceCode_value\").alias(\"AttendanceAverage\")\r\n","display(dfAttendance.limit(10))"],"outputs":[],"execution_count":21},{"cell_type":"code","metadata":{"jupyter":{"source_hidden":false,"outputs_hidden":false},"nteract":{"transient":{"deleting":false}},"collapsed":false},"source":["dfAttendance = dfAttendance.withColumnRenamed('avg(AttendanceCode_value)', 'AverageAttendance')\r\n","dfInsights = dfInsights.join(dfAttendance, dfInsights.StudentId_pseudonym == dfAttendance.student_id_pseudonym, how='inner')\r\n","dfInsights = dfInsights.select('StudentId_pseudonym', 'Surname', 'GivenName', 'MiddleName', 'PersonRole', 'StudentGrade', 'AverageAttendance', 'OrganizationId', 'OrganizationName')\r\n","display(dfInsights.limit(10))"],"outputs":[],"execution_count":22},{"cell_type":"markdown","metadata":{"nteract":{"transient":{"deleting":false}}},"source":["### Write SIS Student_pseudo table to Stage 3p"]},{"cell_type":"code","metadata":{"jupyter":{"source_hidden":false,"outputs_hidden":false},"nteract":{"transient":{"deleting":false}}},"source":["dfInsights.coalesce(1).write.format('delta').mode('overwrite').option('header', True).save(oea.stage3p + '/hybrid_engagement/Student_pseudo')"],"outputs":[],"execution_count":19},{"cell_type":"markdown","metadata":{"nteract":{"transient":{"deleting":false}}},"source":["## Data Aggregations\r\n","\r\n","### SIS Student_lookup table creation"]},{"cell_type":"code","metadata":{"jupyter":{"source_hidden":false,"outputs_hidden":false},"nteract":{"transient":{"deleting":false}},"collapsed":false},"source":["dfInsights_person_np = oea.load('M365', 'Person_lookup', stage=oea.stage2np)\r\n","dfInsights_aaduser_np = oea.load('M365', 'AadUser_lookup', stage=oea.stage2np)\r\n","dfInsights_np = dfInsights_person_np.join(dfInsights_aaduserpersonmapping, dfInsights_person_np.Id_pseudonym == dfInsights_aaduserpersonmapping.PersonId_pseudonym, how='inner')\r\n","dfInsights_np = dfInsights_np.withColumnRenamed('Id', 'PersonId').withColumnRenamed('ObjectId_pseudonym', 'StudentId_pseudonym')\r\n","dfInsights_np = dfInsights_np.select('PersonId_pseudonym', 'PersonId', 'StudentId_pseudonym', 'Surname', 'GivenName', 'MiddleName')\r\n","display(dfInsights_np.limit(10))"],"outputs":[],"execution_count":26},{"cell_type":"code","metadata":{"jupyter":{"source_hidden":false,"outputs_hidden":false},"nteract":{"transient":{"deleting":false}},"collapsed":false},"source":["dfInsights_aaduser_np = dfInsights_aaduser_np.withColumnRenamed('Surname', 'Surname2').withColumnRenamed('GivenName', 'GivenName2')\r\n","dfInsights_np = dfInsights_np.join(dfInsights_aaduser_np, dfInsights_np.StudentId_pseudonym == dfInsights_aaduser_np.ObjectId_pseudonym, how='inner')\r\n","dfInsights_np = dfInsights_np.withColumnRenamed('ObjectId', 'StudentId')\r\n","dfInsights_np = dfInsights_np.select('PersonId_pseudonym', 'PersonId', 'StudentId_pseudonym', 'StudentId', 'Surname', 'GivenName', 'MiddleName')\r\n","display(dfInsights_np.limit(10))"],"outputs":[],"execution_count":27},{"cell_type":"markdown","metadata":{"nteract":{"transient":{"deleting":false}}},"source":["### Write SIS Student_lookup table to Stage 3np"]},{"cell_type":"code","metadata":{"jupyter":{"source_hidden":false,"outputs_hidden":false},"nteract":{"transient":{"deleting":false}}},"source":["dfInsights_np.coalesce(1).write.format('delta').mode('overwrite').option('header', True).save(oea.stage3np + '/hybrid_engagement/Student_lookup')"],"outputs":[],"execution_count":21}]},"dependsOn":[]},{"name":"[concat(parameters('workspaceName'), '/create_sql_db')]","type":"Microsoft.Synapse/workspaces/pipelines","apiVersion":"2019-06-01-preview","properties":{"activities":[{"name":"set sqlDBName","type":"SetVariable","dependsOn":[],"userProperties":[],"typeProperties":{"variableName":"sqlDBName","value":{"value":"sqls@{pipeline().parameters.stage}_@{pipeline().parameters.sourceDirectory}","type":"Expression"}}},{"name":"Stored procedure1","type":"SqlServerStoredProcedure","dependsOn":[{"activity":"set sqlDBName","dependencyConditions":["Succeeded"]}],"policy":{"timeout":"7.00:00:00","retry":0,"retryIntervalInSeconds":30,"secureOutput":false,"secureInput":false},"userProperties":[],"typeProperties":{"storedProcedureName":"[[dbo].[sp_executesql]","storedProcedureParameters":{"command":{"value":{"value":"IF NOT EXISTS (SELECT * FROM sys.databases WHERE name = '@{variables('sqlDBName')}') \nBEGIN\n  CREATE DATABASE @{variables('sqlDBName')}; \nEND;","type":"Expression"},"type":"String"}}},"linkedServiceName":{"referenceName":"[parameters('LS_SQL_Serverless_OEA')]","type":"LinkedServiceReference","parameters":{"dbName":"master"}}},{"name":"get folders in stageXp","type":"GetMetadata","dependsOn":[{"activity":"Stored procedure1","dependencyConditions":["Succeeded"]}],"policy":{"timeout":"7.00:00:00","retry":0,"retryIntervalInSeconds":30,"secureOutput":false,"secureInput":false},"userProperties":[],"typeProperties":{"dataset":{"referenceName":"DS_ADLS_binary_folder","type":"DatasetReference","parameters":{"filesystem":{"value":"stage@{pipeline().parameters.stage}p","type":"Expression"},"directory":{"value":"@pipeline().parameters.sourceDirectory","type":"Expression"}}},"fieldList":["childItems"],"storeSettings":{"type":"AzureBlobFSReadSettings","recursive":true,"enablePartitionDiscovery":false},"formatSettings":{"type":"BinaryReadSettings"}}},{"name":"ForEach1","type":"ForEach","dependsOn":[{"activity":"get folders in stageXp","dependencyConditions":["Succeeded"]}],"userProperties":[],"typeProperties":{"items":{"value":"@activity('get folders in stageXp').output.childItems","type":"Expression"},"activities":[{"name":"create or alter view for pseduonymized tables","type":"SqlServerStoredProcedure","dependsOn":[],"policy":{"timeout":"7.00:00:00","retry":0,"retryIntervalInSeconds":30,"secureOutput":false,"secureInput":false},"userProperties":[{"name":"command","value":"CREATE OR ALTER VIEW @{item().name} AS SELECT * FROM OPENROWSET( BULK 'https://@{pipeline().parameters.storageAccount}.dfs.core.windows.net/stage@{pipeline().parameters.stage}p/@{pipeline().parameters.sourceDirectory}/@{item().name}', FORMAT='DELTA' ) AS [r]"}],"typeProperties":{"storedProcedureName":"[[dbo].[sp_executesql]","storedProcedureParameters":{"command":{"value":{"value":"CREATE OR ALTER VIEW @{item().name} AS\nSELECT * FROM OPENROWSET(\nBULK 'https://@{pipeline().parameters.storageAccount}.dfs.core.windows.net/stage@{pipeline().parameters.stage}p/@{pipeline().parameters.sourceDirectory}/@{item().name}',\nFORMAT='DELTA'\n) AS [r]","type":"Expression"},"type":"String"}}},"linkedServiceName":{"referenceName":"[parameters('LS_SQL_Serverless_OEA')]","type":"LinkedServiceReference","parameters":{"dbName":{"value":"@variables('sqlDBName')","type":"Expression"}}}}]}},{"name":"get folders in stageXnp","type":"GetMetadata","dependsOn":[{"activity":"Stored procedure1","dependencyConditions":["Succeeded"]}],"policy":{"timeout":"7.00:00:00","retry":0,"retryIntervalInSeconds":30,"secureOutput":false,"secureInput":false},"userProperties":[],"typeProperties":{"dataset":{"referenceName":"DS_ADLS_binary_folder","type":"DatasetReference","parameters":{"filesystem":{"value":"stage@{pipeline().parameters.stage}np","type":"Expression"},"directory":{"value":"@pipeline().parameters.sourceDirectory","type":"Expression"}}},"fieldList":["childItems"],"storeSettings":{"type":"AzureBlobFSReadSettings","recursive":true,"enablePartitionDiscovery":false},"formatSettings":{"type":"BinaryReadSettings"}}},{"name":"ForEach2","type":"ForEach","dependsOn":[{"activity":"get folders in stageXnp","dependencyConditions":["Succeeded"]}],"userProperties":[],"typeProperties":{"items":{"value":"@activity('get folders in stageXnp').output.childItems","type":"Expression"},"activities":[{"name":"create or alter view for lookup tables","type":"SqlServerStoredProcedure","dependsOn":[],"policy":{"timeout":"7.00:00:00","retry":0,"retryIntervalInSeconds":30,"secureOutput":false,"secureInput":false},"userProperties":[{"name":"command","value":"CREATE OR ALTER VIEW @{item().name} AS SELECT * FROM OPENROWSET( BULK 'https://@{pipeline().parameters.storageAccount}.dfs.core.windows.net/stage@{pipeline().parameters.stage}p/@{pipeline().parameters.sourceDirectory}/@{item().name}', FORMAT='DELTA' ) AS [r]"}],"typeProperties":{"storedProcedureName":"[[dbo].[sp_executesql]","storedProcedureParameters":{"command":{"value":{"value":"CREATE OR ALTER VIEW @{item().name} AS\nSELECT * FROM OPENROWSET(\nBULK 'https://@{pipeline().parameters.storageAccount}.dfs.core.windows.net/stage@{pipeline().parameters.stage}np/@{pipeline().parameters.sourceDirectory}/@{item().name}',\nFORMAT='DELTA'\n) AS [r]","type":"Expression"},"type":"String"}}},"linkedServiceName":{"referenceName":"[parameters('LS_SQL_Serverless_OEA')]","type":"LinkedServiceReference","parameters":{"dbName":{"value":"@variables('sqlDBName')","type":"Expression"}}}}]}}],"policy":{"elapsedTimeMetric":{},"cancelAfter":{}},"parameters":{"storageAccount":{"type":"string","defaultValue":"@pipeline().parameters.storageAccount"},"sourceDirectory":{"type":"string","defaultValue":"@pipeline().parameters.sourceDirectory"},"stage":{"type":"string","defaultValue":"2"}},"variables":{"sqlDBName":{"type":"String","defaultValue":"sqls2_mydb"}},"folder":{"name":"OEA_Framework/Ingest"},"annotations":[],"lastPublishTime":"2022-08-09T19:57:11Z"},"dependsOn":["[concat(variables('workspaceId'), '/datasets/DS_ADLS_binary_folder')]"]},{"name":"[concat(parameters('workspaceName'), '/DS_ADLS_binary_folder')]","type":"Microsoft.Synapse/workspaces/datasets","apiVersion":"2019-06-01-preview","properties":{"linkedServiceName":{"referenceName":"[parameters('LS_ADLS_OEA')]","type":"LinkedServiceReference"},"parameters":{"filesystem":{"type":"string"},"directory":{"type":"string"}},"folder":{"name":"OEA_Framework"},"annotations":[],"type":"Binary","typeProperties":{"location":{"type":"AzureBlobFSLocation","folderPath":{"value":"@dataset().directory","type":"Expression"},"fileSystem":{"value":"@dataset().filesystem","type":"Expression"}}}},"dependsOn":[]}]}