{"$schema":"http://schema.management.azure.com/schemas/2015-01-01/deploymentTemplate.json#","contentVersion":"1.0.0.0","parameters":{"workspaceName":{"type":"string","metadata":"Workspace name","defaultValue":"syn-oea-cisd3v06kw2"},"CleverSFTP":{"type":"string"},"syn-oea-cisd3v06kw2-WorkspaceDefaultStorage":{"type":"string"}},"variables":{"workspaceId":"[concat('Microsoft.Synapse/workspaces/', parameters('workspaceName'))]"},"resources":[{"name":"[concat(parameters('workspaceName'), '/clever_data_ingestion')]","type":"Microsoft.Synapse/workspaces/pipelines","apiVersion":"2019-06-01-preview","properties":{"activities":[{"name":"daily-participation_sftp","type":"GetMetadata","dependsOn":[{"activity":"Set currentDateTime","dependencyConditions":["Succeeded"]}],"policy":{"timeout":"7.00:00:00","retry":0,"retryIntervalInSeconds":30,"secureOutput":false,"secureInput":false},"userProperties":[],"typeProperties":{"dataset":{"referenceName":"CleverCSVFiles","type":"DatasetReference","parameters":{"directory":"daily-participation/"}},"fieldList":["childItems"],"storeSettings":{"type":"SftpReadSettings","recursive":true,"enablePartitionDiscovery":false,"disableChunking":false},"formatSettings":{"type":"DelimitedTextReadSettings"}}},{"name":"daily-participation_ForEach","type":"ForEach","dependsOn":[{"activity":"daily-participation_sftp","dependencyConditions":["Succeeded"]}],"userProperties":[],"typeProperties":{"items":{"value":"@activity('daily-participation_sftp').output.childitems","type":"Expression"},"activities":[{"name":"daily-participation_stage1np","type":"GetMetadata","dependsOn":[],"policy":{"timeout":"7.00:00:00","retry":0,"retryIntervalInSeconds":30,"secureOutput":false,"secureInput":false},"userProperties":[],"typeProperties":{"dataset":{"referenceName":"DataLakeStage1np","type":"DatasetReference","parameters":{"directory":{"value":"@concat('clever/daily-participation/', variables('currentDateTime'),'/',item().name)","type":"Expression"}}},"fieldList":["exists"],"storeSettings":{"type":"AzureBlobFSReadSettings","recursive":true,"enablePartitionDiscovery":false},"formatSettings":{"type":"DelimitedTextReadSettings"}}},{"name":"daily-participation_If_Statement","type":"IfCondition","dependsOn":[{"activity":"daily-participation_stage1np","dependencyConditions":["Succeeded"]}],"userProperties":[],"typeProperties":{"expression":{"value":"@activity('daily-participation_stage1np').output.exists","type":"Expression"},"ifFalseActivities":[{"name":"CleverDataFromSFTP_daily-participation","type":"Copy","dependsOn":[],"policy":{"timeout":"7.00:00:00","retry":0,"retryIntervalInSeconds":30,"secureOutput":false,"secureInput":false},"userProperties":[],"typeProperties":{"source":{"type":"DelimitedTextSource","storeSettings":{"type":"SftpReadSettings","maxConcurrentConnections":2,"recursive":true,"wildcardFolderPath":"daily-participation","wildcardFileName":{"value":"@item().name","type":"Expression"},"enablePartitionDiscovery":false,"disableChunking":false},"formatSettings":{"type":"DelimitedTextReadSettings"}},"sink":{"type":"DelimitedTextSink","storeSettings":{"type":"AzureBlobFSWriteSettings"},"formatSettings":{"type":"DelimitedTextWriteSettings","quoteAllText":true,"fileExtension":".csv"}},"enableStaging":false,"translator":{"type":"TabularTranslator","typeConversion":true,"typeConversionSettings":{"allowDataTruncation":true,"treatBooleanAsNumber":false}}},"inputs":[{"referenceName":"CleverCSVFiles","type":"DatasetReference","parameters":{"directory":"not_applicable"}}],"outputs":[{"referenceName":"DataLakeStage1np","type":"DatasetReference","parameters":{"directory":{"value":"@concat('clever/daily-participation/', variables('currentDateTime'),'/')","type":"Expression"}}}]}]}}]}},{"name":"resource-usage_sftp","type":"GetMetadata","dependsOn":[{"activity":"Set currentDateTime","dependencyConditions":["Succeeded"]}],"policy":{"timeout":"7.00:00:00","retry":0,"retryIntervalInSeconds":30,"secureOutput":false,"secureInput":false},"userProperties":[],"typeProperties":{"dataset":{"referenceName":"CleverCSVFiles","type":"DatasetReference","parameters":{"directory":"resource-usage/"}},"fieldList":["childItems"],"storeSettings":{"type":"SftpReadSettings","recursive":true,"enablePartitionDiscovery":false,"disableChunking":false},"formatSettings":{"type":"DelimitedTextReadSettings"}}},{"name":"resource-usage_ForEach","type":"ForEach","dependsOn":[{"activity":"resource-usage_sftp","dependencyConditions":["Succeeded"]}],"userProperties":[],"typeProperties":{"items":{"value":"@activity('resource-usage_sftp').output.childitems","type":"Expression"},"activities":[{"name":"resource-usage_stage1np","type":"GetMetadata","dependsOn":[],"policy":{"timeout":"7.00:00:00","retry":0,"retryIntervalInSeconds":30,"secureOutput":false,"secureInput":false},"userProperties":[],"typeProperties":{"dataset":{"referenceName":"DataLakeStage1np","type":"DatasetReference","parameters":{"directory":{"value":"@concat('clever/resource-usage/',variables('currentDateTime'),'/',item().name)","type":"Expression"}}},"fieldList":["exists"],"storeSettings":{"type":"AzureBlobFSReadSettings","recursive":true,"enablePartitionDiscovery":false},"formatSettings":{"type":"DelimitedTextReadSettings"}}},{"name":"resource-usage_If_Statement","type":"IfCondition","dependsOn":[{"activity":"resource-usage_stage1np","dependencyConditions":["Succeeded"]}],"userProperties":[],"typeProperties":{"expression":{"value":"@activity('resource-usage_stage1np').output.exists","type":"Expression"},"ifFalseActivities":[{"name":"CleverDataFromSFTP_resource-usage","type":"Copy","dependsOn":[],"policy":{"timeout":"7.00:00:00","retry":0,"retryIntervalInSeconds":30,"secureOutput":false,"secureInput":false},"userProperties":[],"typeProperties":{"source":{"type":"DelimitedTextSource","storeSettings":{"type":"SftpReadSettings","maxConcurrentConnections":2,"recursive":true,"wildcardFolderPath":"resource-usage","wildcardFileName":{"value":"@item().name","type":"Expression"},"enablePartitionDiscovery":false,"disableChunking":false},"formatSettings":{"type":"DelimitedTextReadSettings"}},"sink":{"type":"DelimitedTextSink","storeSettings":{"type":"AzureBlobFSWriteSettings"},"formatSettings":{"type":"DelimitedTextWriteSettings","quoteAllText":true,"fileExtension":".csv"}},"enableStaging":false,"translator":{"type":"TabularTranslator","typeConversion":true,"typeConversionSettings":{"allowDataTruncation":true,"treatBooleanAsNumber":false}}},"inputs":[{"referenceName":"CleverCSVFiles","type":"DatasetReference","parameters":{"directory":"not_applicable"}}],"outputs":[{"referenceName":"DataLakeStage1np","type":"DatasetReference","parameters":{"directory":{"value":"@concat('clever/resource-usage/',variables('currentDateTime'),'/')","type":"Expression"}}}]}]}}]}},{"name":"Set currentDateTime","type":"SetVariable","dependsOn":[],"userProperties":[],"typeProperties":{"variableName":"currentDateTime","value":{"value":"@{formatDateTime(convertTimeZone(utcnow(), 'UTC', pipeline().parameters.timezone), 'yyyy-MM-ddTHH-mm-ss')}","type":"Expression"}}}],"policy":{"elapsedTimeMetric":{},"cancelAfter":{}},"parameters":{"timezone":{"type":"string","defaultValue":"Central Standard Time"}},"variables":{"currentDateTime":{"type":"String"}},"folder":{"name":"Clever Module/Extracts"},"annotations":[],"lastPublishTime":"2022-08-08T18:29:34Z"},"dependsOn":["[concat(variables('workspaceId'), '/datasets/CleverCSVFiles')]","[concat(variables('workspaceId'), '/datasets/DataLakeStage1np')]"]},{"name":"[concat(parameters('workspaceName'), '/CleverCSVFiles')]","type":"Microsoft.Synapse/workspaces/datasets","apiVersion":"2019-06-01-preview","properties":{"linkedServiceName":{"referenceName":"[parameters('CleverSFTP')]","type":"LinkedServiceReference"},"parameters":{"directory":{"type":"string"}},"folder":{"name":"Clever_Datasets"},"annotations":[],"type":"DelimitedText","typeProperties":{"location":{"type":"SftpLocation","folderPath":{"value":"@dataset().directory","type":"Expression"}},"columnDelimiter":",","escapeChar":"\\","quoteChar":"\""},"schema":[]},"dependsOn":[]},{"name":"[concat(parameters('workspaceName'), '/DataLakeStage1np')]","type":"Microsoft.Synapse/workspaces/datasets","apiVersion":"2019-06-01-preview","properties":{"linkedServiceName":{"referenceName":"[parameters('syn-oea-cisd3v06kw2-WorkspaceDefaultStorage')]","type":"LinkedServiceReference"},"parameters":{"directory":{"type":"string"}},"folder":{"name":"Clever_Datasets"},"annotations":[],"type":"DelimitedText","typeProperties":{"location":{"type":"AzureBlobFSLocation","folderPath":{"value":"@dataset().directory","type":"Expression"},"fileSystem":"stage1np"},"columnDelimiter":",","escapeChar":"\\","quoteChar":"\""},"schema":[]},"dependsOn":[]}]}