{
    "now": "2022-04-26T17:41:24.792Z",
    "perfNow": 15096663.5,
    "diagnosticCorrelation": "e67f5700-86f3-4650-82c6-b2741994d839",
    "source": "DownloadSupportFiles",
    "environment": {
        "productName": "a365",
        "buildVersion": "22.0418.12",
        "environmentType": 9,
        "resourceName": "eduanalyticsfusd2",
        "resourceRegion": "westus2",
        "resourceGroup": "EduAnalytics",
        "subscriptionId": "f16d97ba-b733-4436-9564-554a1452b258",
        "sessionId": "i2iOC",
        "operationId": "9MIcF",
        "gitType": "VSTS"
    },
    "additionalInfo": {
        "selectedResource": "p2_join_model_table",
        "selectedResourceType": "pipeline"
    }
}