{
    "name": "0_main_edfi",
    "properties": {
        "activities": [
            {
                "name": "1_land_edfi",
                "type": "ExecutePipeline",
                "dependsOn": [
                    {
                        "activity": "Set-ApiVersion",
                        "dependencyConditions": [
                            "Succeeded"
                        ]
                    },
                    {
                        "activity": "Set-DataManagementUrl",
                        "dependencyConditions": [
                            "Succeeded"
                        ]
                    },
                    {
                        "activity": "Set-ChangeQueriesUrl",
                        "dependencyConditions": [
                            "Succeeded"
                        ]
                    },
                    {
                        "activity": "Set-DependenciesUrl",
                        "dependencyConditions": [
                            "Succeeded"
                        ]
                    },
                    {
                        "activity": "Set-AuthUrl",
                        "dependencyConditions": [
                            "Succeeded"
                        ]
                    }
                ],
                "userProperties": [],
                "typeProperties": {
                    "pipeline": {
                        "referenceName": "1_land_edfi",
                        "type": "PipelineReference"
                    },
                    "waitOnCompletion": true,
                    "parameters": {
                        "workspace": {
                            "value": "@pipeline().parameters.workspace",
                            "type": "Expression"
                        },
                        "ApiUrl": {
                            "value": "@pipeline().parameters.ApiUrl",
                            "type": "Expression"
                        },
                        "InstanceId": {
                            "value": "@pipeline().parameters.InstanceId",
                            "type": "Expression"
                        },
                        "SchoolYear": {
                            "value": "@pipeline().parameters.SchoolYear",
                            "type": "Expression"
                        },
                        "ModuleName": {
                            "value": "@pipeline().parameters.ModuleName",
                            "type": "Expression"
                        },
                        "DistrictId": {
                            "value": "@pipeline().parameters.DistrictId",
                            "type": "Expression"
                        },
                        "ApiLimit": {
                            "value": "@pipeline().parameters.ApiLimit",
                            "type": "Expression"
                        },
                        "kvName": {
                            "value": "@pipeline().parameters.kvName",
                            "type": "Expression"
                        },
                        "MinChangeVer": {
                            "value": "@pipeline().parameters.MinChangeVer",
                            "type": "Expression"
                        },
                        "MaxChangeVer": {
                            "value": "@pipeline().parameters.MaxChangeVer",
                            "type": "Expression"
                        },
                        "AuthUrl": {
                            "value": "@variables('AuthUrl')",
                            "type": "Expression"
                        },
                        "DataManagementUrl": {
                            "value": "@variables('DataManagementUrl')",
                            "type": "Expression"
                        },
                        "ChangeQueriesUrl": {
                            "value": "@variables('ChangeQueriesUrl')",
                            "type": "Expression"
                        },
                        "DependenciesUrl": {
                            "value": "@variables('DependenciesUrl')",
                            "type": "Expression"
                        },
                        "ApiVersion": {
                            "value": "@variables('ApiVersion')",
                            "type": "Expression"
                        }
                    }
                }
            },
            {
                "name": "2_ingest_edfi",
                "type": "ExecutePipeline",
                "dependsOn": [
                    {
                        "activity": "1_land_edfi",
                        "dependencyConditions": [
                            "Succeeded"
                        ]
                    }
                ],
                "userProperties": [],
                "typeProperties": {
                    "pipeline": {
                        "referenceName": "2_ingest_edfi",
                        "type": "PipelineReference"
                    },
                    "waitOnCompletion": true,
                    "parameters": {
                        "ModuleName": {
                            "value": "@pipeline().parameters.ModuleName",
                            "type": "Expression"
                        },
                        "DistrictId": {
                            "value": "@pipeline().parameters.DistrictId",
                            "type": "Expression"
                        },
                        "SchoolYear": {
                            "value": "@pipeline().parameters.SchoolYear",
                            "type": "Expression"
                        },
                        "ApiVersion": {
                            "value": "@variables('ApiVersion')",
                            "type": "Expression"
                        },
                        "DependenciesUrl": {
                            "value": "@variables('DependenciesUrl')",
                            "type": "Expression"
                        },
                        "Workspace": {
                            "value": "@pipeline().parameters.workspace",
                            "type": "Expression"
                        }
                    }
                }
            },
            {
                "name": "3_refine_edfi",
                "type": "ExecutePipeline",
                "dependsOn": [
                    {
                        "activity": "2_ingest_edfi",
                        "dependencyConditions": [
                            "Succeeded"
                        ]
                    }
                ],
                "userProperties": [],
                "typeProperties": {
                    "pipeline": {
                        "referenceName": "3_refine_edfi",
                        "type": "PipelineReference"
                    },
                    "waitOnCompletion": true,
                    "parameters": {
                        "ModuleName": {
                            "value": "@pipeline().parameters.ModuleName",
                            "type": "Expression"
                        },
                        "ApiVersion": {
                            "value": "@variables('ApiVersion')",
                            "type": "Expression"
                        },
                        "Workspace": {
                            "value": "@pipeline().parameters.workspace",
                            "type": "Expression"
                        }
                    }
                }
            },
            {
                "name": "Get-ApiDetails",
                "type": "WebActivity",
                "dependsOn": [],
                "policy": {
                    "timeout": "7.00:00:00",
                    "retry": 0,
                    "retryIntervalInSeconds": 30,
                    "secureOutput": false,
                    "secureInput": false
                },
                "userProperties": [],
                "typeProperties": {
                    "url": {
                        "value": "@pipeline().parameters.ApiUrl",
                        "type": "Expression"
                    },
                    "connectVia": {
                        "referenceName": "AutoResolveIntegrationRuntime",
                        "type": "IntegrationRuntimeReference"
                    },
                    "method": "GET",
                    "body": {
                        "grant_type": "client_credentials"
                    }
                }
            },
            {
                "name": "Set-ApiVersion",
                "type": "SetVariable",
                "dependsOn": [
                    {
                        "activity": "Get-ApiDetails",
                        "dependencyConditions": [
                            "Succeeded"
                        ]
                    }
                ],
                "userProperties": [],
                "typeProperties": {
                    "variableName": "ApiVersion",
                    "value": {
                        "value": "@activity('Get-ApiDetails').output.version",
                        "type": "Expression"
                    }
                }
            },
            {
                "name": "Set-AuthUrl",
                "type": "SetVariable",
                "dependsOn": [
                    {
                        "activity": "Get-ApiDetails",
                        "dependencyConditions": [
                            "Succeeded"
                        ]
                    }
                ],
                "userProperties": [],
                "typeProperties": {
                    "variableName": "AuthUrl",
                    "value": {
                        "value": "@replace(activity('Get-ApiDetails').output.urls.oauth, '{instance}', concat(pipeline().parameters.InstanceId,''))",
                        "type": "Expression"
                    }
                }
            },
            {
                "name": "Set-DataManagementUrl",
                "type": "SetVariable",
                "dependsOn": [
                    {
                        "activity": "Get-ApiDetails",
                        "dependencyConditions": [
                            "Succeeded"
                        ]
                    }
                ],
                "userProperties": [],
                "typeProperties": {
                    "variableName": "DataManagementUrl",
                    "value": {
                        "value": "@replace(replace(activity('Get-ApiDetails').output.urls.dataManagementApi, '{instance}', concat(pipeline().parameters.InstanceId,'')), '2023', concat(pipeline().parameters.SchoolYear,''))",
                        "type": "Expression"
                    }
                }
            },
            {
                "name": "Set-ChangeQueriesUrl",
                "type": "SetVariable",
                "dependsOn": [
                    {
                        "activity": "Get-ApiDetails",
                        "dependencyConditions": [
                            "Succeeded"
                        ]
                    }
                ],
                "userProperties": [],
                "typeProperties": {
                    "variableName": "ChangeQueriesUrl",
                    "value": {
                        "value": "@concat(pipeline().parameters.ApiUrl,'changequeries/v1',if(not(empty(pipeline().parameters.InstanceId)),concat('/',pipeline().parameters.InstanceId),''),if(not(empty(pipeline().parameters.SchoolYear)),concat('/',pipeline().parameters.SchoolYear),''))",
                        "type": "Expression"
                    }
                }
            },
            {
                "name": "Set-DependenciesUrl",
                "type": "SetVariable",
                "dependsOn": [
                    {
                        "activity": "Get-ApiDetails",
                        "dependencyConditions": [
                            "Succeeded"
                        ]
                    }
                ],
                "userProperties": [],
                "typeProperties": {
                    "variableName": "DependenciesUrl",
                    "value": {
                        "value": "@replace(replace(activity('Get-ApiDetails').output.urls.dependencies, '{instance}', concat(pipeline().parameters.InstanceId,'')), '2023', concat(pipeline().parameters.SchoolYear,''))",
                        "type": "Expression"
                    }
                }
            }
        ],
        "parameters": {
            "MetadataUrl": {
                "type": "string",
                "defaultValue": "https://raw.githubusercontent.com/microsoft/OpenEduAnalytics/gene/v0.7dev/modules/module_catalog/Ed-Fi/docs/edfi_oea_metadata.csv"
            },
            "SwaggerUrl": {
                "type": "string",
                "defaultValue": "https://raw.githubusercontent.com/microsoft/OpenEduAnalytics/gene/v0.7dev//modules/module_catalog/Ed-Fi/docs/edfi_swagger.json"
            },
            "kvName": {
                "type": "string"
            },
            "workspace": {
                "type": "string",
                "defaultValue": "dev"
            },
            "ApiUrl": {
                "type": "string",
                "defaultValue": "https://api.ed-fi.org/v5.2/api/"
            },
            "InstanceId": {
                "type": "string"
            },
            "SchoolYear": {
                "type": "string"
            },
            "ModuleName": {
                "type": "string",
                "defaultValue": "EdFi"
            },
            "ApiLimit": {
                "type": "string",
                "defaultValue": "100"
            },
            "DistrictId": {
                "type": "string"
            },
            "MinChangeVer": {
                "type": "string"
            },
            "MaxChangeVer": {
                "type": "string"
            }
        },
        "variables": {
            "ApiVersion": {
                "type": "String"
            },
            "AuthUrl": {
                "type": "String"
            },
            "DataManagementUrl": {
                "type": "String"
            },
            "ChangeQueriesUrl": {
                "type": "String"
            },
            "DependenciesUrl": {
                "type": "String"
            }
        },
        "folder": {
            "name": "EdFi Module/basic"
        },
        "annotations": [],
        "lastPublishTime": "2023-06-05T17:45:46Z"
    },
    "type": "Microsoft.Synapse/workspaces/pipelines"
}