{
    "name": "OEA_connector",
    "properties": {
        "nbformat": 4,
        "nbformat_minor": 2,
        "bigDataPool": {
            "referenceName": "spark3p1sm",
            "type": "BigDataPoolReference"
        },
        "sessionProperties": {
            "driverMemory": "28g",
            "driverCores": 4,
            "executorMemory": "28g",
            "executorCores": 4,
            "numExecutors": 2,
            "conf": {
                "spark.dynamicAllocation.enabled": "false",
                "spark.dynamicAllocation.minExecutors": "2",
                "spark.dynamicAllocation.maxExecutors": "2",
                "spark.autotune.trackingId": "7149363b-7803-40cc-9d89-bf67f6959404"
            }
        },
        "metadata": {
            "saveOutput": true,
            "synapse_widget": {
                "version": "0.1"
            },
            "enableDebugMode": false,
            "kernelspec": {
                "name": "synapse_pyspark",
                "display_name": "Synapse PySpark"
            },
            "language_info": {
                "name": "python"
            },
            "a365ComputeOptions": {
                "id": "/subscriptions/7b9a4896-4541-483f-bdc7-d8f4ec6be3ee/resourceGroups/rg-oea-CISDAM2/providers/Microsoft.Synapse/workspaces/syn-oea-cisdam2/bigDataPools/spark3p1sm",
                "name": "spark3p1sm",
                "type": "Spark",
                "endpoint": "https://syn-oea-cisdam2.dev.azuresynapse.net/livyApi/versions/2019-11-01-preview/sparkPools/spark3p1sm",
                "auth": {
                    "type": "AAD",
                    "authResource": "https://dev.azuresynapse.net"
                },
                "sparkVersion": "3.1",
                "nodeCount": 3,
                "cores": 4,
                "memory": 28,
                "extraHeader": null
            }
        },
        "cells": [
            {
                "cell_type": "markdown",
                "metadata": {
                    "nteract": {
                        "transient": {
                            "deleting": false
                        }
                    }
                },
                "source": [
                    "# OEA connector\n",
                    "This notebook provides a way for invoking methods on the OEA framework or supporting modules from a pipeline.\n",
                    "\n",
                    "When setting up a new module, be sure to include a new cell below that imports that module, so that its methods can be invoked by pipelines."
                ],
                "attachments": null
            },
            {
                "cell_type": "code",
                "metadata": {
                    "jupyter": {
                        "source_hidden": false,
                        "outputs_hidden": false
                    },
                    "nteract": {
                        "transient": {
                            "deleting": false
                        }
                    },
                    "tags": [
                        "parameters"
                    ]
                },
                "source": [
                    "# These values should be passed in from the pipeline that is using this notebook as an activity.\r\n",
                    "# Note that kwargs allows you to pass in a dict of params, but the dict has to specified as a string when invoked from a pipeline.\r\n",
                    "# Also note that you can refer to attributes of an object in the params, for example: {'path':oea.stage2np}\r\n",
                    "object_name = 'oea'\r\n",
                    "method_name = ''\r\n",
                    "kwargs = '{}'"
                ],
                "attachments": null,
                "outputs": [],
                "execution_count": null
            },
            {
                "cell_type": "code",
                "metadata": {
                    "jupyter": {
                        "outputs_hidden": false,
                        "source_hidden": false
                    },
                    "nteract": {
                        "transient": {
                            "deleting": false
                        }
                    },
                    "collapsed": true
                },
                "source": [
                    "%run /OEA_py"
                ],
                "attachments": null,
                "outputs": [],
                "execution_count": null
            },
            {
                "cell_type": "code",
                "metadata": {
                    "jupyter": {
                        "outputs_hidden": false,
                        "source_hidden": false
                    },
                    "nteract": {
                        "transient": {
                            "deleting": false
                        }
                    },
                    "collapsed": true
                },
                "source": [
                    "%run /ContosoSIS_py"
                ],
                "attachments": null,
                "outputs": [],
                "execution_count": null
            },
            {
                "cell_type": "code",
                "metadata": {
                    "jupyter": {
                        "source_hidden": false,
                        "outputs_hidden": false
                    },
                    "nteract": {
                        "transient": {
                            "deleting": false
                        }
                    }
                },
                "source": [
                    "obj = eval(object_name)\r\n",
                    "kwargs = eval(kwargs)\r\n",
                    "m = getattr(obj, method_name)\r\n",
                    "result = m(**kwargs)\r\n",
                    "mssparkutils.notebook.exit(result)"
                ],
                "attachments": null,
                "outputs": [],
                "execution_count": null
            }
        ]
    }
}