{
    "name": "p1_create_student_df",
    "properties": {
        "folder": {
            "name": "Chronic Absenteeistm/ML Pipeline"
        },
        "nbformat": 4,
        "nbformat_minor": 2,
        "bigDataPool": {
            "referenceName": "sparkMed1",
            "type": "BigDataPoolReference"
        },
        "sessionProperties": {
            "driverMemory": "56g",
            "driverCores": 8,
            "executorMemory": "56g",
            "executorCores": 8,
            "numExecutors": 2,
            "conf": {
                "spark.dynamicAllocation.enabled": "false",
                "spark.dynamicAllocation.minExecutors": "2",
                "spark.dynamicAllocation.maxExecutors": "2",
                "spark.autotune.trackingId": "59f9ea58-a518-43fc-a107-7773323f1e85"
            }
        },
        "metadata": {
            "saveOutput": true,
            "enableDebugMode": false,
            "kernelspec": {
                "name": "synapse_pyspark",
                "display_name": "Synapse PySpark"
            },
            "language_info": {
                "name": "python"
            },
            "a365ComputeOptions": {
                "id": "/subscriptions/f16d97ba-b733-4436-9564-554a1452b258/resourceGroups/EduAnalytics/providers/Microsoft.Synapse/workspaces/eduanalyticsfusd2/bigDataPools/sparkMed1",
                "name": "sparkMed1",
                "type": "Spark",
                "endpoint": "https://eduanalyticsfusd2.dev.azuresynapse.net/livyApi/versions/2019-11-01-preview/sparkPools/sparkMed1",
                "auth": {
                    "type": "AAD",
                    "authResource": "https://dev.azuresynapse.net"
                },
                "sparkVersion": "2.4",
                "nodeCount": 10,
                "cores": 8,
                "memory": 56
            },
            "sessionKeepAliveTimeout": 30
        },
        "cells": [
            {
                "cell_type": "markdown",
                "metadata": {
                    "nteract": {
                        "transient": {
                            "deleting": false
                        }
                    }
                },
                "source": [
                    "# Create student table\r\n",
                    "- Subset to target students by grade and enrollment window, join with SIS data to select school and demographics columns"
                ]
            },
            {
                "cell_type": "code",
                "source": [
                    "%run OpenEduAnalytics/OEA_py"
                ],
                "outputs": [],
                "execution_count": 1
            },
            {
                "cell_type": "code",
                "metadata": {
                    "jupyter": {
                        "source_hidden": false,
                        "outputs_hidden": false
                    },
                    "nteract": {
                        "transient": {
                            "deleting": false
                        }
                    }
                },
                "source": [
                    "# initialize OEA class instance\r\n",
                    "oea = OEA('saeduanalytics', '319c64c8-b50b-4f7d-be4b-4dc86e85ae84', 'FuSD$14329')"
                ],
                "outputs": [],
                "execution_count": 2
            },
            {
                "cell_type": "code",
                "metadata": {
                    "jupyter": {
                        "source_hidden": false,
                        "outputs_hidden": false
                    },
                    "nteract": {
                        "transient": {
                            "deleting": false
                        }
                    }
                },
                "source": [
                    "# load needed libraries\r\n",
                    "import pyspark.sql.functions as F\r\n",
                    "from pyspark.sql.functions import col"
                ],
                "outputs": [],
                "execution_count": 3
            },
            {
                "cell_type": "code",
                "metadata": {
                    "jupyter": {
                        "source_hidden": false,
                        "outputs_hidden": false
                    },
                    "nteract": {
                        "transient": {
                            "deleting": false
                        }
                    }
                },
                "source": [
                    "# load student and school\r\n",
                    "dfStudent = oea.load('SIS', 'student', oea.stage2p)\r\n",
                    "dfStudentSchool = oea.load('SIS', 'studentschool', oea.stage2p)"
                ],
                "outputs": [],
                "execution_count": 4
            },
            {
                "cell_type": "code",
                "metadata": {
                    "jupyter": {
                        "source_hidden": false,
                        "outputs_hidden": false
                    },
                    "nteract": {
                        "transient": {
                            "deleting": false
                        }
                    }
                },
                "source": [
                    "# subset to target students and year\r\n",
                    "dfStudentSchool = dfStudentSchool.where(col('school_year')==2022)\r\n",
                    "#grades = [\"KG\", \"01\", \"02\", \"03\"] # Only select K-3\r\n",
                    "#grades = [\"04\", \"05\", \"06\"] # Only select 4-6\r\n",
                    "#grades = [\"07\", \"08\", \"09\", \"10\", \"11\", \"12\"] # Only select 7-12\r\n",
                    "#dfStudentSchool = dfStudentSchool.filter(dfStudentSchool[\"grade_level\"].isin(grades))"
                ],
                "outputs": [],
                "execution_count": 5
            },
            {
                "cell_type": "code",
                "metadata": {
                    "jupyter": {
                        "source_hidden": false,
                        "outputs_hidden": false
                    },
                    "nteract": {
                        "transient": {
                            "deleting": false
                        }
                    }
                },
                "source": [
                    "# data exploration, remove redundency\r\n",
                    "print((dfStudentSchool.count(), len(dfStudentSchool.columns)))\r\n",
                    "print((dfStudent.count(), len(dfStudent.columns)))\r\n",
                    "\r\n",
                    "print(dfStudentSchool.groupBy(\"student_id_pseudonym\").count().count())\r\n",
                    "print(dfStudent.groupBy(\"student_number_pseudonym\").count().count())\r\n",
                    "\r\n",
                    "dfStudent = dfStudent.drop_duplicates(['student_number_pseudonym'])\r\n",
                    "dfStudentSchool = dfStudentSchool.drop_duplicates(['student_id_pseudonym'])\r\n",
                    "\r\n",
                    "print((dfStudentSchool.count(), len(dfStudentSchool.columns)))\r\n",
                    "print((dfStudent.count(), len(dfStudent.columns)))"
                ],
                "outputs": [],
                "execution_count": 6
            },
            {
                "cell_type": "code",
                "metadata": {
                    "jupyter": {
                        "source_hidden": false,
                        "outputs_hidden": false
                    },
                    "nteract": {
                        "transient": {
                            "deleting": false
                        }
                    }
                },
                "source": [
                    "# semester date window, flag if school transition\r\n",
                    "dates_sem1 = (\"2021-08-13T00:00:00\",  \"2021-12-17T00:00:00\")\r\n",
                    "dfStudentSchool = dfStudentSchool.withColumn('new_school', F.when(col('entry_date').between(*dates_sem1), 1).otherwise(0))\r\n",
                    "dfStudentSchool.show()"
                ],
                "outputs": [],
                "execution_count": 7
            },
            {
                "cell_type": "code",
                "metadata": {
                    "jupyter": {
                        "source_hidden": false,
                        "outputs_hidden": false
                    },
                    "nteract": {
                        "transient": {
                            "deleting": false
                        }
                    }
                },
                "source": [
                    "# check students with school transition\r\n",
                    "dfStudentSchool.groupBy(['grade_level','new_school']).count().show()"
                ],
                "outputs": [],
                "execution_count": 8
            },
            {
                "cell_type": "code",
                "metadata": {
                    "jupyter": {
                        "source_hidden": false,
                        "outputs_hidden": false
                    },
                    "nteract": {
                        "transient": {
                            "deleting": false
                        }
                    }
                },
                "source": [
                    "# select student columns\r\n",
                    "dfStudent = dfStudent.join(dfStudentSchool, dfStudent.student_number_pseudonym==dfStudentSchool.student_id_pseudonym, how=\"inner\")\r\n",
                    "dfStudent = dfStudent.select('student_id_pseudonym', 'Gender', 'race_code', 'is_hispanic_latino',\r\n",
                    "                             'is_economically_disadvantaged', 'is_ell', 'is_gifted_talented',\r\n",
                    "                             'is_504_plan', 'lunch_status_code', 'grade_level', 'school_id', 'new_school')\r\n",
                    "dfStudent.show(10) # many nulls..."
                ],
                "outputs": [],
                "execution_count": 9
            },
            {
                "cell_type": "code",
                "metadata": {
                    "jupyter": {
                        "source_hidden": false,
                        "outputs_hidden": false
                    },
                    "nteract": {
                        "transient": {
                            "deleting": false
                        }
                    }
                },
                "source": [
                    "# final student size\r\n",
                    "print((dfStudent.count(), len(dfStudent.columns)))"
                ],
                "outputs": [],
                "execution_count": 10
            },
            {
                "cell_type": "code",
                "metadata": {
                    "jupyter": {
                        "source_hidden": false,
                        "outputs_hidden": false
                    },
                    "nteract": {
                        "transient": {
                            "deleting": false
                        }
                    }
                },
                "source": [
                    "# save df\r\n",
                    "storage_account = 'saeduanalytics'\r\n",
                    "stage3 = f'abfss://stage3@{storage_account}.dfs.core.windows.net'\r\n",
                    "dfStudent.write.format('parquet').mode('overwrite').save(stage3 + '/chr_absent/student_table')"
                ],
                "outputs": [],
                "execution_count": 11
            },
            {
                "cell_type": "code",
                "metadata": {
                    "jupyter": {
                        "source_hidden": false,
                        "outputs_hidden": false
                    },
                    "nteract": {
                        "transient": {
                            "deleting": false
                        }
                    }
                },
                "source": [
                    ""
                ],
                "outputs": [],
                "execution_count": null
            },
            {
                "cell_type": "code",
                "metadata": {
                    "jupyter": {
                        "source_hidden": false,
                        "outputs_hidden": false
                    },
                    "nteract": {
                        "transient": {
                            "deleting": false
                        }
                    }
                },
                "source": [
                    ""
                ],
                "outputs": [],
                "execution_count": null
            },
            {
                "cell_type": "code",
                "metadata": {
                    "jupyter": {
                        "source_hidden": false,
                        "outputs_hidden": false
                    },
                    "nteract": {
                        "transient": {
                            "deleting": false
                        }
                    }
                },
                "source": [
                    ""
                ],
                "outputs": [],
                "execution_count": null
            }
        ]
    }
}