{
    "name": "p1_create_attendance_df",
    "properties": {
        "folder": {
            "name": "Chronic Absenteeistm/ML Pipeline"
        },
        "nbformat": 4,
        "nbformat_minor": 2,
        "bigDataPool": {
            "referenceName": "sparkMed1",
            "type": "BigDataPoolReference"
        },
        "sessionProperties": {
            "driverMemory": "56g",
            "driverCores": 8,
            "executorMemory": "56g",
            "executorCores": 8,
            "numExecutors": 2,
            "conf": {
                "spark.dynamicAllocation.enabled": "false",
                "spark.dynamicAllocation.minExecutors": "2",
                "spark.dynamicAllocation.maxExecutors": "2",
                "spark.autotune.trackingId": "1fbf44cb-5973-4350-ab56-610654088c98"
            }
        },
        "metadata": {
            "saveOutput": true,
            "enableDebugMode": false,
            "kernelspec": {
                "name": "synapse_pyspark",
                "display_name": "Synapse PySpark"
            },
            "language_info": {
                "name": "python"
            },
            "a365ComputeOptions": {
                "id": "/subscriptions/f16d97ba-b733-4436-9564-554a1452b258/resourceGroups/EduAnalytics/providers/Microsoft.Synapse/workspaces/eduanalyticsfusd2/bigDataPools/sparkMed1",
                "name": "sparkMed1",
                "type": "Spark",
                "endpoint": "https://eduanalyticsfusd2.dev.azuresynapse.net/livyApi/versions/2019-11-01-preview/sparkPools/sparkMed1",
                "auth": {
                    "type": "AAD",
                    "authResource": "https://dev.azuresynapse.net"
                },
                "sparkVersion": "2.4",
                "nodeCount": 10,
                "cores": 8,
                "memory": 56
            },
            "sessionKeepAliveTimeout": 30
        },
        "cells": [
            {
                "cell_type": "markdown",
                "metadata": {
                    "nteract": {
                        "transient": {
                            "deleting": false
                        }
                    }
                },
                "source": [
                    "# Create attendance table\r\n",
                    "- Load attendance data for train semester, recode attendance codes, aggregate as counts\r\n",
                    "- Find attendance labels (chronic abs = 1, not chronic abs = 0)"
                ]
            },
            {
                "cell_type": "code",
                "source": [
                    "%run OpenEduAnalytics/OEA_py"
                ],
                "outputs": [],
                "execution_count": 1
            },
            {
                "cell_type": "code",
                "metadata": {
                    "jupyter": {
                        "source_hidden": false,
                        "outputs_hidden": false
                    },
                    "nteract": {
                        "transient": {
                            "deleting": false
                        }
                    }
                },
                "source": [
                    "oea = OEA('saeduanalytics', '319c64c8-b50b-4f7d-be4b-4dc86e85ae84', 'FuSD$14329')"
                ],
                "outputs": [],
                "execution_count": 2
            },
            {
                "cell_type": "code",
                "metadata": {
                    "jupyter": {
                        "source_hidden": false,
                        "outputs_hidden": false
                    },
                    "nteract": {
                        "transient": {
                            "deleting": false
                        }
                    }
                },
                "source": [
                    "import pyspark.sql.functions as F\r\n",
                    "from pyspark.sql.functions import col"
                ],
                "outputs": [],
                "execution_count": 3
            },
            {
                "cell_type": "code",
                "metadata": {
                    "jupyter": {
                        "source_hidden": false,
                        "outputs_hidden": false
                    },
                    "nteract": {
                        "transient": {
                            "deleting": false
                        }
                    }
                },
                "source": [
                    "# get attendance data\r\n",
                    "\r\n",
                    "dfAttendance = oea.load('SIS', 'studentattendance', oea.stage2p)\r\n",
                    "\r\n",
                    "# 'ExcusedAbsence', 'Present', 'UnexcusedAbsence', 'Tardy'\r\n",
                    "dates_sem1 = (\"2021-08-13T00:00:00\",  \"2021-12-17T00:00:00\")\r\n",
                    "\r\n",
                    "dfAttendanceForTraining = dfAttendance.where(col('attendance_date').between(*dates_sem1))\r\n",
                    "\r\n",
                    "dates_sem2 = (\"2022-01-10T00:00:00\",  \"2022-03-18T00:00:00\")\r\n",
                    "\r\n",
                    "dfAttendanceForLabels = dfAttendance.where(col('attendance_date').between(*dates_sem2))"
                ],
                "outputs": [],
                "execution_count": 4
            },
            {
                "cell_type": "code",
                "metadata": {
                    "jupyter": {
                        "source_hidden": false,
                        "outputs_hidden": false
                    },
                    "nteract": {
                        "transient": {
                            "deleting": false
                        }
                    }
                },
                "source": [
                    "# separate attendance data into model train and model test\r\n",
                    "\r\n",
                    "dfAttendanceTraining = dfAttendanceForTraining.groupBy(\"student_id_pseudonym\").pivot(\"AttendanceCode\").count()\r\n",
                    "dfAttendanceTraining = dfAttendanceTraining.na.fill(value=0)\r\n",
                    "dfAttendanceLabels = dfAttendanceForLabels.groupBy(\"student_id_pseudonym\").pivot(\"attendance_status\").count()\r\n",
                    "dfAttendanceLabels = dfAttendanceLabels.na.fill(value=0)"
                ],
                "outputs": [],
                "execution_count": 5
            },
            {
                "cell_type": "code",
                "metadata": {
                    "jupyter": {
                        "source_hidden": false,
                        "outputs_hidden": false
                    },
                    "nteract": {
                        "transient": {
                            "deleting": false
                        }
                    }
                },
                "source": [
                    "# calculate absence count and precent\r\n",
                    "\r\n",
                    "dfAttendanceLabels = dfAttendanceLabels.withColumn('total', sum(dfAttendanceLabels[col] for col in [\"ExcusedAbsence\", \"Present\", \"Tardy\", \"UnexcusedAbsence\"]))\r\n",
                    "dfAttendanceLabels = dfAttendanceLabels.withColumn('absence_ratio', ((F.col(\"UnexcusedAbsence\") + F.col(\"ExcusedAbsence\"))/F.col(\"total\")))"
                ],
                "outputs": [],
                "execution_count": 6
            },
            {
                "cell_type": "code",
                "metadata": {
                    "jupyter": {
                        "source_hidden": false,
                        "outputs_hidden": false
                    },
                    "nteract": {
                        "transient": {
                            "deleting": false
                        }
                    }
                },
                "source": [
                    "dfAttendanceLabels.show()"
                ],
                "outputs": [],
                "execution_count": 7
            },
            {
                "cell_type": "code",
                "metadata": {
                    "jupyter": {
                        "source_hidden": false,
                        "outputs_hidden": false
                    },
                    "nteract": {
                        "transient": {
                            "deleting": false
                        }
                    }
                },
                "source": [
                    "# rename attendance codes with descriptors\r\n",
                    "dfAttendanceTraining = dfAttendanceTraining.withColumnRenamed(\"A\",\"Absent\") \\\r\n",
                    "                                           .withColumnRenamed(\"BR\",\"Bereavement\") \\\r\n",
                    "                                           .withColumnRenamed(\"C\",\"Class_Cut\") \\\r\n",
                    "                                           .withColumnRenamed(\"E\",\"School_Business\") \\\r\n",
                    "                                           .withColumnRenamed(\"EX\",\"Excused_Absence\") \\\r\n",
                    "                                           .withColumnRenamed(\"G\",\"Alternative_to_Suspension\") \\\r\n",
                    "                                           .withColumnRenamed(\"H\",\"Health_Care_Paraprofessional\") \\\r\n",
                    "                                           .withColumnRenamed(\"I\",\"Medical\") \\\r\n",
                    "                                           .withColumnRenamed(\"IS\",\"Out_to_Independent_Study\") \\\r\n",
                    "                                           .withColumnRenamed(\"J\",\"Late_Excused\") \\\r\n",
                    "                                           .withColumnRenamed(\"L\",\"Tardy_more_than_30_minutes\") \\\r\n",
                    "                                           .withColumnRenamed(\"N\",\"No_Clearance\") \\\r\n",
                    "                                           .withColumnRenamed(\"P\",\"Present\") \\\r\n",
                    "                                           .withColumnRenamed(\"PI\",\"Present_In_Person\") \\\r\n",
                    "                                           .withColumnRenamed(\"PR\",\"Parent_Request_Penalty\") \\\r\n",
                    "                                           .withColumnRenamed(\"PV\",\"Present_Virtual\") \\\r\n",
                    "                                           .withColumnRenamed(\"Q\",\"Medical_Quarantine\") \\\r\n",
                    "                                           .withColumnRenamed(\"R\",\"Personal_Justifiable_Absence\") \\\r\n",
                    "                                           .withColumnRenamed(\"S\",\"Suspension\") \\\r\n",
                    "                                           .withColumnRenamed(\"T\",\"Tardy\") \\\r\n",
                    "                                           .withColumnRenamed(\"W\",\"Emotional\") \\\r\n",
                    "                                           .withColumnRenamed(\"X\",\"Exclude_Immunization\") \\\r\n",
                    "                                           .withColumnRenamed(\"Z\",\"Independent_Study_Completed\") \\"
                ],
                "outputs": [],
                "execution_count": 8
            },
            {
                "cell_type": "code",
                "metadata": {
                    "jupyter": {
                        "source_hidden": false,
                        "outputs_hidden": false
                    },
                    "nteract": {
                        "transient": {
                            "deleting": false
                        }
                    }
                },
                "source": [
                    "# rename student id cols to align later\r\n",
                    "\r\n",
                    "# Note: Truant flag codes, A, C, L, N, PR. Potentially add this as an additional feature\r\n",
                    "# Note: H, I, Q, W, X might be useful for medical info\r\n",
                    "dfAttendanceTraining = dfAttendanceTraining.withColumnRenamed(\"student_id_pseudonym\",\"student_id\")\r\n",
                    "dfAttendanceLabels = dfAttendanceLabels.withColumnRenamed(\"student_id_pseudonym\",\"student_id\")"
                ],
                "outputs": [],
                "execution_count": 9
            },
            {
                "cell_type": "code",
                "metadata": {
                    "jupyter": {
                        "source_hidden": false,
                        "outputs_hidden": false
                    },
                    "nteract": {
                        "transient": {
                            "deleting": false
                        }
                    }
                },
                "source": [
                    "# save df\r\n",
                    "storage_account = 'saeduanalytics'\r\n",
                    "stage3 = f'abfss://stage3@{storage_account}.dfs.core.windows.net'\r\n",
                    "dfAttendanceTraining.write.format('parquet').mode('overwrite').save(stage3 + '/chr_absent/attendance_table')\r\n",
                    "dfAttendanceLabels.write.format('parquet').mode('overwrite').save(stage3 + '/chr_absent/labels_table')"
                ],
                "outputs": [],
                "execution_count": 10
            },
            {
                "cell_type": "code",
                "metadata": {
                    "jupyter": {
                        "source_hidden": false,
                        "outputs_hidden": false
                    },
                    "nteract": {
                        "transient": {
                            "deleting": false
                        }
                    }
                },
                "source": [
                    ""
                ],
                "outputs": [],
                "execution_count": null
            },
            {
                "cell_type": "code",
                "metadata": {
                    "jupyter": {
                        "source_hidden": false,
                        "outputs_hidden": false
                    },
                    "nteract": {
                        "transient": {
                            "deleting": false
                        }
                    }
                },
                "source": [
                    ""
                ],
                "outputs": [],
                "execution_count": null
            }
        ]
    }
}