{
    "name": "p1_create_m365activity_df",
    "properties": {
        "folder": {
            "name": "Chronic Absenteeistm/ML Pipeline"
        },
        "nbformat": 4,
        "nbformat_minor": 2,
        "bigDataPool": {
            "referenceName": "sparkMed1",
            "type": "BigDataPoolReference"
        },
        "sessionProperties": {
            "driverMemory": "56g",
            "driverCores": 8,
            "executorMemory": "56g",
            "executorCores": 8,
            "numExecutors": 2,
            "conf": {
                "spark.dynamicAllocation.enabled": "false",
                "spark.dynamicAllocation.minExecutors": "2",
                "spark.dynamicAllocation.maxExecutors": "2",
                "spark.autotune.trackingId": "ea2a62cb-6798-4825-9164-abbdf0c80daf"
            }
        },
        "metadata": {
            "saveOutput": true,
            "enableDebugMode": false,
            "kernelspec": {
                "name": "synapse_pyspark",
                "display_name": "Synapse PySpark"
            },
            "language_info": {
                "name": "python"
            },
            "a365ComputeOptions": {
                "id": "/subscriptions/f16d97ba-b733-4436-9564-554a1452b258/resourceGroups/EduAnalytics/providers/Microsoft.Synapse/workspaces/eduanalyticsfusd2/bigDataPools/sparkMed1",
                "name": "sparkMed1",
                "type": "Spark",
                "endpoint": "https://eduanalyticsfusd2.dev.azuresynapse.net/livyApi/versions/2019-11-01-preview/sparkPools/sparkMed1",
                "auth": {
                    "type": "AAD",
                    "authResource": "https://dev.azuresynapse.net"
                },
                "sparkVersion": "2.4",
                "nodeCount": 10,
                "cores": 8,
                "memory": 56
            },
            "sessionKeepAliveTimeout": 30
        },
        "cells": [
            {
                "cell_type": "markdown",
                "metadata": {
                    "nteract": {
                        "transient": {
                            "deleting": false
                        }
                    }
                },
                "source": [
                    "# Create Activity table\r\n",
                    "- Insights digital activity data"
                ]
            },
            {
                "cell_type": "code",
                "source": [
                    "%run OpenEduAnalytics/OEA_py"
                ],
                "outputs": [],
                "execution_count": 11
            },
            {
                "cell_type": "code",
                "metadata": {
                    "jupyter": {
                        "source_hidden": false,
                        "outputs_hidden": false
                    },
                    "nteract": {
                        "transient": {
                            "deleting": false
                        }
                    }
                },
                "source": [
                    "oea = OEA('saeduanalytics', '319c64c8-b50b-4f7d-be4b-4dc86e85ae84', 'FuSD$14329')"
                ],
                "outputs": [],
                "execution_count": 12
            },
            {
                "cell_type": "code",
                "metadata": {
                    "jupyter": {
                        "source_hidden": false,
                        "outputs_hidden": false
                    },
                    "nteract": {
                        "transient": {
                            "deleting": false
                        }
                    }
                },
                "source": [
                    "import pyspark.sql.functions as F\r\n",
                    "from pyspark.sql.functions import col"
                ],
                "outputs": [],
                "execution_count": 13
            },
            {
                "cell_type": "code",
                "metadata": {
                    "jupyter": {
                        "source_hidden": false,
                        "outputs_hidden": false
                    },
                    "nteract": {
                        "transient": {
                            "deleting": false
                        }
                    }
                },
                "source": [
                    "df = oea.load('M365', 'TechActivity', oea.stage2p)\r\n",
                    "dates_sem1 = (\"2021-08-13T00:00:00\",  \"2021-12-17T00:00:00\")\r\n",
                    "dfActivity = df.where(col('StartTime').between(*dates_sem1))\r\n",
                    "\r\n",
                    "dfActivity = dfActivity.withColumn(\"date_only\", F.to_date(col(\"StartTime\")))\r\n",
                    "\r\n",
                    "dfActivity = dfActivity.groupBy(\"ActorId_pseudonym\", \"date_only\").pivot(\"SignalType\").count()\r\n",
                    "dfActivity.show()"
                ],
                "outputs": [],
                "execution_count": 14
            },
            {
                "cell_type": "code",
                "metadata": {
                    "jupyter": {
                        "source_hidden": false,
                        "outputs_hidden": false
                    },
                    "nteract": {
                        "transient": {
                            "deleting": false
                        }
                    }
                },
                "source": [
                    "dfActivity = dfActivity.na.fill(value=0)\r\n",
                    "dfActivity = dfActivity.groupBy(\"ActorId_pseudonym\").sum(\"AddedToSharedWithMe\", \"AssignmentEvent\", \"CallRecordSummarized\", \"CommentCreated\", \"ExpandChannelMessage\", \"FileAccessed\", \"FileDownloaded\", \"FileModified\", \"FileUploaded\", \"OneNotePageChanged\", \"PostChannelMessage\", \"ReactedWithEmoji\", \"ReplyChannelMessage\", \"ShareNotificationRequested\", \"SubmissionEvent\", \"UserAtMentioned\", \"VisitTeamChannel\")\r\n",
                    "#dfActivity.show()"
                ],
                "outputs": [],
                "execution_count": 15
            },
            {
                "cell_type": "code",
                "metadata": {
                    "jupyter": {
                        "source_hidden": false,
                        "outputs_hidden": false
                    },
                    "nteract": {
                        "transient": {
                            "deleting": false
                        }
                    }
                },
                "source": [
                    "#df = dfWithLabels.join(dfActivity, dfWithLabels.student_id_pseudonym==dfActivity.ActorId_pseudonym, how=\"inner\")\r\n",
                    "dfPersonM365 = oea.load('M365', 'AadUser', oea.stage2p)\r\n",
                    "dfPersonM365 = dfPersonM365.select(\"ObjectId_pseudonym\", \"StudentId_pseudonym\")\r\n",
                    "dfM365 = dfPersonM365.join(dfActivity, dfPersonM365.ObjectId_pseudonym==dfActivity.ActorId_pseudonym, how=\"inner\")\r\n",
                    "dfM365 = dfM365.drop(\"ObjectId_pseudonym\")\r\n",
                    "dfM365 = dfM365.drop(\"ActorId_pseudonym\")\r\n",
                    "#print((df.count(), len(df.columns)))"
                ],
                "outputs": [],
                "execution_count": 16
            },
            {
                "cell_type": "code",
                "metadata": {
                    "jupyter": {
                        "source_hidden": false,
                        "outputs_hidden": false
                    },
                    "nteract": {
                        "transient": {
                            "deleting": false
                        }
                    }
                },
                "source": [
                    "dfM365 = dfM365.withColumnRenamed(\"sum(AddedToSharedWithMe)\",\"activity_AddedToSharedWithMe\") \\\r\n",
                    "       .withColumnRenamed(\"sum(AssignmentEvent)\",\"activity_AssignmentEvent\") \\\r\n",
                    "       .withColumnRenamed(\"sum(CallRecordSummarized)\",\"activity_CallRecordSummarized\") \\\r\n",
                    "       .withColumnRenamed(\"sum(CommentCreated)\",\"activity_CommentCreated\") \\\r\n",
                    "       .withColumnRenamed(\"sum(ExpandChannelMessage)\",\"activity_ExpandChannelMessage\") \\\r\n",
                    "       .withColumnRenamed(\"sum(FileAccessed)\",\"activity_FileAccessed\") \\\r\n",
                    "       .withColumnRenamed(\"sum(FileDownloaded)\",\"activity_FileDownloaded\") \\\r\n",
                    "       .withColumnRenamed(\"sum(FileModified)\",\"activity_FileModified\") \\\r\n",
                    "       .withColumnRenamed(\"sum(FileUploaded)\",\"activity_FileUploaded\") \\\r\n",
                    "       .withColumnRenamed(\"sum(OneNotePageChanged)\",\"activity_OneNotePageChanged\") \\\r\n",
                    "       .withColumnRenamed(\"sum(PostChannelMessage)\",\"activity_PostChannelMessage\") \\\r\n",
                    "       .withColumnRenamed(\"sum(ReactedWithEmoji)\",\"activity_ReactedWithEmoji\") \\\r\n",
                    "       .withColumnRenamed(\"sum(ReplyChannelMessage)\",\"activity_ReplyChannelMessage\") \\\r\n",
                    "       .withColumnRenamed(\"sum(ShareNotificationRequested)\",\"activity_ShareNotificationRequested\") \\\r\n",
                    "       .withColumnRenamed(\"sum(SubmissionEvent)\",\"activity_SubmissionEvent\") \\\r\n",
                    "       .withColumnRenamed(\"sum(UserAtMentioned)\",\"activity_UserAtMentioned\") \\\r\n",
                    "       .withColumnRenamed(\"sum(VisitTeamChannel)\",\"activity_VisitTeamChannel\") \\"
                ],
                "outputs": [],
                "execution_count": 17
            },
            {
                "cell_type": "code",
                "metadata": {
                    "jupyter": {
                        "source_hidden": false,
                        "outputs_hidden": false
                    },
                    "nteract": {
                        "transient": {
                            "deleting": false
                        }
                    }
                },
                "source": [
                    "# save df\r\n",
                    "storage_account = 'saeduanalytics'\r\n",
                    "stage3 = f'abfss://stage3@{storage_account}.dfs.core.windows.net'\r\n",
                    "dfM365.write.format('parquet').mode('overwrite').save(stage3 + '/chr_absent/m365_table')"
                ],
                "outputs": [],
                "execution_count": 18
            }
        ]
    }
}