{
    "name": "Load_data_into_Stage2_and_pseudonymize",
    "properties": {
        "activities": [
            {
                "name": "Load ContosoSIS data into Stage2",
                "type": "SynapseNotebook",
                "dependsOn": [],
                "policy": {
                    "timeout": "7.00:00:00",
                    "retry": 0,
                    "retryIntervalInSeconds": 30,
                    "secureOutput": false,
                    "secureInput": false
                },
                "userProperties": [],
                "typeProperties": {
                    "notebook": {
                        "referenceName": "OEA_connector",
                        "type": "NotebookReference"
                    },
                    "parameters": {
                        "object_name": {
                            "value": "contoso_sis",
                            "type": "string"
                        },
                        "method_name": {
                            "value": "ingest",
                            "type": "string"
                        }
                    },
                    "snapshot": true
                }
            },
            {
                "name": "Load m365 data into Stage2",
                "type": "SynapseNotebook",
                "dependsOn": [],
                "policy": {
                    "timeout": "7.00:00:00",
                    "retry": 0,
                    "retryIntervalInSeconds": 30,
                    "secureOutput": false,
                    "secureInput": false
                },
                "userProperties": [],
                "typeProperties": {
                    "notebook": {
                        "referenceName": "OEA_connector",
                        "type": "NotebookReference"
                    },
                    "parameters": {
                        "object_name": {
                            "value": "m365",
                            "type": "string"
                        },
                        "method_name": {
                            "value": "process_roster_from_stage1",
                            "type": "string"
                        }
                    },
                    "snapshot": true
                }
            },
            {
                "name": "ingest activity data",
                "type": "SynapseNotebook",
                "dependsOn": [
                    {
                        "activity": "Load m365 data into Stage2",
                        "dependencyConditions": [
                            "Succeeded"
                        ]
                    }
                ],
                "policy": {
                    "timeout": "7.00:00:00",
                    "retry": 0,
                    "retryIntervalInSeconds": 30,
                    "secureOutput": false,
                    "secureInput": false
                },
                "userProperties": [],
                "typeProperties": {
                    "notebook": {
                        "referenceName": "OEA_connector",
                        "type": "NotebookReference"
                    },
                    "parameters": {
                        "object_name": {
                            "value": "m365",
                            "type": "string"
                        },
                        "method_name": {
                            "value": "process_activity_data_from_stage1",
                            "type": "string"
                        }
                    },
                    "snapshot": true
                }
            }
        ],
        "folder": {
            "name": "Data_ML_pipeline"
        },
        "annotations": [],
        "lastPublishTime": "2021-12-20T01:37:11Z"
    },
    "type": "Microsoft.Synapse/workspaces/pipelines"
}