{"$schema":"http://schema.management.azure.com/schemas/2015-01-01/deploymentTemplate.json#","contentVersion":"1.0.0.0","parameters":{"workspaceName":{"type":"string","metadata":"Workspace name","defaultValue":"syn-oea-hybriddev4"},"LS_SQL_Serverless_OEA":{"type":"string"},"LS_ADLS_OEA":{"type":"string"}},"variables":{"workspaceId":"[concat('Microsoft.Synapse/workspaces/', parameters('workspaceName'))]"},"resources":[{"name":"[concat(parameters('workspaceName'), '/Insights_main_pipeline')]","type":"Microsoft.Synapse/workspaces/pipelines","apiVersion":"2019-06-01-preview","properties":{"activities":[{"name":"ingest into stage2p and stage2np","type":"SynapseNotebook","dependsOn":[],"policy":{"timeout":"7.00:00:00","retry":0,"retryIntervalInSeconds":30,"secureOutput":false,"secureInput":false},"userProperties":[],"typeProperties":{"notebook":{"referenceName":"NEW_Insights_module_setup","type":"NotebookReference"},"snapshot":true}},{"name":"If create_sql_db","type":"IfCondition","dependsOn":[{"activity":"ingest into stage2p and stage2np","dependencyConditions":["Succeeded"]}],"userProperties":[],"typeProperties":{"expression":{"value":"@pipeline().parameters.create_sql_db","type":"Expression"},"ifTrueActivities":[{"name":"create_sql_db","type":"ExecutePipeline","dependsOn":[],"userProperties":[],"typeProperties":{"pipeline":{"referenceName":"create_sql_db","type":"PipelineReference"},"waitOnCompletion":true,"parameters":{"storageAccount":{"value":"@pipeline().parameters.storageAccount","type":"Expression"},"sourceDirectory":{"value":"@pipeline().parameters.sourceDirectory","type":"Expression"},"stage":"2"}}}]}},{"name":"If create_lake_db","type":"IfCondition","dependsOn":[{"activity":"ingest into stage2p and stage2np","dependencyConditions":["Succeeded"]}],"userProperties":[],"typeProperties":{"expression":{"value":"@pipeline().parameters.create_lake_db","type":"Expression"},"ifTrueActivities":[{"name":"create_lake_db","type":"ExecutePipeline","dependsOn":[],"userProperties":[],"typeProperties":{"pipeline":{"referenceName":"create_lake_db","type":"PipelineReference"},"waitOnCompletion":true,"parameters":{"stageNum":"2","sourceDirectory":{"value":"@pipeline().parameters.sourceDirectory","type":"Expression"}}}}]}}],"policy":{"elapsedTimeMetric":{},"cancelAfter":{}},"parameters":{"storageAccount":{"type":"string","defaultValue":"stoeahybriddev4"},"sourceDirectory":{"type":"string","defaultValue":"insights"},"create_sql_db":{"type":"bool","defaultValue":true},"create_lake_db":{"type":"bool","defaultValue":true}},"folder":{"name":"Insights Module"},"annotations":[],"lastPublishTime":"2021-11-23T20:25:17Z"},"dependsOn":["[concat(variables('workspaceId'), '/notebooks/NEW_Insights_module_setup')]","[concat(variables('workspaceId'), '/pipelines/create_sql_db')]","[concat(variables('workspaceId'), '/pipelines/create_lake_db')]"]},{"name":"[concat(parameters('workspaceName'), '/NEW_Insights_module_setup')]","type":"Microsoft.Synapse/workspaces/notebooks","apiVersion":"2019-06-01-preview","properties":{"folder":{"name":"Insights Module"},"nbformat":4,"nbformat_minor":2,"bigDataPool":{"referenceName":"med","type":"BigDataPoolReference"},"sessionProperties":{"driverMemory":"56g","driverCores":8,"executorMemory":"56g","executorCores":8,"numExecutors":2,"conf":{"spark.dynamicAllocation.enabled":"false","spark.dynamicAllocation.minExecutors":"2","spark.dynamicAllocation.maxExecutors":"2","spark.autotune.trackingId":"8bb0411e-3202-4940-a551-c6c5839c0661"}},"metadata":{"saveOutput":true,"synapse_widget":{"version":"0.1","state":{"6d6e5946-0981-4f2c-9e01-d4abb8933977":{"type":"Synapse.DataFrame","sync_state":{"table":{"rows":[{"0":"PostChannelMessage","1":"2021-06-02 14:48:11.0000000","3":"AAMkAGRlM2ViNzg5LWMzOGEtNGYyMC05MTFhLWE5MzAxNTk3NjMzNwBGAAAAAAD6n_vRPyLsQ4uBYtj1MoVQBwBONi1figD3Spv1d4sN1luqAAAAAGZ3AABONi1figD3Spv1d4sN1luqAADDKaaJAAA=","5":"9ab188a9-815d-411d-83a3-a98b56a6c614","6":"19:20990825150f4da78ffdcd6a05cfa2e2@thread.tacv2","7":"Teams","8":"5ddbce29-3ab9-405d-9350-05945a8a8542","9":"Student","10":"1.1"},{"0":"ReplyChannelMessage","1":"2021-06-02 16:36:46.0000000","3":"AAMkAGRlM2ViNzg5LWMzOGEtNGYyMC05MTFhLWE5MzAxNTk3NjMzNwBGAAAAAAD6n_vRPyLsQ4uBYtj1MoVQBwBONi1figD3Spv1d4sN1luqAAAAAGZ3AABONi1figD3Spv1d4sN1luqAADDKaaRAAA=","5":"9ab188a9-815d-411d-83a3-a98b56a6c614","6":"19:20990825150f4da78ffdcd6a05cfa2e2@thread.tacv2","7":"Teams","8":"5ddbce29-3ab9-405d-9350-05945a8a8542","9":"Student","10":"1.1"},{"0":"PostChannelMessage","1":"2021-06-02 14:45:34.0000000","3":"AAMkADg2NDk3MmIwLTM5NDUtNGQwZS04NDQzLTM5MjViMjZiYzFiNABGAAAAAAAEYRCcXVmaTYyFMuIJ9RetBwDPLnXMbt9HQaxJaYXomUUhAAAAAAEnAADPLnXMbt9HQaxJaYXomUUhAADC-nCbAAA=","5":"5e0407f7-c973-4f25-9cef-302117b080c6","6":"19:1500af388f6647739e2300bdc1db53a2@thread.tacv2","7":"Teams","8":"7951c64a-b45d-4adb-8842-5e7ab60d17e1","10":"1.1"},{"0":"ReplyChannelMessage","1":"2021-06-02 14:45:58.0000000","3":"AAMkADg2NDk3MmIwLTM5NDUtNGQwZS04NDQzLTM5MjViMjZiYzFiNABGAAAAAAAEYRCcXVmaTYyFMuIJ9RetBwDPLnXMbt9HQaxJaYXomUUhAAAAAAEnAADPLnXMbt9HQaxJaYXomUUhAADC-nCcAAA=","5":"5e0407f7-c973-4f25-9cef-302117b080c6","6":"19:1500af388f6647739e2300bdc1db53a2@thread.tacv2","7":"Teams","8":"7951c64a-b45d-4adb-8842-5e7ab60d17e1","10":"1.1"},{"0":"PostChannelMessage","1":"2021-06-02 14:45:34.0000000","3":"AAMkADg2NDk3MmIwLTM5NDUtNGQwZS04NDQzLTM5MjViMjZiYzFiNABGAAAAAAAEYRCcXVmaTYyFMuIJ9RetBwDPLnXMbt9HQaxJaYXomUUhAAAAAAEnAADPLnXMbt9HQaxJaYXomUUhAADC-nCbAAA=","5":"5e0407f7-c973-4f25-9cef-302117b080c6","6":"19:1500af388f6647739e2300bdc1db53a2@thread.tacv2","7":"Teams","8":"7951c64a-b45d-4adb-8842-5e7ab60d17e1","10":"1.1"}],"schema":[{"key":"0","name":"_c0","type":"string"},{"key":"1","name":"_c1","type":"string"},{"key":"2","name":"_c2","type":"string"},{"key":"3","name":"_c3","type":"string"},{"key":"4","name":"_c4","type":"string"},{"key":"5","name":"_c5","type":"string"},{"key":"6","name":"_c6","type":"string"},{"key":"7","name":"_c7","type":"string"},{"key":"8","name":"_c8","type":"string"},{"key":"9","name":"_c9","type":"string"},{"key":"10","name":"_c10","type":"string"},{"key":"11","name":"_c11","type":"string"},{"key":"12","name":"_c12","type":"string"},{"key":"13","name":"_c13","type":"string"},{"key":"14","name":"_c14","type":"string"},{"key":"15","name":"_c15","type":"string"},{"key":"16","name":"_c16","type":"string"},{"key":"17","name":"_c17","type":"string"},{"key":"18","name":"_c18","type":"string"}]},"isSummary":false,"language":"scala"},"persist_state":{"view":{"type":"details","tableOptions":{},"chartOptions":{"chartType":"bar","aggregationType":"count","categoryFieldKeys":["0"],"seriesFieldKeys":["0"],"isStacked":false}}}}}},"enableDebugMode":false,"kernelspec":{"name":"synapse_pyspark","display_name":"Synapse PySpark"},"language_info":{"name":"python"},"a365ComputeOptions":{"id":"/subscriptions/7b9a4896-4541-483f-bdc7-d8f4ec6be3ee/resourceGroups/rg-oea-hybriddev4/providers/Microsoft.Synapse/workspaces/syn-oea-hybriddev4/bigDataPools/med","name":"med","type":"Spark","endpoint":"https://syn-oea-hybriddev4.dev.azuresynapse.net/livyApi/versions/2019-11-01-preview/sparkPools/med","auth":{"type":"AAD","authResource":"https://dev.azuresynapse.net"},"sparkVersion":"2.4","nodeCount":10,"cores":8,"memory":56,"extraHeader":null}},"cells":[{"cell_type":"markdown","metadata":{"nteract":{"transient":{"deleting":false}}},"source":["# Microsoft Insights Module Example Notebook\r\n","This notebook creates 26 tables into two new Spark databases called s2np_insights and s2p_insights.\r\n","\r\n","s2p_insights is utilized for the Graph Reports API PowerBI dashboard provided"],"attachments":null},{"cell_type":"markdown","metadata":{"nteract":{"transient":{"deleting":false}}},"source":["### Provision storage accounts\r\n","\r\n","The storage account variable has to be changed to the name of the storage account associated with your Azure resource group."],"attachments":null},{"cell_type":"code","metadata":{"jupyter":{"source_hidden":false,"outputs_hidden":false},"nteract":{"transient":{"deleting":false}}},"source":["from pyspark.sql.types import StructType, StructField, StringType, IntegerType, DoubleType, ArrayType\r\n","from pyspark.sql.functions import *\r\n","from pyspark.sql.window import Window\r\n","from faker import Faker\r\n","import datetime\r\n","\r\n","\r\n","# data lake and container information\r\n","storage_account = 'stoeahybriddev4'\r\n","use_test_env = False\r\n","\r\n","if use_test_env:\r\n","    stage1np = 'abfss://test-env@' + storage_account + '.dfs.core.windows.net/stage1np'\r\n","    stage2np = 'abfss://test-env@' + storage_account + '.dfs.core.windows.net/stage2np'\r\n","    stage2p = 'abfss://test-env@' + storage_account + '.dfs.core.windows.net/stage2p'\r\n","else:\r\n","    stage1np = 'abfss://stage1np@' + storage_account + '.dfs.core.windows.net'\r\n","    stage2np = 'abfss://stage2np@' + storage_account + '.dfs.core.windows.net'\r\n","    stage2p = 'abfss://stage2p@' + storage_account + '.dfs.core.windows.net'"],"attachments":null,"outputs":[{"output_type":"display_data","data":{"application/vnd.livy.statement-meta+json":{"spark_pool":"med","session_id":10,"statement_id":1,"state":"finished","livy_statement_state":"available","queued_time":"2021-11-05T15:09:48.1764697Z","session_start_time":"2021-11-05T15:09:48.2158772Z","execution_start_time":"2021-11-05T15:12:24.2226505Z","execution_finish_time":"2021-11-05T15:12:24.3674727Z"},"text/plain":"StatementMeta(med, 10, 1, Finished, Available)"},"metadata":{}}],"execution_count":1},{"cell_type":"markdown","metadata":{"nteract":{"transient":{"deleting":false}}},"source":["### Load Raw Data from Lake\r\n","To ensure that that the right tables are loaded, confirm that the file paths match your data lake storage containers. \r\n","\r\n","The top cell sets the date of the data to be processed (this is currently set up to process the test data). \r\n","\r\n","To process your own data:\r\n"," - Uncomment the top four lines of code (lines 2, 3, 4, and 5)\r\n"," - Comment out the last two line of code (lines 6 and 7)"],"attachments":null},{"cell_type":"code","metadata":{"jupyter":{"source_hidden":false,"outputs_hidden":false},"nteract":{"transient":{"deleting":false}}},"source":["# Set the date to be processed\r\n","#today = datetime.datetime.now()\r\n","#date1 = today.strftime('%Y-%m-%d')\r\n","#date1.cast('string')\r\n","#date2 = date1\r\n","date1 = \"2021-06-02\"\r\n","date2 = \"2021-09-05\""],"attachments":null,"outputs":[{"output_type":"display_data","data":{"application/vnd.livy.statement-meta+json":{"spark_pool":"med","session_id":10,"statement_id":2,"state":"finished","livy_statement_state":"available","queued_time":"2021-11-05T15:09:50.3141357Z","session_start_time":null,"execution_start_time":"2021-11-05T15:12:24.4771817Z","execution_finish_time":"2021-11-05T15:12:24.4772966Z"},"text/plain":"StatementMeta(med, 10, 2, Finished, Available)"},"metadata":{}}],"execution_count":2},{"cell_type":"code","metadata":{"jupyter":{"source_hidden":false,"outputs_hidden":false},"nteract":{"transient":{"deleting":false}}},"source":["# load needed activity table(s) from data lake storage\r\n","dfActivityRaw = spark.read.format('csv').load(f'{stage1np}/M365/activity/'+ date1 + '/*.csv')\r\n","# load needed roster tables from data lake storage\r\n","#dfAADGroupRaw = spark.read.format('csv').load(f'{stage1np}/M365/roster/' + date2 + '*/AadGroup/*.csv')\r\n","#dfAADGroupMembershipRaw = spark.read.format('csv').load(f'{stage1np}/M365/roster/' + date2 + '*/AadGroupMembership/*.csv')\r\n","#dfAADUserRaw = spark.read.format('csv').load(f'{stage1np}/M365/roster/' + date2 + '*/AadUser/*.csv')\r\n","#dfAADUserPersonMappingRaw = spark.read.format('csv').load(f'{stage1np}/M365/roster/' + date2 + '*/AadUserPersonMapping/*.csv')\r\n","#dfCourseRaw = spark.read.format('csv').load(f'{stage1np}/M365/roster/' + date2 + '*/Course/*.csv')\r\n","#dfCourseGradeLevelRaw = spark.read.format('csv').load(f'{stage1np}/M365/roster/' + date2 + '*/CourseGradeLevel/*.csv')\r\n","#dfCourseSubjectRaw = spark.read.format('csv').load(f'{stage1np}/M365/roster/' + date2 + '*/CourseSubject/*.csv')\r\n","#dfEnrollmentRaw = spark.read.format('csv').load(f'{stage1np}/M365/roster/' + date2 + '*/Enrollment/*.csv')\r\n","#dfOrganizationRaw = spark.read.format('csv').load(f'{stage1np}/M365/roster/' + date2 + '*/Organization/*.csv')\r\n","#dfPersonRaw = spark.read.format('csv').load(f'{stage1np}/M365/roster/' + date2 + '*/Person/*.csv')\r\n","#dfPersonDemographicRaw = spark.read.format('csv').load(f'{stage1np}/M365/roster/' + date2 + '*/PersonDemographic/*.csv')\r\n","#dfPersonDemographicEthnicityRaw = spark.read.format('csv').load(f'{stage1np}/M365/roster/' + date2 + '*/PersonDemographicEthnicity/*.csv')\r\n","#dfPersonDemographicPersonFlagRaw = spark.read.format('csv').load(f'{stage1np}/M365/roster/' + date2 + '*/PersonDemographicPersonFlag/*.csv')\r\n","#dfPersonDemographicRaceRaw = spark.read.format('csv').load(f'{stage1np}/M365/roster/' + date2 + '*/PersonDemographicRace/*.csv')\r\n","#dfPersonEmailAddressRaw = spark.read.format('csv').load(f'{stage1np}/M365/roster/' + date2 + '*/PersonEmailAddress/*.csv')\r\n","#dfPersonIdentifierRaw = spark.read.format('csv').load(f'{stage1np}/M365/roster/' + date2 + '*/PersonIdentifier/*.csv')\r\n","#dfPersonOrganizationRoleRaw = spark.read.format('csv').load(f'{stage1np}/M365/roster/' + date2 + '*/PersonOrganizationRole/*.csv')\r\n","#dfPersonPhoneNumberRaw = spark.read.format('csv').load(f'{stage1np}/M365/roster/' + date2 + '*/PersonPhoneNumber/*.csv')\r\n","#dfPersonRelationshipRaw = spark.read.format('csv').load(f'{stage1np}/M365/roster/' + date2 + '*/PersonRelationship/*.csv')\r\n","#dfRefDefinitionRaw = spark.read.format('csv').load(f'{stage1np}/M365/roster/' + date2 + '*/RefDefinition/*.csv')\r\n","#dfSectionRaw = spark.read.format('csv').load(f'{stage1np}/M365/roster/' + date2 + '*/Section/*.csv')\r\n","#dfSectionSessionRaw = spark.read.format('csv').load(f'{stage1np}/M365/roster/' + date2 + '*/SectionSession/*.csv')\r\n","#dfSectionSubjectRaw = spark.read.format('csv').load(f'{stage1np}/M365/roster/' + date2 + '*/SectionSubject/*.csv')\r\n","#dfSessionRaw = spark.read.format('csv').load(f'{stage1np}/M365/roster/' + date2 + '*/Session/*.csv')\r\n","#dfSourceSystemRaw = spark.read.format('csv').load(f'{stage1np}/M365/roster/' + date2 + '*/SourceSystem/*.csv')"],"attachments":null,"outputs":[{"output_type":"display_data","data":{"application/vnd.livy.statement-meta+json":{"spark_pool":"med","session_id":10,"statement_id":3,"state":"finished","livy_statement_state":"available","queued_time":"2021-11-05T15:09:51.4498909Z","session_start_time":null,"execution_start_time":"2021-11-05T15:12:24.5837818Z","execution_finish_time":"2021-11-05T15:12:35.1668103Z"},"text/plain":"StatementMeta(med, 10, 3, Finished, Available)"},"metadata":{}}],"execution_count":3},{"cell_type":"markdown","metadata":{"nteract":{"transient":{"deleting":false}}},"source":["## 1. Activity table\r\n","Contains all activities (students and teachers) at a school-system level\r\n","\r\n","** Databases and tables used: **\r\n","\r\n"," - None \r\n"," \r\n","**CSV files used:**\r\n","\r\n","- M365/activity/(whatever the set date is)/*.csv\r\n","\r\n","**Database and table created:**\r\n","\r\n","1. Spark DB: s2p_insights\r\n","- Table: techactivity\r\n","2. Spark DB: s2np_insights\r\n","- Table: techactivity"],"attachments":null},{"cell_type":"code","metadata":{"jupyter":{"source_hidden":false,"outputs_hidden":false},"nteract":{"transient":{"deleting":false}},"collapsed":false},"source":["display(dfActivityRaw.limit(10))"],"attachments":null,"outputs":[{"output_type":"display_data","data":{"application/vnd.livy.statement-meta+json":{"spark_pool":"med","session_id":10,"statement_id":4,"state":"finished","livy_statement_state":"available","queued_time":"2021-11-05T15:09:53.7457279Z","session_start_time":null,"execution_start_time":"2021-11-05T15:12:35.2618884Z","execution_finish_time":"2021-11-05T15:12:37.0245267Z"},"text/plain":"StatementMeta(med, 10, 4, Finished, Available)"},"metadata":{}},{"output_type":"display_data","data":{"application/vnd.synapse.widget-view+json":{"widget_id":"6d6e5946-0981-4f2c-9e01-d4abb8933977","widget_type":"Synapse.DataFrame"},"text/plain":"SynapseWidget(Synapse.DataFrame, 6d6e5946-0981-4f2c-9e01-d4abb8933977)"},"metadata":{}}],"execution_count":4},{"cell_type":"code","metadata":{"jupyter":{"source_hidden":false,"outputs_hidden":false},"nteract":{"transient":{"deleting":false}}},"source":["%run /OEA_py"],"attachments":null,"outputs":[{"output_type":"display_data","data":{"application/vnd.livy.statement-meta+json":{"spark_pool":null,"session_id":10,"statement_id":-1,"state":"finished","livy_statement_state":"available","queued_time":"2021-11-05T15:09:55.4230131Z","session_start_time":null,"execution_start_time":"2021-11-05T15:12:39.2885838Z","execution_finish_time":"2021-11-05T15:12:39.2886994Z"},"text/plain":"StatementMeta(, 10, -1, Finished, Available)"},"metadata":{}}],"execution_count":5},{"cell_type":"code","metadata":{"jupyter":{"source_hidden":false,"outputs_hidden":false},"nteract":{"transient":{"deleting":false}}},"source":["%run /NEW_MSInsights_py"],"attachments":null,"outputs":[{"output_type":"display_data","data":{"application/vnd.livy.statement-meta+json":{"spark_pool":null,"session_id":10,"statement_id":-1,"state":"finished","livy_statement_state":"available","queued_time":"2021-11-05T15:12:51.9575907Z","session_start_time":null,"execution_start_time":"2021-11-05T15:12:52.435416Z","execution_finish_time":"2021-11-05T15:12:52.435608Z"},"text/plain":"StatementMeta(, 10, -1, Finished, Available)"},"metadata":{}}],"execution_count":6},{"cell_type":"code","metadata":{"jupyter":{"source_hidden":false,"outputs_hidden":false},"nteract":{"transient":{"deleting":false}}},"source":["# 0) Initialize the OEA framework and MSInsights module.\r\n","oea = OEA()\r\n","ms_insights = MSInsights(oea, source_folder='M365')"],"attachments":null,"outputs":[{"output_type":"display_data","data":{"application/vnd.livy.statement-meta+json":{"spark_pool":"med","session_id":10,"statement_id":7,"state":"finished","livy_statement_state":"available","queued_time":"2021-11-05T15:12:53.6437473Z","session_start_time":null,"execution_start_time":"2021-11-05T15:12:53.7407861Z","execution_finish_time":"2021-11-05T15:12:53.9010646Z"},"text/plain":"StatementMeta(med, 10, 7, Finished, Available)"},"metadata":{}},{"name":"stdout","output_type":"stream","text":"2021-11-05 15:12:53,739 - OEA - DEBUG - OEA initialized.\nOEA initialized."}],"execution_count":7},{"cell_type":"code","metadata":{"jupyter":{"source_hidden":false,"outputs_hidden":false},"nteract":{"transient":{"deleting":false}}},"source":["# 1) Process the raw activity data (csv format) from stage1 into stage2 data lake \r\n","# (adds schema details and writes out in parquet format).\r\n","# NOTE: Does not write out to delta lake. \r\n","# Current \"NEW_MSInsights_py\" script only supports writing test data to stage2p.\r\n","ms_insights.process_activity()"],"attachments":null,"outputs":[{"output_type":"display_data","data":{"application/vnd.livy.statement-meta+json":{"spark_pool":"med","session_id":10,"statement_id":8,"state":"finished","livy_statement_state":"available","queued_time":"2021-11-05T15:12:55.6059693Z","session_start_time":null,"execution_start_time":"2021-11-05T15:13:00.1425559Z","execution_finish_time":"2021-11-05T15:13:10.6107889Z"},"text/plain":"StatementMeta(med, 10, 8, Finished, Available)"},"metadata":{}},{"name":"stdout","output_type":"stream","text":"Processing ms_insights activity data from: abfss://stage1np@stoeahybriddev4.dfs.core.windows.net/M365/activity"}],"execution_count":8},{"cell_type":"code","metadata":{"jupyter":{"source_hidden":false,"outputs_hidden":false},"nteract":{"transient":{"deleting":false}}},"source":["# 1b) Process the raw roster data (csv format) from stage1 into stage2 data lake\r\n","# (adds schema details and writes out in parquet format).\r\n","# NOTE: Does not write out to delta lake. \r\n","# Current \"NEW_MSInsights_py\" script only supports writing test data to stage2p.\r\n","ms_insights._process_roster_date_folder(date_folder_path='2021-09-05')"],"attachments":null,"outputs":[],"execution_count":null}]},"dependsOn":[]},{"name":"[concat(parameters('workspaceName'), '/create_sql_db')]","type":"Microsoft.Synapse/workspaces/pipelines","apiVersion":"2019-06-01-preview","properties":{"activities":[{"name":"set sqlDBName","type":"SetVariable","dependsOn":[],"userProperties":[],"typeProperties":{"variableName":"sqlDBName","value":{"value":"sqls@{pipeline().parameters.stage}_@{pipeline().parameters.sourceDirectory}","type":"Expression"}}},{"name":"Stored procedure1","type":"SqlServerStoredProcedure","dependsOn":[{"activity":"set sqlDBName","dependencyConditions":["Succeeded"]}],"policy":{"timeout":"7.00:00:00","retry":0,"retryIntervalInSeconds":30,"secureOutput":false,"secureInput":false},"userProperties":[],"typeProperties":{"storedProcedureName":"[[dbo].[sp_executesql]","storedProcedureParameters":{"command":{"value":{"value":"IF NOT EXISTS (SELECT * FROM sys.databases WHERE name = '@{variables('sqlDBName')}') \nBEGIN\n  CREATE DATABASE @{variables('sqlDBName')}; \nEND;","type":"Expression"},"type":"String"}}},"linkedServiceName":{"referenceName":"[parameters('LS_SQL_Serverless_OEA')]","type":"LinkedServiceReference","parameters":{"dbName":"master"}}},{"name":"get folders in stageXp","type":"GetMetadata","dependsOn":[{"activity":"Stored procedure1","dependencyConditions":["Succeeded"]}],"policy":{"timeout":"7.00:00:00","retry":0,"retryIntervalInSeconds":30,"secureOutput":false,"secureInput":false},"userProperties":[],"typeProperties":{"dataset":{"referenceName":"DS_ADLS_binary_folder","type":"DatasetReference","parameters":{"filesystem":{"value":"stage@{pipeline().parameters.stage}p","type":"Expression"},"directory":{"value":"@pipeline().parameters.sourceDirectory","type":"Expression"}}},"fieldList":["childItems"],"storeSettings":{"type":"AzureBlobFSReadSettings","recursive":true,"enablePartitionDiscovery":false},"formatSettings":{"type":"BinaryReadSettings"}}},{"name":"ForEach1","type":"ForEach","dependsOn":[{"activity":"get folders in stageXp","dependencyConditions":["Succeeded"]}],"userProperties":[],"typeProperties":{"items":{"value":"@activity('get folders in stageXp').output.childItems","type":"Expression"},"activities":[{"name":"create or alter view for pseduonymized tables","type":"SqlServerStoredProcedure","dependsOn":[],"policy":{"timeout":"7.00:00:00","retry":0,"retryIntervalInSeconds":30,"secureOutput":false,"secureInput":false},"userProperties":[{"name":"command","value":"CREATE OR ALTER VIEW @{item().name} AS SELECT * FROM OPENROWSET( BULK 'https://@{pipeline().parameters.storageAccount}.dfs.core.windows.net/stage@{pipeline().parameters.stage}p/@{pipeline().parameters.sourceDirectory}/@{item().name}', FORMAT='DELTA' ) AS [r]"}],"typeProperties":{"storedProcedureName":"[[dbo].[sp_executesql]","storedProcedureParameters":{"command":{"value":{"value":"CREATE OR ALTER VIEW @{item().name} AS\nSELECT * FROM OPENROWSET(\nBULK 'https://@{pipeline().parameters.storageAccount}.dfs.core.windows.net/stage@{pipeline().parameters.stage}p/@{pipeline().parameters.sourceDirectory}/@{item().name}',\nFORMAT='DELTA'\n) AS [r]","type":"Expression"},"type":"String"}}},"linkedServiceName":{"referenceName":"[parameters('LS_SQL_Serverless_OEA')]","type":"LinkedServiceReference","parameters":{"dbName":{"value":"@variables('sqlDBName')","type":"Expression"}}}}]}},{"name":"get folders in stageXnp","type":"GetMetadata","dependsOn":[{"activity":"Stored procedure1","dependencyConditions":["Succeeded"]}],"policy":{"timeout":"7.00:00:00","retry":0,"retryIntervalInSeconds":30,"secureOutput":false,"secureInput":false},"userProperties":[],"typeProperties":{"dataset":{"referenceName":"DS_ADLS_binary_folder","type":"DatasetReference","parameters":{"filesystem":{"value":"stage@{pipeline().parameters.stage}np","type":"Expression"},"directory":{"value":"@pipeline().parameters.sourceDirectory","type":"Expression"}}},"fieldList":["childItems"],"storeSettings":{"type":"AzureBlobFSReadSettings","recursive":true,"enablePartitionDiscovery":false},"formatSettings":{"type":"BinaryReadSettings"}}},{"name":"ForEach2","type":"ForEach","dependsOn":[{"activity":"get folders in stageXnp","dependencyConditions":["Succeeded"]}],"userProperties":[],"typeProperties":{"items":{"value":"@activity('get folders in stageXnp').output.childItems","type":"Expression"},"activities":[{"name":"create or alter view for lookup tables","type":"SqlServerStoredProcedure","dependsOn":[],"policy":{"timeout":"7.00:00:00","retry":0,"retryIntervalInSeconds":30,"secureOutput":false,"secureInput":false},"userProperties":[{"name":"command","value":"CREATE OR ALTER VIEW @{item().name} AS SELECT * FROM OPENROWSET( BULK 'https://@{pipeline().parameters.storageAccount}.dfs.core.windows.net/stage@{pipeline().parameters.stage}p/@{pipeline().parameters.sourceDirectory}/@{item().name}', FORMAT='DELTA' ) AS [r]"}],"typeProperties":{"storedProcedureName":"[[dbo].[sp_executesql]","storedProcedureParameters":{"command":{"value":{"value":"CREATE OR ALTER VIEW @{item().name} AS\nSELECT * FROM OPENROWSET(\nBULK 'https://@{pipeline().parameters.storageAccount}.dfs.core.windows.net/stage@{pipeline().parameters.stage}np/@{pipeline().parameters.sourceDirectory}/@{item().name}',\nFORMAT='DELTA'\n) AS [r]","type":"Expression"},"type":"String"}}},"linkedServiceName":{"referenceName":"[parameters('LS_SQL_Serverless_OEA')]","type":"LinkedServiceReference","parameters":{"dbName":{"value":"@variables('sqlDBName')","type":"Expression"}}}}]}}],"policy":{"elapsedTimeMetric":{},"cancelAfter":{}},"parameters":{"storageAccount":{"type":"string","defaultValue":"stoeacisd3gg1"},"sourceDirectory":{"type":"string","defaultValue":"contoso_sis"},"stage":{"type":"string","defaultValue":"2"}},"variables":{"sqlDBName":{"type":"String","defaultValue":"sqls2_mydb"}},"folder":{"name":"OEA_Framework/Ingest"},"annotations":[],"lastPublishTime":"2021-11-19T17:36:08Z"},"dependsOn":["[concat(variables('workspaceId'), '/datasets/DS_ADLS_binary_folder')]"]},{"name":"[concat(parameters('workspaceName'), '/create_lake_db')]","type":"Microsoft.Synapse/workspaces/pipelines","apiVersion":"2019-06-01-preview","properties":{"activities":[{"name":"create_lake_db","type":"SynapseNotebook","dependsOn":[],"policy":{"timeout":"7.00:00:00","retry":0,"retryIntervalInSeconds":30,"secureOutput":false,"secureInput":false},"userProperties":[{"name":"kwargs","value":"{'stage_num':@{pipeline().parameters.stageNum},'source_dir':@{pipeline().parameters.sourceDirectory}"}],"typeProperties":{"notebook":{"referenceName":"OEA_connector","type":"NotebookReference"},"parameters":{"object_name":{"value":"oea","type":"string"},"method_name":{"value":"create_lake_db","type":"string"},"kwargs":{"value":{"value":"{'stage_num':@{pipeline().parameters.stageNum},'source_dir':'@{pipeline().parameters.sourceDirectory}'}","type":"Expression"},"type":"string"}}}}],"policy":{"elapsedTimeMetric":{},"cancelAfter":{}},"parameters":{"stageNum":{"type":"string","defaultValue":"2"},"sourceDirectory":{"type":"string","defaultValue":"contoso_sis"}},"folder":{"name":"OEA_Framework/Ingest"},"annotations":[],"lastPublishTime":"2021-11-19T17:35:55Z"},"dependsOn":["[concat(variables('workspaceId'), '/notebooks/OEA_connector')]"]},{"name":"[concat(parameters('workspaceName'), '/DS_ADLS_binary_folder')]","type":"Microsoft.Synapse/workspaces/datasets","apiVersion":"2019-06-01-preview","properties":{"linkedServiceName":{"referenceName":"[parameters('LS_ADLS_OEA')]","type":"LinkedServiceReference"},"parameters":{"filesystem":{"type":"string"},"directory":{"type":"string"}},"folder":{"name":"OEA_Framework"},"annotations":[],"type":"Binary","typeProperties":{"location":{"type":"AzureBlobFSLocation","folderPath":{"value":"@dataset().directory","type":"Expression"},"fileSystem":{"value":"@dataset().filesystem","type":"Expression"}}}},"dependsOn":[]},{"name":"[concat(parameters('workspaceName'), '/OEA_connector')]","type":"Microsoft.Synapse/workspaces/notebooks","apiVersion":"2019-06-01-preview","properties":{"nbformat":4,"nbformat_minor":2,"bigDataPool":{"referenceName":"spark3p1sm","type":"BigDataPoolReference"},"sessionProperties":{"driverMemory":"28g","driverCores":4,"executorMemory":"28g","executorCores":4,"numExecutors":2,"conf":{}},"metadata":{"kernelspec":{"name":"synapse_pyspark","display_name":"Synapse PySpark"},"language_info":{"name":"python"}},"cells":[{"cell_type":"markdown","metadata":{"nteract":{"transient":{"deleting":false}}},"source":["# OEA connector\n","This notebook provides a way for invoking methods on the OEA framework or supporting modules from a pipeline.\n","\n","When setting up a new module, be sure to include a new cell below that imports that module, so that its methods can be invoked by pipelines."],"attachments":null},{"cell_type":"code","metadata":{"jupyter":{"source_hidden":false,"outputs_hidden":false},"nteract":{"transient":{"deleting":false}},"tags":["parameters"]},"source":["# These values should be passed in from the pipeline that is using this notebook as an activity.\r\n","# Note that kwargs allows you to pass in a dict of params, but the dict has to specified as a string when invoked from a pipeline.\r\n","# Also note that you can refer to attributes of an object in the params, for example: {'path':oea.stage2np}\r\n","object_name = 'oea'\r\n","method_name = ''\r\n","kwargs = '{}'"],"attachments":null,"outputs":[],"execution_count":null},{"cell_type":"code","metadata":{"jupyter":{"outputs_hidden":false,"source_hidden":false},"nteract":{"transient":{"deleting":false}},"collapsed":true},"source":["%run /OEA_py"],"attachments":null,"outputs":[],"execution_count":null},{"cell_type":"code","metadata":{"jupyter":{"outputs_hidden":false,"source_hidden":false},"nteract":{"transient":{"deleting":false}},"collapsed":true},"source":["%run /ContosoSIS_py"],"attachments":null,"outputs":[],"execution_count":null},{"cell_type":"code","metadata":{"jupyter":{"source_hidden":false,"outputs_hidden":false},"nteract":{"transient":{"deleting":false}}},"source":["obj = eval(object_name)\r\n","kwargs = eval(kwargs)\r\n","m = getattr(obj, method_name)\r\n","m(**kwargs)"],"attachments":null,"outputs":[],"execution_count":null}]},"dependsOn":[]}]}