{"$schema":"http://schema.management.azure.com/schemas/2015-01-01/deploymentTemplate.json#","contentVersion":"1.0.0.0","parameters":{"workspaceName":{"type":"string","metadata":"Workspace name","defaultValue":"syn-oea-hybriddev2"},"LS_SQL_Serverless_OEA":{"type":"string"},"LS_HTTP":{"type":"string"},"LS_ADLS_OEA":{"type":"string"}},"variables":{"workspaceId":"[concat('Microsoft.Synapse/workspaces/', parameters('workspaceName'))]"},"resources":[{"name":"[concat(parameters('workspaceName'), '/Intune_main_pipeline')]","type":"Microsoft.Synapse/workspaces/pipelines","apiVersion":"2019-06-01-preview","properties":{"activities":[{"name":"Extract from source - land in stage1np","description":"Out-of-the-box default brings in Intune test data from the OEA GitHub repo","type":"ExecutePipeline","dependsOn":[],"userProperties":[],"typeProperties":{"pipeline":{"referenceName":"Intune_copy_test_data","type":"PipelineReference"},"waitOnCompletion":true,"parameters":{"endpoints":{"value":"@json('[{\"URL\":\"https://raw.githubusercontent.com/microsoft/OpenEduAnalytics/main/modules/Intune/test_data/intune/devices/part-00000-c2e990cd-ac70-4d7c-8906-13bbea414bad-c000.csv\",\"sinkDirectory\":\"intune/devices\",\"sinkFilename\":\"devices_test_data.csv\"}]')","type":"Expression"},"sinkFilesystem":"stage1np","timezone":"Central Standard Time"}}},{"name":"ingest into stage2p and stage2np","description":"Run the Intune module setup notebook (NOTE: also creates sub folders for data enrichment. e.g. stage2p/devices_pseudo_refined).","type":"SynapseNotebook","dependsOn":[{"activity":"Extract from source - land in stage1np","dependencyConditions":["Succeeded"]}],"policy":{"timeout":"0.01:00:00","retry":0,"retryIntervalInSeconds":30,"secureOutput":false,"secureInput":false},"userProperties":[],"typeProperties":{"notebook":{"referenceName":"Intune_module_ingestion","type":"NotebookReference"},"snapshot":true}},{"name":"If create_sql_db","type":"IfCondition","dependsOn":[{"activity":"ingest into stage2p and stage2np","dependencyConditions":["Succeeded"]}],"userProperties":[],"typeProperties":{"expression":{"value":"@pipeline().parameters.create_sql_db","type":"Expression"},"ifTrueActivities":[{"name":"create_sql_db","type":"ExecutePipeline","dependsOn":[],"userProperties":[],"typeProperties":{"pipeline":{"referenceName":"create_sql_db","type":"PipelineReference"},"waitOnCompletion":true,"parameters":{"storageAccount":{"value":"@pipeline().parameters.storageAccount","type":"Expression"},"sourceDirectory":{"value":"@pipeline().parameters.sourceDirectory","type":"Expression"},"stage":"2"}}}]}},{"name":"If create_lake_db","type":"IfCondition","dependsOn":[{"activity":"ingest into stage2p and stage2np","dependencyConditions":["Succeeded"]}],"userProperties":[],"typeProperties":{"expression":{"value":"@pipeline().parameters.create_lake_db","type":"Expression"},"ifTrueActivities":[{"name":"create_lake_db","type":"ExecutePipeline","dependsOn":[],"userProperties":[],"typeProperties":{"pipeline":{"referenceName":"create_lake_db","type":"PipelineReference"},"waitOnCompletion":true,"parameters":{"stageNum":"2","sourceDirectory":{"value":"@pipeline().parameters.sourceDirectory","type":"Expression"}}}}]}}],"policy":{"elapsedTimeMetric":{},"cancelAfter":{}},"parameters":{"storageAccount":{"type":"string","defaultValue":"stoeahybriddev2"},"sourceDirectory":{"type":"string","defaultValue":"intune"},"create_sql_db":{"type":"bool","defaultValue":true},"create_lake_db":{"type":"bool","defaultValue":true}},"folder":{"name":"Intune Module"},"annotations":[],"lastPublishTime":"2021-11-20T00:26:45Z"},"dependsOn":["[concat(variables('workspaceId'), '/pipelines/Intune_copy_test_data')]","[concat(variables('workspaceId'), '/notebooks/Intune_module_ingestion')]","[concat(variables('workspaceId'), '/pipelines/create_sql_db')]","[concat(variables('workspaceId'), '/pipelines/create_lake_db')]"]},{"name":"[concat(parameters('workspaceName'), '/Intune_copy_test_data')]","type":"Microsoft.Synapse/workspaces/pipelines","apiVersion":"2019-06-01-preview","properties":{"activities":[{"name":"Set currentDateTime","type":"SetVariable","dependsOn":[],"userProperties":[],"typeProperties":{"variableName":"currentDateTime","value":{"value":"@{formatDateTime(convertTimeZone(utcnow(), 'UTC', pipeline().parameters.timezone), 'yyyy-MM-ddTHHmm_ss')}","type":"Expression"}}},{"name":"get data for each endpoint","type":"ForEach","dependsOn":[{"activity":"Set currentDateTime","dependencyConditions":["Succeeded"]}],"userProperties":[],"typeProperties":{"items":{"value":"@pipeline().parameters.endpoints","type":"Expression"},"activities":[{"name":"ingest data from url","type":"Copy","dependsOn":[],"policy":{"timeout":"7.00:00:00","retry":0,"retryIntervalInSeconds":30,"secureOutput":false,"secureInput":false},"userProperties":[],"typeProperties":{"source":{"type":"BinarySource","storeSettings":{"type":"HttpReadSettings","requestMethod":"GET"},"formatSettings":{"type":"BinaryReadSettings"}},"sink":{"type":"BinarySink","storeSettings":{"type":"AzureBlobFSWriteSettings"}},"enableStaging":false},"inputs":[{"referenceName":"DS_HTTP_binary","type":"DatasetReference","parameters":{"URL":{"value":"@item().URL","type":"Expression"}}}],"outputs":[{"referenceName":"DS_ADLS_binary","type":"DatasetReference","parameters":{"filesystem":{"value":"@pipeline().parameters.sinkFilesystem","type":"Expression"},"directory":{"value":"@{item().sinkDirectory}/@{variables('currentDateTime')}","type":"Expression"},"file":{"value":"@{item().sinkFilename}","type":"Expression"}}}]}]}}],"policy":{"elapsedTimeMetric":{},"cancelAfter":{}},"parameters":{"endpoints":{"type":"array","defaultValue":[{"URL":"https://raw.githubusercontent.com/microsoft/OpenEduAnalytics/main/modules/Intune/test_data/intune/devices/part-00000-c2e990cd-ac70-4d7c-8906-13bbea414bad-c000.csv","sinkDirectory":"intune/devices","sinkFilename":"devices_test_data.csv"}]},"sinkFilesystem":{"type":"string","defaultValue":"stage1np"},"timezone":{"type":"string","defaultValue":"Central Standard Time"}},"variables":{"currentDateTime":{"type":"String"}},"folder":{"name":"Intune Module/Extracts"},"annotations":[],"lastPublishTime":"2021-11-20T00:26:24Z"},"dependsOn":["[concat(variables('workspaceId'), '/datasets/DS_HTTP_binary')]","[concat(variables('workspaceId'), '/datasets/DS_ADLS_binary')]"]},{"name":"[concat(parameters('workspaceName'), '/Intune_module_ingestion')]","type":"Microsoft.Synapse/workspaces/notebooks","apiVersion":"2019-06-01-preview","properties":{"folder":{"name":"Intune Module"},"nbformat":4,"nbformat_minor":2,"bigDataPool":{"referenceName":"medium","type":"BigDataPoolReference"},"sessionProperties":{"driverMemory":"56g","driverCores":8,"executorMemory":"56g","executorCores":8,"numExecutors":4,"conf":{"spark.dynamicAllocation.enabled":"false","spark.dynamicAllocation.minExecutors":"4","spark.dynamicAllocation.maxExecutors":"4","spark.autotune.trackingId":"8081dac4-50d3-41e6-9206-f95c2d4103bd"}},"metadata":{"saveOutput":true,"synapse_widget":{"version":"0.1","state":{}},"enableDebugMode":false,"kernelspec":{"name":"synapse_pyspark","display_name":"Synapse PySpark"},"language_info":{"name":"python"},"a365ComputeOptions":{"id":"/subscriptions/7b9a4896-4541-483f-bdc7-d8f4ec6be3ee/resourceGroups/rg-oea-hybriddev2/providers/Microsoft.Synapse/workspaces/syn-oea-hybriddev2/bigDataPools/medium","name":"medium","type":"Spark","endpoint":"https://syn-oea-hybriddev2.dev.azuresynapse.net/livyApi/versions/2019-11-01-preview/sparkPools/medium","auth":{"type":"AAD","authResource":"https://dev.azuresynapse.net"},"sparkVersion":"2.4","nodeCount":10,"cores":8,"memory":56,"extraHeader":null}},"cells":[{"cell_type":"markdown","metadata":{"nteract":{"transient":{"deleting":false}}},"source":["# OEA Connector: Intune Module Data Ingestion Notebook"],"attachments":null},{"cell_type":"code","metadata":{"jupyter":{"source_hidden":false,"outputs_hidden":false},"nteract":{"transient":{"deleting":false}}},"source":["%run /OEA_py"],"attachments":null,"outputs":[{"output_type":"display_data","data":{"application/vnd.livy.statement-meta+json":{"spark_pool":null,"session_id":58,"statement_id":-1,"state":"finished","livy_statement_state":"available","queued_time":"2021-11-16T20:03:04.3283497Z","session_start_time":null,"execution_start_time":"2021-11-16T20:03:05.1426493Z","execution_finish_time":"2021-11-16T20:03:05.1428195Z"},"text/plain":"StatementMeta(, 58, -1, Finished, Available)"},"metadata":{}},{"name":"stdout","output_type":"stream","text":"2021-11-16 20:03:04,886 - OEA - DEBUG - OEA initialized.\nOEA initialized."}],"execution_count":27},{"cell_type":"code","metadata":{"jupyter":{"source_hidden":false,"outputs_hidden":false},"nteract":{"transient":{"deleting":false}}},"source":["%run /Intune_py"],"attachments":null,"outputs":[{"output_type":"display_data","data":{"application/vnd.livy.statement-meta+json":{"spark_pool":null,"session_id":58,"statement_id":-1,"state":"finished","livy_statement_state":"available","queued_time":"2021-11-16T20:03:09.256191Z","session_start_time":null,"execution_start_time":"2021-11-16T20:03:10.1051467Z","execution_finish_time":"2021-11-16T20:03:10.1053229Z"},"text/plain":"StatementMeta(, 58, -1, Finished, Available)"},"metadata":{}}],"execution_count":28},{"cell_type":"code","metadata":{"jupyter":{"source_hidden":false,"outputs_hidden":false},"nteract":{"transient":{"deleting":false}}},"source":["# 0) Initialize the OEA framework and modules needed.\r\n","oea = OEA()\r\n","intune = Intune()"],"attachments":null,"outputs":[{"output_type":"display_data","data":{"application/vnd.livy.statement-meta+json":{"spark_pool":"medium","session_id":58,"statement_id":29,"state":"finished","livy_statement_state":"available","queued_time":"2021-11-16T20:03:43.7217068Z","session_start_time":null,"execution_start_time":"2021-11-16T20:03:43.8408991Z","execution_finish_time":"2021-11-16T20:03:43.9881361Z"},"text/plain":"StatementMeta(medium, 58, 29, Finished, Available)"},"metadata":{}},{"name":"stdout","output_type":"stream","text":"2021-11-16 20:03:43,803 - OEA - DEBUG - OEA initialized.\nOEA initialized."}],"execution_count":29},{"cell_type":"markdown","metadata":{"nteract":{"transient":{"deleting":false}}},"source":["## Ingest Data from Intune\r\n","### For understanding of the steps involved in the data processing: look into the \"Intune_py\" notebook, which creates the Intune class and subsequent functions."],"attachments":null},{"cell_type":"code","metadata":{"jupyter":{"source_hidden":false,"outputs_hidden":false},"nteract":{"transient":{"deleting":false}}},"source":["intune.ingest()"],"attachments":null,"outputs":[{"output_type":"display_data","data":{"application/vnd.livy.statement-meta+json":{"spark_pool":"medium","session_id":58,"statement_id":30,"state":"finished","livy_statement_state":"available","queued_time":"2021-11-16T20:03:48.1049721Z","session_start_time":null,"execution_start_time":"2021-11-16T20:03:48.2026952Z","execution_finish_time":"2021-11-16T20:03:52.0753217Z"},"text/plain":"StatementMeta(medium, 58, 30, Finished, Available)"},"metadata":{}},{"name":"stdout","output_type":"stream","text":"Processing intune data from: abfss://stage1np@stoeahybriddev2.dfs.core.windows.net/intune\nProcessing intune devices data without enrichment\n{'id': '7475c906-08a5-4c85-a438-29bae4027596', 'runId': '98678bdd-0967-4dd4-a6b5-a1fb8dc385aa', 'name': None, 'timestamp': '2021-11-16T20:03:48.862Z', 'batchId': 0, 'numInputRows': 0, 'processedRowsPerSecond': 0.0, 'durationMs': {'getOffset': 23, 'triggerExecution': 48}, 'stateOperators': [], 'sources': [{'description': 'FileStreamSource[abfss://stage1np@stoeahybriddev2.dfs.core.windows.net/intune/intune/devices/**/*.csv]', 'startOffset': None, 'endOffset': None, 'numInputRows': 0, 'processedRowsPerSecond': 0.0}], 'sink': {'description': 'DeltaSink[abfss://stage2p@stoeahybriddev2.dfs.core.windows.net/intune/devices_pseudo]'}}\n{'id': '3e9384f3-910e-4291-9d4f-60105d0c5383', 'runId': 'cead21fe-c42c-41b8-939f-1e1fbaf7eee5', 'name': None, 'timestamp': '2021-11-16T20:03:49.254Z', 'batchId': 0, 'numInputRows': 0, 'processedRowsPerSecond': 0.0, 'durationMs': {'getOffset': 24, 'triggerExecution': 48}, 'stateOperators': [], 'sources': [{'description': 'FileStreamSource[abfss://stage1np@stoeahybriddev2.dfs.core.windows.net/intune/intune/devices/**/*.csv]', 'startOffset': None, 'endOffset': None, 'numInputRows': 0, 'processedRowsPerSecond': 0.0}], 'sink': {'description': 'DeltaSink[abfss://stage2np@stoeahybriddev2.dfs.core.windows.net/intune/devices_lookup]'}}\nProcessing intune devices enriched data\n{'id': '018fee69-6286-4fa1-be50-db41219157c6', 'runId': 'd8f0ce18-d537-4bbb-b88c-69609b0a953d', 'name': None, 'timestamp': '2021-11-16T20:03:50.606Z', 'batchId': 0, 'numInputRows': 0, 'processedRowsPerSecond': 0.0, 'durationMs': {'getOffset': 21, 'triggerExecution': 49}, 'stateOperators': [], 'sources': [{'description': 'FileStreamSource[abfss://stage1np@stoeahybriddev2.dfs.core.windows.net/intune/intune/devices/**/*.csv]', 'startOffset': None, 'endOffset': None, 'numInputRows': 0, 'processedRowsPerSecond': 0.0}], 'sink': {'description': 'DeltaSink[abfss://stage2p@stoeahybriddev2.dfs.core.windows.net/intune/devices_pseudo_refined]'}}\n{'id': '58b32ca3-c93a-4030-9e8e-b66932e44d80', 'runId': 'a92458b3-23bf-4e61-8637-e90767417ab0', 'name': None, 'timestamp': '2021-11-16T20:03:51.489Z', 'batchId': 0, 'numInputRows': 0, 'processedRowsPerSecond': 0.0, 'durationMs': {'getOffset': 25, 'triggerExecution': 67}, 'stateOperators': [], 'sources': [{'description': 'FileStreamSource[abfss://stage1np@stoeahybriddev2.dfs.core.windows.net/intune/intune/devices/**/*.csv]', 'startOffset': None, 'endOffset': None, 'numInputRows': 0, 'processedRowsPerSecond': 0.0}], 'sink': {'description': 'DeltaSink[abfss://stage2np@stoeahybriddev2.dfs.core.windows.net/intune/devices_lookup_refined]'}}\nFinished processing graphapi data from stage 1 to stage 2"}],"execution_count":30}]},"dependsOn":[]},{"name":"[concat(parameters('workspaceName'), '/create_sql_db')]","type":"Microsoft.Synapse/workspaces/pipelines","apiVersion":"2019-06-01-preview","properties":{"activities":[{"name":"set sqlDBName","type":"SetVariable","dependsOn":[],"userProperties":[],"typeProperties":{"variableName":"sqlDBName","value":{"value":"sqls@{pipeline().parameters.stage}_@{pipeline().parameters.sourceDirectory}","type":"Expression"}}},{"name":"Stored procedure1","type":"SqlServerStoredProcedure","dependsOn":[{"activity":"set sqlDBName","dependencyConditions":["Succeeded"]}],"policy":{"timeout":"7.00:00:00","retry":0,"retryIntervalInSeconds":30,"secureOutput":false,"secureInput":false},"userProperties":[],"typeProperties":{"storedProcedureName":"[[dbo].[sp_executesql]","storedProcedureParameters":{"command":{"value":{"value":"IF NOT EXISTS (SELECT * FROM sys.databases WHERE name = '@{variables('sqlDBName')}') \nBEGIN\n  CREATE DATABASE @{variables('sqlDBName')}; \nEND;","type":"Expression"},"type":"String"}}},"linkedServiceName":{"referenceName":"[parameters('LS_SQL_Serverless_OEA')]","type":"LinkedServiceReference","parameters":{"dbName":"master"}}},{"name":"get folders in stageXp","type":"GetMetadata","dependsOn":[{"activity":"Stored procedure1","dependencyConditions":["Succeeded"]}],"policy":{"timeout":"7.00:00:00","retry":0,"retryIntervalInSeconds":30,"secureOutput":false,"secureInput":false},"userProperties":[],"typeProperties":{"dataset":{"referenceName":"DS_ADLS_binary_folder","type":"DatasetReference","parameters":{"filesystem":{"value":"stage@{pipeline().parameters.stage}p","type":"Expression"},"directory":{"value":"@pipeline().parameters.sourceDirectory","type":"Expression"}}},"fieldList":["childItems"],"storeSettings":{"type":"AzureBlobFSReadSettings","recursive":true,"enablePartitionDiscovery":false},"formatSettings":{"type":"BinaryReadSettings"}}},{"name":"ForEach1","type":"ForEach","dependsOn":[{"activity":"get folders in stageXp","dependencyConditions":["Succeeded"]}],"userProperties":[],"typeProperties":{"items":{"value":"@activity('get folders in stageXp').output.childItems","type":"Expression"},"activities":[{"name":"create or alter view for pseduonymized tables","type":"SqlServerStoredProcedure","dependsOn":[],"policy":{"timeout":"7.00:00:00","retry":0,"retryIntervalInSeconds":30,"secureOutput":false,"secureInput":false},"userProperties":[{"name":"command","value":"CREATE OR ALTER VIEW @{item().name} AS SELECT * FROM OPENROWSET( BULK 'https://@{pipeline().parameters.storageAccount}.dfs.core.windows.net/stage@{pipeline().parameters.stage}p/@{pipeline().parameters.sourceDirectory}/@{item().name}', FORMAT='DELTA' ) AS [r]"}],"typeProperties":{"storedProcedureName":"[[dbo].[sp_executesql]","storedProcedureParameters":{"command":{"value":{"value":"CREATE OR ALTER VIEW @{item().name} AS\nSELECT * FROM OPENROWSET(\nBULK 'https://@{pipeline().parameters.storageAccount}.dfs.core.windows.net/stage@{pipeline().parameters.stage}p/@{pipeline().parameters.sourceDirectory}/@{item().name}',\nFORMAT='DELTA'\n) AS [r]","type":"Expression"},"type":"String"}}},"linkedServiceName":{"referenceName":"[parameters('LS_SQL_Serverless_OEA')]","type":"LinkedServiceReference","parameters":{"dbName":{"value":"@variables('sqlDBName')","type":"Expression"}}}}]}},{"name":"get folders in stageXnp","type":"GetMetadata","dependsOn":[{"activity":"Stored procedure1","dependencyConditions":["Succeeded"]}],"policy":{"timeout":"7.00:00:00","retry":0,"retryIntervalInSeconds":30,"secureOutput":false,"secureInput":false},"userProperties":[],"typeProperties":{"dataset":{"referenceName":"DS_ADLS_binary_folder","type":"DatasetReference","parameters":{"filesystem":{"value":"stage@{pipeline().parameters.stage}np","type":"Expression"},"directory":{"value":"@pipeline().parameters.sourceDirectory","type":"Expression"}}},"fieldList":["childItems"],"storeSettings":{"type":"AzureBlobFSReadSettings","recursive":true,"enablePartitionDiscovery":false},"formatSettings":{"type":"BinaryReadSettings"}}},{"name":"ForEach2","type":"ForEach","dependsOn":[{"activity":"get folders in stageXnp","dependencyConditions":["Succeeded"]}],"userProperties":[],"typeProperties":{"items":{"value":"@activity('get folders in stageXnp').output.childItems","type":"Expression"},"activities":[{"name":"create or alter view for lookup tables","type":"SqlServerStoredProcedure","dependsOn":[],"policy":{"timeout":"7.00:00:00","retry":0,"retryIntervalInSeconds":30,"secureOutput":false,"secureInput":false},"userProperties":[{"name":"command","value":"CREATE OR ALTER VIEW @{item().name} AS SELECT * FROM OPENROWSET( BULK 'https://@{pipeline().parameters.storageAccount}.dfs.core.windows.net/stage@{pipeline().parameters.stage}p/@{pipeline().parameters.sourceDirectory}/@{item().name}', FORMAT='DELTA' ) AS [r]"}],"typeProperties":{"storedProcedureName":"[[dbo].[sp_executesql]","storedProcedureParameters":{"command":{"value":{"value":"CREATE OR ALTER VIEW @{item().name} AS\nSELECT * FROM OPENROWSET(\nBULK 'https://@{pipeline().parameters.storageAccount}.dfs.core.windows.net/stage@{pipeline().parameters.stage}np/@{pipeline().parameters.sourceDirectory}/@{item().name}',\nFORMAT='DELTA'\n) AS [r]","type":"Expression"},"type":"String"}}},"linkedServiceName":{"referenceName":"[parameters('LS_SQL_Serverless_OEA')]","type":"LinkedServiceReference","parameters":{"dbName":{"value":"@variables('sqlDBName')","type":"Expression"}}}}]}}],"policy":{"elapsedTimeMetric":{},"cancelAfter":{}},"parameters":{"storageAccount":{"type":"string","defaultValue":"stoeahybriddev2"},"sourceDirectory":{"type":"string","defaultValue":"intune"},"stage":{"type":"string","defaultValue":"2"}},"variables":{"sqlDBName":{"type":"String","defaultValue":"sqls2_mydb"}},"folder":{"name":"OEA_Framework/Ingest"},"annotations":[],"lastPublishTime":"2021-11-17T17:59:46Z"},"dependsOn":["[concat(variables('workspaceId'), '/datasets/DS_ADLS_binary_folder')]"]},{"name":"[concat(parameters('workspaceName'), '/create_lake_db')]","type":"Microsoft.Synapse/workspaces/pipelines","apiVersion":"2019-06-01-preview","properties":{"activities":[{"name":"create_lake_db","type":"SynapseNotebook","dependsOn":[],"policy":{"timeout":"7.00:00:00","retry":0,"retryIntervalInSeconds":30,"secureOutput":false,"secureInput":false},"userProperties":[{"name":"kwargs","value":"{'stage_num':@{pipeline().parameters.stageNum},'source_dir':@{pipeline().parameters.sourceDirectory}"}],"typeProperties":{"notebook":{"referenceName":"OEA_connector","type":"NotebookReference"},"parameters":{"object_name":{"value":"oea","type":"string"},"method_name":{"value":"create_lake_db","type":"string"},"kwargs":{"value":{"value":"{'stage_num':@{pipeline().parameters.stageNum},'source_dir':'@{pipeline().parameters.sourceDirectory}'}","type":"Expression"},"type":"string"}}}}],"policy":{"elapsedTimeMetric":{},"cancelAfter":{}},"parameters":{"stageNum":{"type":"string","defaultValue":"2"},"sourceDirectory":{"type":"string","defaultValue":"contoso_sis"}},"folder":{"name":"OEA_Framework/Ingest"},"annotations":[],"lastPublishTime":"2021-11-17T17:22:22Z"},"dependsOn":["[concat(variables('workspaceId'), '/notebooks/OEA_connector')]"]},{"name":"[concat(parameters('workspaceName'), '/DS_HTTP_binary')]","type":"Microsoft.Synapse/workspaces/datasets","apiVersion":"2019-06-01-preview","properties":{"description":"Retrieves data from an http endpoint.\nThe data can be in any format - the binary dataset allows us to pull any payload without affecting it.","linkedServiceName":{"referenceName":"[parameters('LS_HTTP')]","type":"LinkedServiceReference","parameters":{"baseURL":{"value":"@dataset().URL","type":"Expression"}}},"parameters":{"URL":{"type":"string"}},"folder":{"name":"OEA_Framework"},"annotations":[],"type":"Binary","typeProperties":{"location":{"type":"HttpServerLocation"}}},"dependsOn":[]},{"name":"[concat(parameters('workspaceName'), '/DS_ADLS_binary')]","type":"Microsoft.Synapse/workspaces/datasets","apiVersion":"2019-06-01-preview","properties":{"linkedServiceName":{"referenceName":"[parameters('LS_ADLS_OEA')]","type":"LinkedServiceReference"},"parameters":{"filesystem":{"type":"string","defaultValue":"stage1np"},"directory":{"type":"string"},"file":{"type":"string"}},"annotations":[],"type":"Binary","typeProperties":{"location":{"type":"AzureBlobFSLocation","fileName":{"value":"@dataset().file","type":"Expression"},"folderPath":{"value":"@dataset().directory","type":"Expression"},"fileSystem":{"value":"@dataset().filesystem","type":"Expression"}}}},"dependsOn":[]},{"name":"[concat(parameters('workspaceName'), '/DS_ADLS_binary_folder')]","type":"Microsoft.Synapse/workspaces/datasets","apiVersion":"2019-06-01-preview","properties":{"linkedServiceName":{"referenceName":"[parameters('LS_ADLS_OEA')]","type":"LinkedServiceReference"},"parameters":{"filesystem":{"type":"string"},"directory":{"type":"string"}},"folder":{"name":"OEA_Framework"},"annotations":[],"type":"Binary","typeProperties":{"location":{"type":"AzureBlobFSLocation","folderPath":{"value":"@dataset().directory","type":"Expression"},"fileSystem":{"value":"@dataset().filesystem","type":"Expression"}}}},"dependsOn":[]},{"name":"[concat(parameters('workspaceName'), '/OEA_connector')]","type":"Microsoft.Synapse/workspaces/notebooks","apiVersion":"2019-06-01-preview","properties":{"nbformat":4,"nbformat_minor":2,"bigDataPool":{"referenceName":"spark3p1sm","type":"BigDataPoolReference"},"sessionProperties":{"driverMemory":"28g","driverCores":4,"executorMemory":"28g","executorCores":4,"numExecutors":2,"conf":{}},"metadata":{"kernelspec":{"name":"synapse_pyspark","display_name":"Synapse PySpark"},"language_info":{"name":"python"}},"cells":[{"cell_type":"markdown","metadata":{"nteract":{"transient":{"deleting":false}}},"source":["# OEA connector\n","This notebook provides a way for invoking methods on the OEA framework or supporting modules from a pipeline.\n","\n","When setting up a new module, be sure to include a new cell below that imports that module, so that its methods can be invoked by pipelines."],"attachments":null},{"cell_type":"code","metadata":{"jupyter":{"source_hidden":false,"outputs_hidden":false},"nteract":{"transient":{"deleting":false}},"tags":["parameters"]},"source":["# These values should be passed in from the pipeline that is using this notebook as an activity.\r\n","# Note that kwargs allows you to pass in a dict of params, but the dict has to specified as a string when invoked from a pipeline.\r\n","# Also note that you can refer to attributes of an object in the params, for example: {'path':oea.stage2np}\r\n","object_name = 'oea'\r\n","method_name = ''\r\n","kwargs = '{}'"],"attachments":null,"outputs":[],"execution_count":null},{"cell_type":"code","metadata":{"jupyter":{"outputs_hidden":false,"source_hidden":false},"nteract":{"transient":{"deleting":false}},"collapsed":true},"source":["%run /OEA_py"],"attachments":null,"outputs":[],"execution_count":null},{"cell_type":"code","metadata":{"jupyter":{"outputs_hidden":false,"source_hidden":false},"nteract":{"transient":{"deleting":false}},"collapsed":true},"source":["%run /ContosoSIS_py"],"attachments":null,"outputs":[],"execution_count":null},{"cell_type":"code","metadata":{"jupyter":{"source_hidden":false,"outputs_hidden":false},"nteract":{"transient":{"deleting":false}}},"source":["obj = eval(object_name)\r\n","kwargs = eval(kwargs)\r\n","m = getattr(obj, method_name)\r\n","m(**kwargs)"],"attachments":null,"outputs":[],"execution_count":null}]},"dependsOn":[]}]}