{
    "name": "sparkMed1",
    "location": "westus2",
    "properties": {
        "autoPause": {
            "enabled": true,
            "delayInMinutes": 15
        },
        "autoScale": {
            "enabled": true,
            "maxNodeCount": 10,
            "minNodeCount": 3
        },
        "nodeCount": 10,
        "nodeSize": "Medium",
        "nodeSizeFamily": "MemoryOptimized",
        "sparkVersion": "2.4",
        "libraryRequirements": {
            "content": "tslearn==0.4.1\r\ntsfresh==0.17.0\r\ndash==1.19.0\r\ndash_cytoscape==0.2.0\r\ngevent==21.1.2\r\nflask_cors==3.0.10\r\nnbformat==5.1.2\r\ninterpret==0.2.4\r\ninterpret-core==0.2.4\r\nipywidgets==7.6.3\r\nfairlearn==0.5.0\r\nazureml-core==1.23.0\r\nazure-kusto-data[pandas]\r\nazure-kusto-ingest[pandas]\r\nazure-core==1.14.0",
            "filename": "requirements.txt",
            "time": "2022-03-15T17:08:48.9019908Z"
        },
        "isComputeIsolationEnabled": false,
        "sessionLevelPackagesEnabled": true,
        "annotations": []
    }
}