{
    "name": "DS_ADLS_binary_folder",
    "properties": {
        "linkedServiceName": {
            "referenceName": "eduanalyticsfusd2-WorkspaceDefaultStorage",
            "type": "LinkedServiceReference"
        },
        "parameters": {
            "filesystem": {
                "type": "string"
            },
            "directory": {
                "type": "string"
            }
        },
        "folder": {
            "name": "OEA_Framework"
        },
        "annotations": [],
        "type": "Binary",
        "typeProperties": {
            "location": {
                "type": "AzureBlobFSLocation",
                "folderPath": {
                    "value": "@dataset().directory",
                    "type": "Expression"
                },
                "fileSystem": {
                    "value": "@dataset().filesystem",
                    "type": "Expression"
                }
            }
        }
    }
}