{
    "name": "edfi_upsert",
    "properties": {
        "folder": {
            "name": "EdFi/Ingest"
        },
        "type": "MappingDataFlow",
        "typeProperties": {
            "sources": [
                {
                    "linkedService": {
                        "referenceName": "LS_datalake",
                        "type": "LinkedServiceReference"
                    },
                    "name": "SourceJson"
                }
            ],
            "sinks": [
                {
                    "linkedService": {
                        "referenceName": "LS_datalake",
                        "type": "LinkedServiceReference"
                    },
                    "name": "SinkDelta"
                }
            ],
            "transformations": [
                {
                    "name": "AlterRow"
                },
                {
                    "name": "DerivedColumn"
                },
                {
                    "name": "SelectColumns"
                }
            ],
            "scriptLines": [
                "parameters{",
                "     districtId as string ('255901'),",
                "     schoolYear as string ('2017'),",
                "     entity as string ('schools'),",
                "     directory as string ('EdFi'),",
                "     apiversion as string ('5.3')",
                "}",
                "source(useSchema: false,",
                "     allowSchemaDrift: true,",
                "     validateSchema: false,",
                "     inferDriftedColumnTypes: true,",
                "     limit: 10000,",
                "     ignoreNoFilesFound: true,",
                "     enableCdc: true,",
                "     mode: 'read',",
                "     format: 'json',",
                "     fileSystem: 'stage1',",
                "     folderPath: (\"Transactional/{$directory}/v5.3/DistrictId={$districtId}/SchoolYear={$schoolYear}/{$entity}/Incremental/Upserts\"),",
                "     documentForm: 'documentPerLine',",
                "     preferredIntegralType: 'integer',",
                "     preferredFractionalType: 'float') ~> SourceJson",
                "SelectColumns alterRow(upsertIf(true())) ~> AlterRow",
                "SourceJson derive(SchoolYear = $schoolYear,",
                "          DistrictId = $districtId,",
                "          LastModifiedDate = currentTimestamp()) ~> DerivedColumn",
                "DerivedColumn select(mapColumn(",
                "          each(match(name!='rundate'))",
                "     ),",
                "     skipDuplicateMapInputs: true,",
                "     skipDuplicateMapOutputs: true) ~> SelectColumns",
                "AlterRow sink(allowSchemaDrift: true,",
                "     validateSchema: false,",
                "     format: 'delta',",
                "     fileSystem: 'stage2',",
                "     folderPath: (\"Ingested/{$directory}/v{$apiversion}/{$entity}\"),",
                "     mergeSchema: (true()),",
                "     autoCompact: false,",
                "     optimizedWrite: false,",
                "     vacuum: 0,",
                "     deletable:false,",
                "     insertable:true,",
                "     updateable:false,",
                "     upsertable:true,",
                "     keys:['id'],",
                "     umask: 0022,",
                "     preCommands: [],",
                "     postCommands: [],",
                "     skipDuplicateMapInputs: true,",
                "     skipDuplicateMapOutputs: true,",
                "     partitionBy('key',",
                "          0,",
                "          DistrictId,",
                "          SchoolYear",
                "     )) ~> SinkDelta"
            ]
        }
    }
}