{"$schema":"http://schema.management.azure.com/schemas/2015-01-01/deploymentTemplate.json#","contentVersion":"1.0.0.0","parameters":{"workspaceName":{"type":"string","metadata":"Workspace name","defaultValue":"syn-oea-cisd3v06kw2"},"LS_SQL_Serverless_OEA":{"type":"string"},"LS_HTTP":{"type":"string"},"LS_ADLS_OEA":{"type":"string"}},"variables":{"workspaceId":"[concat('Microsoft.Synapse/workspaces/', parameters('workspaceName'))]"},"resources":[{"name":"[concat(parameters('workspaceName'), '/GraphAPI_main_pipeline')]","type":"Microsoft.Synapse/workspaces/pipelines","apiVersion":"2019-06-01-preview","properties":{"activities":[{"name":"Extract from source - land in stage1np","type":"ExecutePipeline","dependsOn":[],"userProperties":[],"typeProperties":{"pipeline":{"referenceName":"GraphAPI_copy_test_data","type":"PipelineReference"},"waitOnCompletion":true,"parameters":{"sinkFilesystem":"stage1np","timezone":"Central Standard Time"}}},{"name":"ingest into stage2p and stage2np","type":"SynapseNotebook","dependsOn":[{"activity":"Extract from source - land in stage1np","dependencyConditions":["Succeeded"]}],"policy":{"timeout":"7.00:00:00","retry":0,"retryIntervalInSeconds":30,"secureOutput":false,"secureInput":false},"userProperties":[],"typeProperties":{"notebook":{"referenceName":"GraphAPI_module_ingestion","type":"NotebookReference"},"snapshot":true,"conf":{"spark.dynamicAllocation.enabled":null,"spark.dynamicAllocation.minExecutors":null,"spark.dynamicAllocation.maxExecutors":null},"numExecutors":null}},{"name":"If create_sql_db","type":"IfCondition","dependsOn":[{"activity":"ingest into stage2p and stage2np","dependencyConditions":["Succeeded"]}],"userProperties":[],"typeProperties":{"expression":{"value":"@pipeline().parameters.create_sql_db","type":"Expression"},"ifTrueActivities":[{"name":"create_sql_db","type":"ExecutePipeline","dependsOn":[],"userProperties":[],"typeProperties":{"pipeline":{"referenceName":"create_sql_db","type":"PipelineReference"},"waitOnCompletion":true,"parameters":{"storageAccount":{"value":"@pipeline().parameters.storageAccount","type":"Expression"},"sourceDirectory":{"value":"@pipeline().parameters.sourceDirectory","type":"Expression"},"stage":"2"}}}]}},{"name":"If create_lake_db","type":"IfCondition","dependsOn":[{"activity":"ingest into stage2p and stage2np","dependencyConditions":["Succeeded"]}],"userProperties":[],"typeProperties":{"expression":{"value":"@pipeline().parameters.create_lake_db","type":"Expression"},"ifTrueActivities":[{"name":"create_lake_db","type":"ExecutePipeline","dependsOn":[],"userProperties":[],"typeProperties":{"pipeline":{"referenceName":"create_lake_db","type":"PipelineReference"},"waitOnCompletion":true,"parameters":{"stageNum":"2","sourceDirectory":{"value":"@pipeline().parameters.sourceDirectory","type":"Expression"}}}}]}}],"policy":{"elapsedTimeMetric":{},"cancelAfter":{}},"parameters":{"storageAccount":{"type":"string","defaultValue":"stoeacisd3v06kw2"},"sourceDirectory":{"type":"string","defaultValue":"graph_api"},"create_sql_db":{"type":"bool","defaultValue":true},"create_lake_db":{"type":"bool","defaultValue":true}},"folder":{"name":"Graph API Module"},"annotations":[],"lastPublishTime":"2022-08-30T20:02:44Z"},"dependsOn":["[concat(variables('workspaceId'), '/pipelines/GraphAPI_copy_test_data')]","[concat(variables('workspaceId'), '/notebooks/GraphAPI_module_ingestion')]","[concat(variables('workspaceId'), '/pipelines/create_sql_db')]","[concat(variables('workspaceId'), '/pipelines/create_lake_db')]"]},{"name":"[concat(parameters('workspaceName'), '/GraphAPI_copy_test_data')]","type":"Microsoft.Synapse/workspaces/pipelines","apiVersion":"2019-06-01-preview","properties":{"activities":[{"name":"get data for each endpoint in set 1","type":"ForEach","dependsOn":[{"activity":"Set currentDateTime","dependencyConditions":["Succeeded"]}],"userProperties":[],"typeProperties":{"items":{"value":"@pipeline().parameters.endpointsSet1","type":"Expression"},"activities":[{"name":"ingest data from url_set1","type":"Copy","dependsOn":[],"policy":{"timeout":"7.00:00:00","retry":0,"retryIntervalInSeconds":30,"secureOutput":false,"secureInput":false},"userProperties":[],"typeProperties":{"source":{"type":"BinarySource","storeSettings":{"type":"HttpReadSettings","requestMethod":"GET"},"formatSettings":{"type":"BinaryReadSettings"}},"sink":{"type":"BinarySink","storeSettings":{"type":"AzureBlobFSWriteSettings"}},"enableStaging":false},"inputs":[{"referenceName":"DS_HTTP_binary","type":"DatasetReference","parameters":{"URL":{"value":"@item().URL","type":"Expression"}}}],"outputs":[{"referenceName":"DS_ADLS_binary","type":"DatasetReference","parameters":{"filesystem":{"value":"@pipeline().parameters.sinkFilesystem","type":"Expression"},"directory":{"value":"@{item().sinkDirectory}/@{variables('currentDateTime')}","type":"Expression"},"file":{"value":"@item().sinkFilename","type":"Expression"}}}]}]}},{"name":"Set currentDateTime","type":"SetVariable","dependsOn":[],"userProperties":[],"typeProperties":{"variableName":"currentDateTime","value":{"value":"@{formatDateTime(convertTimeZone(utcnow(), 'UTC', pipeline().parameters.timezone), 'yyyy-MM-ddTHH-mm-ss')}","type":"Expression"}}},{"name":"get data for each endpoint in set 2","type":"ForEach","dependsOn":[{"activity":"get data for each endpoint in set 1","dependencyConditions":["Succeeded"]}],"userProperties":[],"typeProperties":{"items":{"value":"@pipeline().parameters.endpointsSet2","type":"Expression"},"activities":[{"name":"ingest data from url_set2","type":"Copy","dependsOn":[],"policy":{"timeout":"7.00:00:00","retry":0,"retryIntervalInSeconds":30,"secureOutput":false,"secureInput":false},"userProperties":[],"typeProperties":{"source":{"type":"BinarySource","storeSettings":{"type":"HttpReadSettings","requestMethod":"GET"},"formatSettings":{"type":"BinaryReadSettings"}},"sink":{"type":"BinarySink","storeSettings":{"type":"AzureBlobFSWriteSettings"}},"enableStaging":false},"inputs":[{"referenceName":"DS_HTTP_binary","type":"DatasetReference","parameters":{"URL":{"value":"@item().URL","type":"Expression"}}}],"outputs":[{"referenceName":"DS_ADLS_binary","type":"DatasetReference","parameters":{"filesystem":{"value":"@pipeline().parameters.sinkFilesystem","type":"Expression"},"directory":{"value":"@{item().sinkDirectory}/@{variables('currentDateTime')}","type":"Expression"},"file":{"value":"@item().sinkFilename","type":"Expression"}}}]}]}},{"name":"get data for each endpoint in set 3","type":"ForEach","dependsOn":[{"activity":"get data for each endpoint in set 2","dependencyConditions":["Succeeded"]}],"userProperties":[],"typeProperties":{"items":{"value":"@pipeline().parameters.endpointsSet3","type":"Expression"},"activities":[{"name":"ingest data from url_set3","type":"Copy","dependsOn":[],"policy":{"timeout":"7.00:00:00","retry":0,"retryIntervalInSeconds":30,"secureOutput":false,"secureInput":false},"userProperties":[],"typeProperties":{"source":{"type":"BinarySource","storeSettings":{"type":"HttpReadSettings","requestMethod":"GET"},"formatSettings":{"type":"BinaryReadSettings"}},"sink":{"type":"BinarySink","storeSettings":{"type":"AzureBlobFSWriteSettings"}},"enableStaging":false},"inputs":[{"referenceName":"DS_HTTP_binary","type":"DatasetReference","parameters":{"URL":{"value":"@item().URL","type":"Expression"}}}],"outputs":[{"referenceName":"DS_ADLS_binary","type":"DatasetReference","parameters":{"filesystem":{"value":"@pipeline().parameters.sinkFilesystem","type":"Expression"},"directory":{"value":"@{item().sinkDirectory}/@{variables('currentDateTime')}","type":"Expression"},"file":{"value":"@item().sinkFilename","type":"Expression"}}}]}]}}],"policy":{"elapsedTimeMetric":{},"cancelAfter":{}},"parameters":{"endpointsSet1":{"type":"array","defaultValue":[{"URL":"https://raw.githubusercontent.com/microsoft/OpenEduAnalytics/main/modules/module_catalog/Microsoft_Graph/test_data/GraphAPI/Users/part-00000-cae42818-3572-4824-b396-58587ad01616-c000.json","sinkDirectory":"graph_api/users","sinkFilename":"part-00000-cae42818-3572-4824-b396-58587ad01616-c000.json"},{"URL":"https://raw.githubusercontent.com/microsoft/OpenEduAnalytics/main/modules/module_catalog/Microsoft_Graph/test_data/GraphAPI/M365_App_User_Detail/part-00000-b6c697c6-1520-4aae-9f5c-6213dff6ab0a-c000.json","sinkDirectory":"graph_api/m365_app_user_detail","sinkFilename":"part-00000-b6c697c6-1520-4aae-9f5c-6213dff6ab0a-c000.json"},{"URL":"https://raw.githubusercontent.com/microsoft/OpenEduAnalytics/main/modules/module_catalog/Microsoft_Graph/test_data/GraphAPI/M365_App_User_Detail/part-00001-b6c697c6-1520-4aae-9f5c-6213dff6ab0a-c000.json","sinkDirectory":"graph_api/m365_app_user_detail","sinkFilename":"part-00001-b6c697c6-1520-4aae-9f5c-6213dff6ab0a-c000.json"},{"URL":"https://raw.githubusercontent.com/microsoft/OpenEduAnalytics/main/modules/module_catalog/Microsoft_Graph/test_data/GraphAPI/M365_App_User_Detail/part-00002-b6c697c6-1520-4aae-9f5c-6213dff6ab0a-c000.json","sinkDirectory":"graph_api/m365_app_user_detail","sinkFilename":"part-00002-b6c697c6-1520-4aae-9f5c-6213dff6ab0a-c000.json"},{"URL":"https://raw.githubusercontent.com/microsoft/OpenEduAnalytics/main/modules/module_catalog/Microsoft_Graph/test_data/GraphAPI/M365_App_User_Detail/part-00003-b6c697c6-1520-4aae-9f5c-6213dff6ab0a-c000.json","sinkDirectory":"graph_api/m365_app_user_detail","sinkFilename":"part-00003-b6c697c6-1520-4aae-9f5c-6213dff6ab0a-c000.json"},{"URL":"https://raw.githubusercontent.com/microsoft/OpenEduAnalytics/main/modules/module_catalog/Microsoft_Graph/test_data/GraphAPI/M365_App_User_Detail/part-00004-b6c697c6-1520-4aae-9f5c-6213dff6ab0a-c000.json","sinkDirectory":"graph_api/m365_app_user_detail","sinkFilename":"part-00004-b6c697c6-1520-4aae-9f5c-6213dff6ab0a-c000.json"},{"URL":"https://raw.githubusercontent.com/microsoft/OpenEduAnalytics/main/modules/module_catalog/Microsoft_Graph/test_data/GraphAPI/M365_App_User_Detail/part-00005-b6c697c6-1520-4aae-9f5c-6213dff6ab0a-c000.json","sinkDirectory":"graph_api/m365_app_user_detail","sinkFilename":"part-00005-b6c697c6-1520-4aae-9f5c-6213dff6ab0a-c000.json"},{"URL":"https://raw.githubusercontent.com/microsoft/OpenEduAnalytics/main/modules/module_catalog/Microsoft_Graph/test_data/GraphAPI/M365_App_User_Detail/part-00006-b6c697c6-1520-4aae-9f5c-6213dff6ab0a-c000.json","sinkDirectory":"graph_api/m365_app_user_detail","sinkFilename":"part-00006-b6c697c6-1520-4aae-9f5c-6213dff6ab0a-c000.json"},{"URL":"https://raw.githubusercontent.com/microsoft/OpenEduAnalytics/main/modules/module_catalog/Microsoft_Graph/test_data/GraphAPI/M365_App_User_Detail/part-00007-b6c697c6-1520-4aae-9f5c-6213dff6ab0a-c000.json","sinkDirectory":"graph_api/m365_app_user_detail","sinkFilename":"part-00007-b6c697c6-1520-4aae-9f5c-6213dff6ab0a-c000.json"},{"URL":"https://raw.githubusercontent.com/microsoft/OpenEduAnalytics/main/modules/module_catalog/Microsoft_Graph/test_data/GraphAPI/M365_App_User_Detail/part-00008-b6c697c6-1520-4aae-9f5c-6213dff6ab0a-c000.json","sinkDirectory":"graph_api/m365_app_user_detail","sinkFilename":"part-00008-b6c697c6-1520-4aae-9f5c-6213dff6ab0a-c000.json"},{"URL":"https://raw.githubusercontent.com/microsoft/OpenEduAnalytics/main/modules/module_catalog/Microsoft_Graph/test_data/GraphAPI/M365_App_User_Detail/part-00009-b6c697c6-1520-4aae-9f5c-6213dff6ab0a-c000.json","sinkDirectory":"graph_api/m365_app_user_detail","sinkFilename":"part-00009-b6c697c6-1520-4aae-9f5c-6213dff6ab0a-c000.json"},{"URL":"https://raw.githubusercontent.com/microsoft/OpenEduAnalytics/main/modules/module_catalog/Microsoft_Graph/test_data/GraphAPI/M365_App_User_Detail/part-00010-b6c697c6-1520-4aae-9f5c-6213dff6ab0a-c000.json","sinkDirectory":"graph_api/m365_app_user_detail","sinkFilename":"part-00010-b6c697c6-1520-4aae-9f5c-6213dff6ab0a-c000.json"},{"URL":"https://raw.githubusercontent.com/microsoft/OpenEduAnalytics/main/modules/module_catalog/Microsoft_Graph/test_data/GraphAPI/M365_App_User_Detail/part-00011-b6c697c6-1520-4aae-9f5c-6213dff6ab0a-c000.json","sinkDirectory":"graph_api/m365_app_user_detail","sinkFilename":"part-00011-b6c697c6-1520-4aae-9f5c-6213dff6ab0a-c000.json"},{"URL":"https://raw.githubusercontent.com/microsoft/OpenEduAnalytics/main/modules/module_catalog/Microsoft_Graph/test_data/GraphAPI/M365_App_User_Detail/part-00012-b6c697c6-1520-4aae-9f5c-6213dff6ab0a-c000.json","sinkDirectory":"graph_api/m365_app_user_detail","sinkFilename":"part-00012-b6c697c6-1520-4aae-9f5c-6213dff6ab0a-c000.json"},{"URL":"https://raw.githubusercontent.com/microsoft/OpenEduAnalytics/main/modules/module_catalog/Microsoft_Graph/test_data/GraphAPI/M365_App_User_Detail/part-00013-b6c697c6-1520-4aae-9f5c-6213dff6ab0a-c000.json","sinkDirectory":"graph_api/m365_app_user_detail","sinkFilename":"part-00013-b6c697c6-1520-4aae-9f5c-6213dff6ab0a-c000.json"},{"URL":"https://raw.githubusercontent.com/microsoft/OpenEduAnalytics/main/modules/module_catalog/Microsoft_Graph/test_data/GraphAPI/M365_App_User_Detail/part-00014-b6c697c6-1520-4aae-9f5c-6213dff6ab0a-c000.json","sinkDirectory":"graph_api/m365_app_user_detail","sinkFilename":"part-00014-b6c697c6-1520-4aae-9f5c-6213dff6ab0a-c000.json"},{"URL":"https://raw.githubusercontent.com/microsoft/OpenEduAnalytics/main/modules/module_catalog/Microsoft_Graph/test_data/GraphAPI/M365_App_User_Detail/part-00015-b6c697c6-1520-4aae-9f5c-6213dff6ab0a-c000.json","sinkDirectory":"graph_api/m365_app_user_detail","sinkFilename":"part-00015-b6c697c6-1520-4aae-9f5c-6213dff6ab0a-c000.json"},{"URL":"https://raw.githubusercontent.com/microsoft/OpenEduAnalytics/main/modules/module_catalog/Microsoft_Graph/test_data/GraphAPI/M365_App_User_Detail/part-00016-b6c697c6-1520-4aae-9f5c-6213dff6ab0a-c000.json","sinkDirectory":"graph_api/m365_app_user_detail","sinkFilename":"part-00016-b6c697c6-1520-4aae-9f5c-6213dff6ab0a-c000.json"},{"URL":"https://raw.githubusercontent.com/microsoft/OpenEduAnalytics/main/modules/module_catalog/Microsoft_Graph/test_data/GraphAPI/M365_App_User_Detail/part-00017-b6c697c6-1520-4aae-9f5c-6213dff6ab0a-c000.json","sinkDirectory":"graph_api/m365_app_user_detail","sinkFilename":"part-00017-b6c697c6-1520-4aae-9f5c-6213dff6ab0a-c000.json"},{"URL":"https://raw.githubusercontent.com/microsoft/OpenEduAnalytics/main/modules/module_catalog/Microsoft_Graph/test_data/GraphAPI/M365_App_User_Detail/part-00018-b6c697c6-1520-4aae-9f5c-6213dff6ab0a-c000.json","sinkDirectory":"graph_api/m365_app_user_detail","sinkFilename":"part-00018-b6c697c6-1520-4aae-9f5c-6213dff6ab0a-c000.json"},{"URL":"https://raw.githubusercontent.com/microsoft/OpenEduAnalytics/main/modules/module_catalog/Microsoft_Graph/test_data/GraphAPI/M365_App_User_Detail/part-00019-b6c697c6-1520-4aae-9f5c-6213dff6ab0a-c000.json","sinkDirectory":"graph_api/m365_app_user_detail","sinkFilename":"part-00019-b6c697c6-1520-4aae-9f5c-6213dff6ab0a-c000.json"},{"URL":"https://raw.githubusercontent.com/microsoft/OpenEduAnalytics/main/modules/module_catalog/Microsoft_Graph/test_data/GraphAPI/M365_App_User_Detail/part-00020-b6c697c6-1520-4aae-9f5c-6213dff6ab0a-c000.json","sinkDirectory":"graph_api/m365_app_user_detail","sinkFilename":"part-00020-b6c697c6-1520-4aae-9f5c-6213dff6ab0a-c000.json"}]},"endpointsSet2":{"type":"array","defaultValue":[{"URL":"https://raw.githubusercontent.com/microsoft/OpenEduAnalytics/main/modules/module_catalog/Microsoft_Graph/test_data/GraphAPI/M365_App_User_Detail/part-00021-b6c697c6-1520-4aae-9f5c-6213dff6ab0a-c000.json","sinkDirectory":"graph_api/m365_app_user_detail","sinkFilename":"part-00021-b6c697c6-1520-4aae-9f5c-6213dff6ab0a-c000.json"},{"URL":"https://raw.githubusercontent.com/microsoft/OpenEduAnalytics/main/modules/module_catalog/Microsoft_Graph/test_data/GraphAPI/M365_App_User_Detail/part-00022-b6c697c6-1520-4aae-9f5c-6213dff6ab0a-c000.json","sinkDirectory":"graph_api/m365_app_user_detail","sinkFilename":"part-00022-b6c697c6-1520-4aae-9f5c-6213dff6ab0a-c000.json"},{"URL":"https://raw.githubusercontent.com/microsoft/OpenEduAnalytics/main/modules/module_catalog/Microsoft_Graph/test_data/GraphAPI/M365_App_User_Detail/part-00023-b6c697c6-1520-4aae-9f5c-6213dff6ab0a-c000.json","sinkDirectory":"graph_api/m365_app_user_detail","sinkFilename":"part-00023-b6c697c6-1520-4aae-9f5c-6213dff6ab0a-c000.json"},{"URL":"https://raw.githubusercontent.com/microsoft/OpenEduAnalytics/main/modules/module_catalog/Microsoft_Graph/test_data/GraphAPI/M365_App_User_Detail/part-00024-b6c697c6-1520-4aae-9f5c-6213dff6ab0a-c000.json","sinkDirectory":"graph_api/m365_app_user_detail","sinkFilename":"part-00024-b6c697c6-1520-4aae-9f5c-6213dff6ab0a-c000.json"},{"URL":"https://raw.githubusercontent.com/microsoft/OpenEduAnalytics/main/modules/module_catalog/Microsoft_Graph/test_data/GraphAPI/M365_App_User_Detail/part-00025-b6c697c6-1520-4aae-9f5c-6213dff6ab0a-c000.json","sinkDirectory":"graph_api/m365_app_user_detail","sinkFilename":"part-00025-b6c697c6-1520-4aae-9f5c-6213dff6ab0a-c000.json"},{"URL":"https://raw.githubusercontent.com/microsoft/OpenEduAnalytics/main/modules/module_catalog/Microsoft_Graph/test_data/GraphAPI/M365_App_User_Detail/part-00026-b6c697c6-1520-4aae-9f5c-6213dff6ab0a-c000.json","sinkDirectory":"graph_api/m365_app_user_detail","sinkFilename":"part-00026-b6c697c6-1520-4aae-9f5c-6213dff6ab0a-c000.json"},{"URL":"https://raw.githubusercontent.com/microsoft/OpenEduAnalytics/main/modules/module_catalog/Microsoft_Graph/test_data/GraphAPI/M365_App_User_Detail/part-00027-b6c697c6-1520-4aae-9f5c-6213dff6ab0a-c000.json","sinkDirectory":"graph_api/m365_app_user_detail","sinkFilename":"part-00027-b6c697c6-1520-4aae-9f5c-6213dff6ab0a-c000.json"},{"URL":"https://raw.githubusercontent.com/microsoft/OpenEduAnalytics/main/modules/module_catalog/Microsoft_Graph/test_data/GraphAPI/M365_App_User_Detail/part-00028-b6c697c6-1520-4aae-9f5c-6213dff6ab0a-c000.json","sinkDirectory":"graph_api/m365_app_user_detail","sinkFilename":"part-00028-b6c697c6-1520-4aae-9f5c-6213dff6ab0a-c000.json"},{"URL":"https://raw.githubusercontent.com/microsoft/OpenEduAnalytics/main/modules/module_catalog/Microsoft_Graph/test_data/GraphAPI/M365_App_User_Detail/part-00029-b6c697c6-1520-4aae-9f5c-6213dff6ab0a-c000.json","sinkDirectory":"graph_api/m365_app_user_detail","sinkFilename":"part-00029-b6c697c6-1520-4aae-9f5c-6213dff6ab0a-c000.json"},{"URL":"https://raw.githubusercontent.com/microsoft/OpenEduAnalytics/main/modules/module_catalog/Microsoft_Graph/test_data/GraphAPI/M365_App_User_Detail/part-00030-b6c697c6-1520-4aae-9f5c-6213dff6ab0a-c000.json","sinkDirectory":"graph_api/m365_app_user_detail","sinkFilename":"part-00030-b6c697c6-1520-4aae-9f5c-6213dff6ab0a-c000.json"},{"URL":"https://raw.githubusercontent.com/microsoft/OpenEduAnalytics/main/modules/module_catalog/Microsoft_Graph/test_data/GraphAPI/M365_App_User_Detail/part-00031-b6c697c6-1520-4aae-9f5c-6213dff6ab0a-c000.json","sinkDirectory":"graph_api/m365_app_user_detail","sinkFilename":"part-00031-b6c697c6-1520-4aae-9f5c-6213dff6ab0a-c000.json"},{"URL":"https://raw.githubusercontent.com/microsoft/OpenEduAnalytics/main/modules/module_catalog/Microsoft_Graph/test_data/GraphAPI/Teams_Activity_User_Detail/part-00000-bd366e94-d20e-4e81-b4ba-47b15889b4a9-c000.json","sinkDirectory":"graph_api/teams_activity_user_detail","sinkFilename":"part-00000-bd366e94-d20e-4e81-b4ba-47b15889b4a9-c000.json"},{"URL":"https://raw.githubusercontent.com/microsoft/OpenEduAnalytics/main/modules/module_catalog/Microsoft_Graph/test_data/GraphAPI/Teams_Activity_User_Detail/part-00001-bd366e94-d20e-4e81-b4ba-47b15889b4a9-c000.json","sinkDirectory":"graph_api/teams_activity_user_detail","sinkFilename":"part-00001-bd366e94-d20e-4e81-b4ba-47b15889b4a9-c000.json"},{"URL":"https://raw.githubusercontent.com/microsoft/OpenEduAnalytics/main/modules/module_catalog/Microsoft_Graph/test_data/GraphAPI/Teams_Activity_User_Detail/part-00002-bd366e94-d20e-4e81-b4ba-47b15889b4a9-c000.json","sinkDirectory":"graph_api/teams_activity_user_detail","sinkFilename":"part-00002-bd366e94-d20e-4e81-b4ba-47b15889b4a9-c000.json"},{"URL":"https://raw.githubusercontent.com/microsoft/OpenEduAnalytics/main/modules/module_catalog/Microsoft_Graph/test_data/GraphAPI/Teams_Activity_User_Detail/part-00003-bd366e94-d20e-4e81-b4ba-47b15889b4a9-c000.json","sinkDirectory":"graph_api/teams_activity_user_detail","sinkFilename":"part-00003-bd366e94-d20e-4e81-b4ba-47b15889b4a9-c000.json"},{"URL":"https://raw.githubusercontent.com/microsoft/OpenEduAnalytics/main/modules/module_catalog/Microsoft_Graph/test_data/GraphAPI/Teams_Activity_User_Detail/part-00004-bd366e94-d20e-4e81-b4ba-47b15889b4a9-c000.json","sinkDirectory":"graph_api/teams_activity_user_detail","sinkFilename":"part-00004-bd366e94-d20e-4e81-b4ba-47b15889b4a9-c000.json"},{"URL":"https://raw.githubusercontent.com/microsoft/OpenEduAnalytics/main/modules/module_catalog/Microsoft_Graph/test_data/GraphAPI/Teams_Activity_User_Detail/part-00005-bd366e94-d20e-4e81-b4ba-47b15889b4a9-c000.json","sinkDirectory":"graph_api/teams_activity_user_detail","sinkFilename":"part-00005-bd366e94-d20e-4e81-b4ba-47b15889b4a9-c000.json"},{"URL":"https://raw.githubusercontent.com/microsoft/OpenEduAnalytics/main/modules/module_catalog/Microsoft_Graph/test_data/GraphAPI/Teams_Activity_User_Detail/part-00006-bd366e94-d20e-4e81-b4ba-47b15889b4a9-c000.json","sinkDirectory":"graph_api/teams_activity_user_detail","sinkFilename":"part-00006-bd366e94-d20e-4e81-b4ba-47b15889b4a9-c000.json"},{"URL":"https://raw.githubusercontent.com/microsoft/OpenEduAnalytics/main/modules/module_catalog/Microsoft_Graph/test_data/GraphAPI/Teams_Activity_User_Detail/part-00007-bd366e94-d20e-4e81-b4ba-47b15889b4a9-c000.json","sinkDirectory":"graph_api/teams_activity_user_detail","sinkFilename":"part-00007-bd366e94-d20e-4e81-b4ba-47b15889b4a9-c000.json"},{"URL":"https://raw.githubusercontent.com/microsoft/OpenEduAnalytics/main/modules/module_catalog/Microsoft_Graph/test_data/GraphAPI/Teams_Activity_User_Detail/part-00008-bd366e94-d20e-4e81-b4ba-47b15889b4a9-c000.json","sinkDirectory":"graph_api/teams_activity_user_detail","sinkFilename":"part-00008-bd366e94-d20e-4e81-b4ba-47b15889b4a9-c000.json"},{"URL":"https://raw.githubusercontent.com/microsoft/OpenEduAnalytics/main/modules/module_catalog/Microsoft_Graph/test_data/GraphAPI/Teams_Activity_User_Detail/part-00009-bd366e94-d20e-4e81-b4ba-47b15889b4a9-c000.json","sinkDirectory":"graph_api/teams_activity_user_detail","sinkFilename":"part-00009-bd366e94-d20e-4e81-b4ba-47b15889b4a9-c000.json"}]},"endpointsSet3":{"type":"array","defaultValue":[{"URL":"https://raw.githubusercontent.com/microsoft/OpenEduAnalytics/main/modules/module_catalog/Microsoft_Graph/test_data/GraphAPI/Teams_Activity_User_Detail/part-00010-bd366e94-d20e-4e81-b4ba-47b15889b4a9-c000.json","sinkDirectory":"graph_api/teams_activity_user_detail","sinkFilename":"part-00010-bd366e94-d20e-4e81-b4ba-47b15889b4a9-c000.json"},{"URL":"https://raw.githubusercontent.com/microsoft/OpenEduAnalytics/main/modules/module_catalog/Microsoft_Graph/test_data/GraphAPI/Teams_Activity_User_Detail/part-00011-bd366e94-d20e-4e81-b4ba-47b15889b4a9-c000.json","sinkDirectory":"graph_api/teams_activity_user_detail","sinkFilename":"part-00011-bd366e94-d20e-4e81-b4ba-47b15889b4a9-c000.json"},{"URL":"https://raw.githubusercontent.com/microsoft/OpenEduAnalytics/main/modules/module_catalog/Microsoft_Graph/test_data/GraphAPI/Teams_Activity_User_Detail/part-00012-bd366e94-d20e-4e81-b4ba-47b15889b4a9-c000.json","sinkDirectory":"graph_api/teams_activity_user_detail","sinkFilename":"part-00012-bd366e94-d20e-4e81-b4ba-47b15889b4a9-c000.json"},{"URL":"https://raw.githubusercontent.com/microsoft/OpenEduAnalytics/main/modules/module_catalog/Microsoft_Graph/test_data/GraphAPI/Teams_Activity_User_Detail/part-00013-bd366e94-d20e-4e81-b4ba-47b15889b4a9-c000.json","sinkDirectory":"graph_api/teams_activity_user_detail","sinkFilename":"part-00013-bd366e94-d20e-4e81-b4ba-47b15889b4a9-c000.json"},{"URL":"https://raw.githubusercontent.com/microsoft/OpenEduAnalytics/main/modules/module_catalog/Microsoft_Graph/test_data/GraphAPI/Teams_Activity_User_Detail/part-00014-bd366e94-d20e-4e81-b4ba-47b15889b4a9-c000.json","sinkDirectory":"graph_api/teams_activity_user_detail","sinkFilename":"part-00014-bd366e94-d20e-4e81-b4ba-47b15889b4a9-c000.json"},{"URL":"https://raw.githubusercontent.com/microsoft/OpenEduAnalytics/main/modules/module_catalog/Microsoft_Graph/test_data/GraphAPI/Teams_Activity_User_Detail/part-00015-bd366e94-d20e-4e81-b4ba-47b15889b4a9-c000.json","sinkDirectory":"graph_api/teams_activity_user_detail","sinkFilename":"part-00015-bd366e94-d20e-4e81-b4ba-47b15889b4a9-c000.json"},{"URL":"https://raw.githubusercontent.com/microsoft/OpenEduAnalytics/main/modules/module_catalog/Microsoft_Graph/test_data/GraphAPI/Teams_Activity_User_Detail/part-00016-bd366e94-d20e-4e81-b4ba-47b15889b4a9-c000.json","sinkDirectory":"graph_api/teams_activity_user_detail","sinkFilename":"part-00016-bd366e94-d20e-4e81-b4ba-47b15889b4a9-c000.json"},{"URL":"https://raw.githubusercontent.com/microsoft/OpenEduAnalytics/main/modules/module_catalog/Microsoft_Graph/test_data/GraphAPI/Teams_Activity_User_Detail/part-00017-bd366e94-d20e-4e81-b4ba-47b15889b4a9-c000.json","sinkDirectory":"graph_api/teams_activity_user_detail","sinkFilename":"part-00017-bd366e94-d20e-4e81-b4ba-47b15889b4a9-c000.json"},{"URL":"https://raw.githubusercontent.com/microsoft/OpenEduAnalytics/main/modules/module_catalog/Microsoft_Graph/test_data/GraphAPI/Teams_Activity_User_Detail/part-00018-bd366e94-d20e-4e81-b4ba-47b15889b4a9-c000.json","sinkDirectory":"graph_api/teams_activity_user_detail","sinkFilename":"part-00018-bd366e94-d20e-4e81-b4ba-47b15889b4a9-c000.json"},{"URL":"https://raw.githubusercontent.com/microsoft/OpenEduAnalytics/main/modules/module_catalog/Microsoft_Graph/test_data/GraphAPI/Teams_Activity_User_Detail/part-00019-bd366e94-d20e-4e81-b4ba-47b15889b4a9-c000.json","sinkDirectory":"graph_api/teams_activity_user_detail","sinkFilename":"part-00019-bd366e94-d20e-4e81-b4ba-47b15889b4a9-c000.json"},{"URL":"https://raw.githubusercontent.com/microsoft/OpenEduAnalytics/main/modules/module_catalog/Microsoft_Graph/test_data/GraphAPI/Teams_Activity_User_Detail/part-00020-bd366e94-d20e-4e81-b4ba-47b15889b4a9-c000.json","sinkDirectory":"graph_api/teams_activity_user_detail","sinkFilename":"part-00020-bd366e94-d20e-4e81-b4ba-47b15889b4a9-c000.json"},{"URL":"https://raw.githubusercontent.com/microsoft/OpenEduAnalytics/main/modules/module_catalog/Microsoft_Graph/test_data/GraphAPI/Teams_Activity_User_Detail/part-00021-bd366e94-d20e-4e81-b4ba-47b15889b4a9-c000.json","sinkDirectory":"graph_api/teams_activity_user_detail","sinkFilename":"part-00021-bd366e94-d20e-4e81-b4ba-47b15889b4a9-c000.json"},{"URL":"https://raw.githubusercontent.com/microsoft/OpenEduAnalytics/main/modules/module_catalog/Microsoft_Graph/test_data/GraphAPI/Teams_Activity_User_Detail/part-00022-bd366e94-d20e-4e81-b4ba-47b15889b4a9-c000.json","sinkDirectory":"graph_api/teams_activity_user_detail","sinkFilename":"part-00022-bd366e94-d20e-4e81-b4ba-47b15889b4a9-c000.json"},{"URL":"https://raw.githubusercontent.com/microsoft/OpenEduAnalytics/main/modules/module_catalog/Microsoft_Graph/test_data/GraphAPI/Teams_Activity_User_Detail/part-00023-bd366e94-d20e-4e81-b4ba-47b15889b4a9-c000.json","sinkDirectory":"graph_api/teams_activity_user_detail","sinkFilename":"part-00023-bd366e94-d20e-4e81-b4ba-47b15889b4a9-c000.json"},{"URL":"https://raw.githubusercontent.com/microsoft/OpenEduAnalytics/main/modules/module_catalog/Microsoft_Graph/test_data/GraphAPI/Teams_Activity_User_Detail/part-00024-bd366e94-d20e-4e81-b4ba-47b15889b4a9-c000.json","sinkDirectory":"graph_api/teams_activity_user_detail","sinkFilename":"part-00024-bd366e94-d20e-4e81-b4ba-47b15889b4a9-c000.json"},{"URL":"https://raw.githubusercontent.com/microsoft/OpenEduAnalytics/main/modules/module_catalog/Microsoft_Graph/test_data/GraphAPI/Teams_Activity_User_Detail/part-00025-bd366e94-d20e-4e81-b4ba-47b15889b4a9-c000.json","sinkDirectory":"graph_api/teams_activity_user_detail","sinkFilename":"part-00025-bd366e94-d20e-4e81-b4ba-47b15889b4a9-c000.json"},{"URL":"https://raw.githubusercontent.com/microsoft/OpenEduAnalytics/main/modules/module_catalog/Microsoft_Graph/test_data/GraphAPI/Teams_Activity_User_Detail/part-00026-bd366e94-d20e-4e81-b4ba-47b15889b4a9-c000.json","sinkDirectory":"graph_api/teams_activity_user_detail","sinkFilename":"part-00026-bd366e94-d20e-4e81-b4ba-47b15889b4a9-c000.json"},{"URL":"https://raw.githubusercontent.com/microsoft/OpenEduAnalytics/main/modules/module_catalog/Microsoft_Graph/test_data/GraphAPI/Teams_Activity_User_Detail/part-00027-bd366e94-d20e-4e81-b4ba-47b15889b4a9-c000.json","sinkDirectory":"graph_api/teams_activity_user_detail","sinkFilename":"part-00027-bd366e94-d20e-4e81-b4ba-47b15889b4a9-c000.json"},{"URL":"https://raw.githubusercontent.com/microsoft/OpenEduAnalytics/main/modules/module_catalog/Microsoft_Graph/test_data/GraphAPI/Teams_Activity_User_Detail/part-00028-bd366e94-d20e-4e81-b4ba-47b15889b4a9-c000.json","sinkDirectory":"graph_api/teams_activity_user_detail","sinkFilename":"part-00028-bd366e94-d20e-4e81-b4ba-47b15889b4a9-c000.json"},{"URL":"https://raw.githubusercontent.com/microsoft/OpenEduAnalytics/main/modules/module_catalog/Microsoft_Graph/test_data/GraphAPI/Teams_Activity_User_Detail/part-00029-bd366e94-d20e-4e81-b4ba-47b15889b4a9-c000.json","sinkDirectory":"graph_api/teams_activity_user_detail","sinkFilename":"part-00029-bd366e94-d20e-4e81-b4ba-47b15889b4a9-c000.json"},{"URL":"https://raw.githubusercontent.com/microsoft/OpenEduAnalytics/main/modules/module_catalog/Microsoft_Graph/test_data/GraphAPI/Teams_Activity_User_Detail/part-00030-bd366e94-d20e-4e81-b4ba-47b15889b4a9-c000.json","sinkDirectory":"graph_api/teams_activity_user_detail","sinkFilename":"part-00030-bd366e94-d20e-4e81-b4ba-47b15889b4a9-c000.json"},{"URL":"https://raw.githubusercontent.com/microsoft/OpenEduAnalytics/main/modules/module_catalog/Microsoft_Graph/test_data/GraphAPI/Teams_Activity_User_Detail/part-00031-bd366e94-d20e-4e81-b4ba-47b15889b4a9-c000.json","sinkDirectory":"graph_api/teams_activity_user_detail","sinkFilename":"part-00031-bd366e94-d20e-4e81-b4ba-47b15889b4a9-c000.json"}]},"sinkFilesystem":{"type":"string","defaultValue":"stage1np"},"timezone":{"type":"string","defaultValue":"Central Standard Time"}},"variables":{"currentDateTime":{"type":"String"}},"folder":{"name":"Graph API Module/Extracts"},"annotations":[],"lastPublishTime":"2022-08-30T19:49:25Z"},"dependsOn":["[concat(variables('workspaceId'), '/datasets/DS_HTTP_binary')]","[concat(variables('workspaceId'), '/datasets/DS_ADLS_binary')]"]},{"name":"[concat(parameters('workspaceName'), '/GraphAPI_module_ingestion')]","type":"Microsoft.Synapse/workspaces/notebooks","apiVersion":"2019-06-01-preview","properties":{"folder":{"name":"Graph API Module"},"nbformat":4,"nbformat_minor":2,"bigDataPool":{"referenceName":"spark3p1sm","type":"BigDataPoolReference"},"sessionProperties":{"driverMemory":"28g","driverCores":4,"executorMemory":"28g","executorCores":4,"numExecutors":2,"runAsWorkspaceSystemIdentity":false,"conf":{"spark.dynamicAllocation.enabled":"false","spark.dynamicAllocation.minExecutors":"2","spark.dynamicAllocation.maxExecutors":"2","spark.autotune.trackingId":"3d67842b-b36c-4130-97da-ea2869ddc3de"}},"metadata":{"saveOutput":true,"enableDebugMode":false,"kernelspec":{"name":"synapse_pyspark","display_name":"Synapse PySpark"},"language_info":{"name":"python"},"a365ComputeOptions":{"id":"/subscriptions/7b9a4896-4541-483f-bdc7-d8f4ec6be3ee/resourceGroups/rg-oea-cisd3v06kw2/providers/Microsoft.Synapse/workspaces/syn-oea-cisd3v06kw2/bigDataPools/spark3p1sm","name":"spark3p1sm","type":"Spark","endpoint":"https://syn-oea-cisd3v06kw2.dev.azuresynapse.net/livyApi/versions/2019-11-01-preview/sparkPools/spark3p1sm","auth":{"type":"AAD","authResource":"https://dev.azuresynapse.net","authHeader":null},"sparkVersion":"3.1","nodeCount":3,"cores":4,"memory":28,"extraHeader":null},"sessionKeepAliveTimeout":30},"cells":[{"cell_type":"markdown","metadata":{"nteract":{"transient":{"deleting":false}}},"source":["# Graph API Module Example Notebook\r\n",""],"attachments":null},{"cell_type":"code","metadata":{"jupyter":{"source_hidden":false,"outputs_hidden":false},"nteract":{"transient":{"deleting":false}}},"source":["%run /OEA_py"],"attachments":null,"outputs":[],"execution_count":1},{"cell_type":"code","metadata":{"jupyter":{"source_hidden":false,"outputs_hidden":false},"nteract":{"transient":{"deleting":false}}},"source":["%run /GraphAPI_py"],"attachments":null,"outputs":[],"execution_count":2},{"cell_type":"code","metadata":{"jupyter":{"source_hidden":false,"outputs_hidden":false},"nteract":{"transient":{"deleting":false}}},"source":["# 0) Initialize the OEA framework and modules needed.\r\n","oea = OEA()\r\n","graphapi = GraphAPI()"],"attachments":null,"outputs":[],"execution_count":3},{"cell_type":"code","metadata":{"jupyter":{"source_hidden":false,"outputs_hidden":false},"nteract":{"transient":{"deleting":false}}},"source":["graphapi.ingest()"],"attachments":null,"outputs":[],"execution_count":5},{"cell_type":"markdown","metadata":{"nteract":{"transient":{"deleting":false}}},"source":["##"],"attachments":null}]},"dependsOn":[]},{"name":"[concat(parameters('workspaceName'), '/create_sql_db')]","type":"Microsoft.Synapse/workspaces/pipelines","apiVersion":"2019-06-01-preview","properties":{"activities":[{"name":"set sqlDBName","type":"SetVariable","dependsOn":[],"userProperties":[],"typeProperties":{"variableName":"sqlDBName","value":{"value":"sqls@{pipeline().parameters.stage}_@{pipeline().parameters.sourceDirectory}","type":"Expression"}}},{"name":"Stored procedure1","type":"SqlServerStoredProcedure","dependsOn":[{"activity":"set sqlDBName","dependencyConditions":["Succeeded"]}],"policy":{"timeout":"7.00:00:00","retry":0,"retryIntervalInSeconds":30,"secureOutput":false,"secureInput":false},"userProperties":[],"typeProperties":{"storedProcedureName":"[[dbo].[sp_executesql]","storedProcedureParameters":{"command":{"value":{"value":"IF NOT EXISTS (SELECT * FROM sys.databases WHERE name = '@{variables('sqlDBName')}') \nBEGIN\n  CREATE DATABASE @{variables('sqlDBName')}; \nEND;","type":"Expression"},"type":"String"}}},"linkedServiceName":{"referenceName":"[parameters('LS_SQL_Serverless_OEA')]","type":"LinkedServiceReference","parameters":{"dbName":"master"}}},{"name":"get folders in stageXp","type":"GetMetadata","dependsOn":[{"activity":"Stored procedure1","dependencyConditions":["Succeeded"]}],"policy":{"timeout":"7.00:00:00","retry":0,"retryIntervalInSeconds":30,"secureOutput":false,"secureInput":false},"userProperties":[],"typeProperties":{"dataset":{"referenceName":"DS_ADLS_binary_folder","type":"DatasetReference","parameters":{"filesystem":{"value":"stage@{pipeline().parameters.stage}p","type":"Expression"},"directory":{"value":"@pipeline().parameters.sourceDirectory","type":"Expression"}}},"fieldList":["childItems"],"storeSettings":{"type":"AzureBlobFSReadSettings","recursive":true,"enablePartitionDiscovery":false},"formatSettings":{"type":"BinaryReadSettings"}}},{"name":"ForEach1","type":"ForEach","dependsOn":[{"activity":"get folders in stageXp","dependencyConditions":["Succeeded"]}],"userProperties":[],"typeProperties":{"items":{"value":"@activity('get folders in stageXp').output.childItems","type":"Expression"},"activities":[{"name":"create or alter view for pseduonymized tables","type":"SqlServerStoredProcedure","dependsOn":[],"policy":{"timeout":"7.00:00:00","retry":0,"retryIntervalInSeconds":30,"secureOutput":false,"secureInput":false},"userProperties":[{"name":"command","value":"CREATE OR ALTER VIEW @{item().name} AS SELECT * FROM OPENROWSET( BULK 'https://@{pipeline().parameters.storageAccount}.dfs.core.windows.net/stage@{pipeline().parameters.stage}p/@{pipeline().parameters.sourceDirectory}/@{item().name}', FORMAT='DELTA' ) AS [r]"}],"typeProperties":{"storedProcedureName":"[[dbo].[sp_executesql]","storedProcedureParameters":{"command":{"value":{"value":"CREATE OR ALTER VIEW @{item().name} AS\nSELECT * FROM OPENROWSET(\nBULK 'https://@{pipeline().parameters.storageAccount}.dfs.core.windows.net/stage@{pipeline().parameters.stage}p/@{pipeline().parameters.sourceDirectory}/@{item().name}',\nFORMAT='DELTA'\n) AS [r]","type":"Expression"},"type":"String"}}},"linkedServiceName":{"referenceName":"[parameters('LS_SQL_Serverless_OEA')]","type":"LinkedServiceReference","parameters":{"dbName":{"value":"@variables('sqlDBName')","type":"Expression"}}}}]}},{"name":"get folders in stageXnp","type":"GetMetadata","dependsOn":[{"activity":"Stored procedure1","dependencyConditions":["Succeeded"]}],"policy":{"timeout":"7.00:00:00","retry":0,"retryIntervalInSeconds":30,"secureOutput":false,"secureInput":false},"userProperties":[],"typeProperties":{"dataset":{"referenceName":"DS_ADLS_binary_folder","type":"DatasetReference","parameters":{"filesystem":{"value":"stage@{pipeline().parameters.stage}np","type":"Expression"},"directory":{"value":"@pipeline().parameters.sourceDirectory","type":"Expression"}}},"fieldList":["childItems"],"storeSettings":{"type":"AzureBlobFSReadSettings","recursive":true,"enablePartitionDiscovery":false},"formatSettings":{"type":"BinaryReadSettings"}}},{"name":"ForEach2","type":"ForEach","dependsOn":[{"activity":"get folders in stageXnp","dependencyConditions":["Succeeded"]}],"userProperties":[],"typeProperties":{"items":{"value":"@activity('get folders in stageXnp').output.childItems","type":"Expression"},"activities":[{"name":"create or alter view for lookup tables","type":"SqlServerStoredProcedure","dependsOn":[],"policy":{"timeout":"7.00:00:00","retry":0,"retryIntervalInSeconds":30,"secureOutput":false,"secureInput":false},"userProperties":[{"name":"command","value":"CREATE OR ALTER VIEW @{item().name} AS SELECT * FROM OPENROWSET( BULK 'https://@{pipeline().parameters.storageAccount}.dfs.core.windows.net/stage@{pipeline().parameters.stage}p/@{pipeline().parameters.sourceDirectory}/@{item().name}', FORMAT='DELTA' ) AS [r]"}],"typeProperties":{"storedProcedureName":"[[dbo].[sp_executesql]","storedProcedureParameters":{"command":{"value":{"value":"CREATE OR ALTER VIEW @{item().name} AS\nSELECT * FROM OPENROWSET(\nBULK 'https://@{pipeline().parameters.storageAccount}.dfs.core.windows.net/stage@{pipeline().parameters.stage}np/@{pipeline().parameters.sourceDirectory}/@{item().name}',\nFORMAT='DELTA'\n) AS [r]","type":"Expression"},"type":"String"}}},"linkedServiceName":{"referenceName":"[parameters('LS_SQL_Serverless_OEA')]","type":"LinkedServiceReference","parameters":{"dbName":{"value":"@variables('sqlDBName')","type":"Expression"}}}}]}}],"policy":{"elapsedTimeMetric":{},"cancelAfter":{}},"parameters":{"storageAccount":{"type":"string","defaultValue":"@pipeline().parameters.storageAccount"},"sourceDirectory":{"type":"string","defaultValue":"@pipeline().parameters.sourceDirectory"},"stage":{"type":"string","defaultValue":"2"}},"variables":{"sqlDBName":{"type":"String","defaultValue":"sqls2_mydb"}},"folder":{"name":"OEA_Framework/Ingest"},"annotations":[],"lastPublishTime":"2022-08-09T19:57:11Z"},"dependsOn":["[concat(variables('workspaceId'), '/datasets/DS_ADLS_binary_folder')]"]},{"name":"[concat(parameters('workspaceName'), '/create_lake_db')]","type":"Microsoft.Synapse/workspaces/pipelines","apiVersion":"2019-06-01-preview","properties":{"activities":[{"name":"create_lake_db","type":"SynapseNotebook","dependsOn":[],"policy":{"timeout":"7.00:00:00","retry":0,"retryIntervalInSeconds":30,"secureOutput":false,"secureInput":false},"userProperties":[{"name":"kwargs","value":"{'stage_num':@{pipeline().parameters.stageNum},'source_dir':@{pipeline().parameters.sourceDirectory}"}],"typeProperties":{"notebook":{"referenceName":"OEA_connector_gene","type":"NotebookReference"},"parameters":{"object_name":{"value":"oea","type":"string"},"method_name":{"value":"create_lake_db","type":"string"},"kwargs":{"value":{"value":"{'stage_num':@{pipeline().parameters.stageNum},'source_dir':'@{pipeline().parameters.sourceDirectory}'}","type":"Expression"},"type":"string"}},"sparkPool":{"referenceName":"spark3p1sm","type":"BigDataPoolReference"},"conf":{"spark.dynamicAllocation.enabled":null,"spark.dynamicAllocation.minExecutors":null,"spark.dynamicAllocation.maxExecutors":null},"numExecutors":null}}],"policy":{"elapsedTimeMetric":{},"cancelAfter":{}},"parameters":{"stageNum":{"type":"string","defaultValue":"2"},"sourceDirectory":{"type":"string","defaultValue":"@pipeline().parameters.sourceDirectory"}},"folder":{"name":"OEA_Framework/Ingest"},"annotations":[],"lastPublishTime":"2022-08-09T19:57:06Z"},"dependsOn":["[concat(variables('workspaceId'), '/notebooks/OEA_connector_gene')]","[concat(variables('workspaceId'), '/bigDataPools/spark3p1sm')]"]},{"name":"[concat(parameters('workspaceName'), '/DS_HTTP_binary')]","type":"Microsoft.Synapse/workspaces/datasets","apiVersion":"2019-06-01-preview","properties":{"description":"Retrieves data from an http endpoint.\nThe data can be in any format - the binary dataset allows us to pull any payload without affecting it.","linkedServiceName":{"referenceName":"[parameters('LS_HTTP')]","type":"LinkedServiceReference","parameters":{"baseURL":{"value":"@dataset().URL","type":"Expression"}}},"parameters":{"URL":{"type":"string"}},"folder":{"name":"OEA_Framework"},"annotations":[],"type":"Binary","typeProperties":{"location":{"type":"HttpServerLocation"}}},"dependsOn":[]},{"name":"[concat(parameters('workspaceName'), '/DS_ADLS_binary')]","type":"Microsoft.Synapse/workspaces/datasets","apiVersion":"2019-06-01-preview","properties":{"linkedServiceName":{"referenceName":"[parameters('LS_ADLS_OEA')]","type":"LinkedServiceReference"},"parameters":{"filesystem":{"type":"string","defaultValue":"stage1np"},"directory":{"type":"string"},"file":{"type":"string"}},"annotations":[],"type":"Binary","typeProperties":{"location":{"type":"AzureBlobFSLocation","fileName":{"value":"@dataset().file","type":"Expression"},"folderPath":{"value":"@dataset().directory","type":"Expression"},"fileSystem":{"value":"@dataset().filesystem","type":"Expression"}}}},"dependsOn":[]},{"name":"[concat(parameters('workspaceName'), '/DS_ADLS_binary_folder')]","type":"Microsoft.Synapse/workspaces/datasets","apiVersion":"2019-06-01-preview","properties":{"linkedServiceName":{"referenceName":"[parameters('LS_ADLS_OEA')]","type":"LinkedServiceReference"},"parameters":{"filesystem":{"type":"string"},"directory":{"type":"string"}},"folder":{"name":"OEA_Framework"},"annotations":[],"type":"Binary","typeProperties":{"location":{"type":"AzureBlobFSLocation","folderPath":{"value":"@dataset().directory","type":"Expression"},"fileSystem":{"value":"@dataset().filesystem","type":"Expression"}}}},"dependsOn":[]},{"name":"[concat(parameters('workspaceName'), '/OEA_connector_gene')]","type":"Microsoft.Synapse/workspaces/notebooks","apiVersion":"2019-06-01-preview","properties":{"nbformat":4,"nbformat_minor":2,"bigDataPool":{"referenceName":"spark3p1sm","type":"BigDataPoolReference"},"sessionProperties":{"driverMemory":"28g","driverCores":4,"executorMemory":"28g","executorCores":4,"numExecutors":2,"runAsWorkspaceSystemIdentity":false,"conf":{}},"metadata":{"kernelspec":{"name":"synapse_pyspark","display_name":"Synapse PySpark"},"language_info":{"name":"python"}},"cells":[{"cell_type":"markdown","metadata":{"nteract":{"transient":{"deleting":false}}},"source":["# OEA connector\n","This notebook provides a way for invoking methods on the OEA framework or supporting modules from a pipeline.\n","\n","When setting up a new module, be sure to include a new cell below that imports that module, so that its methods can be invoked by pipelines."],"attachments":null},{"cell_type":"code","metadata":{"jupyter":{"source_hidden":false,"outputs_hidden":false},"nteract":{"transient":{"deleting":false}},"tags":["parameters"]},"source":["# These values should be passed in from the pipeline that is using this notebook as an activity.\r\n","# Note that kwargs allows you to pass in a dict of params, but the dict has to specified as a string when invoked from a pipeline.\r\n","# Also note that you can refer to attributes of an object in the params, for example: {'path':oea.stage2np}\r\n","object_name = 'oea'\r\n","method_name = ''\r\n","kwargs = '{}'"],"attachments":null,"outputs":[],"execution_count":null},{"cell_type":"code","metadata":{"jupyter":{"outputs_hidden":false,"source_hidden":false},"nteract":{"transient":{"deleting":false}},"collapsed":true},"source":["%run /OEA_py"],"attachments":null,"outputs":[],"execution_count":null},{"cell_type":"code","metadata":{"jupyter":{"outputs_hidden":false,"source_hidden":false},"nteract":{"transient":{"deleting":false}},"collapsed":true},"source":["%run /ContosoSIS_py"],"attachments":null,"outputs":[],"execution_count":null},{"cell_type":"code","metadata":{"jupyter":{"source_hidden":false,"outputs_hidden":false},"nteract":{"transient":{"deleting":false}}},"source":["obj = eval(object_name)\r\n","kwargs = eval(kwargs)\r\n","m = getattr(obj, method_name)\r\n","result = m(**kwargs)\r\n","mssparkutils.notebook.exit(result)"],"attachments":null,"outputs":[],"execution_count":null}]},"dependsOn":[]},{"name":"[concat(parameters('workspaceName'), '/spark3p1sm')]","type":"Microsoft.Synapse/workspaces/bigDataPools","apiVersion":"2019-06-01-preview","properties":{"autoPause":{"enabled":true,"delayInMinutes":15},"autoScale":{"enabled":true,"maxNodeCount":5,"minNodeCount":3},"nodeCount":3,"nodeSize":"Small","nodeSizeFamily":"MemoryOptimized","sparkVersion":"3.1","libraryRequirements":{"content":"opencensus-ext-azure >= 1.0.8\r\nFaker >= 8.0","filename":"/usr/csuser/clouddrive/OpenEduAnalytics/framework/requirements.txt","time":"2022-02-03T19:05:46.617302Z"},"isComputeIsolationEnabled":false,"sessionLevelPackagesEnabled":false,"annotations":[]},"dependsOn":[],"location":"westus"}]}