{
    "now": "2022-04-26T17:41:13.956Z",
    "perfNow": 15085828,
    "diagnosticCorrelation": "7b4c53ea-12be-4d38-895d-7be2aab48778",
    "source": "DownloadSupportFiles",
    "environment": {
        "productName": "a365",
        "buildVersion": "22.0418.12",
        "environmentType": 9,
        "resourceName": "eduanalyticsfusd2",
        "resourceRegion": "westus2",
        "resourceGroup": "EduAnalytics",
        "subscriptionId": "f16d97ba-b733-4436-9564-554a1452b258",
        "sessionId": "i2iOC",
        "operationId": "9MIcF",
        "gitType": "VSTS"
    },
    "additionalInfo": {
        "selectedResource": "ml_main_pipeline",
        "selectedResourceType": "pipeline"
    }
}