{
    "now": "2021-12-02T13:33:09.865Z",
    "perfNow": 38672.89999997616,
    "diagnosticCorrelation": "c866bc13-744a-4bcb-8ba6-c2b46ebd9f16",
    "source": "DownloadSupportFiles",
    "environment": {
        "productName": "a365",
        "buildVersion": "21.1128.10",
        "environmentType": 9,
        "resourceName": "syn-oea-cisdam2",
        "resourceRegion": "centralindia",
        "resourceGroup": "rg-oea-CISDAM2",
        "subscriptionId": "7b9a4896-4541-483f-bdc7-d8f4ec6be3ee",
        "sessionId": "JL0dB",
        "operationId": "IAe2J",
        "gitType": "live"
    },
    "additionalInfo": {
        "selectedResource": "Incremental_query_ingest_to_Stage1np",
        "selectedResourceType": "pipeline"
    }
}