{
    "now": "2021-12-20T01:45:36.402Z",
    "perfNow": 11284421.700000018,
    "diagnosticCorrelation": "f7d7b76c-a956-4328-886a-71b1dd4db077",
    "source": "DownloadSupportFiles",
    "environment": {
        "productName": "a365",
        "buildVersion": "21.1213.18",
        "environmentType": 9,
        "resourceName": "syn-oea-finaltest",
        "resourceRegion": "eastus",
        "resourceGroup": "rg-oea-finaltest",
        "subscriptionId": "66507c1b-4c16-4eb1-979e-2dffd64f85a0",
        "sessionId": "g43la",
        "operationId": "nNSws",
        "gitType": "GitHub"
    },
    "additionalInfo": {
        "selectedResource": "Data_ML_pipeline",
        "selectedResourceType": "pipeline"
    }
}