{
    "now": "2022-01-06T21:11:46.971Z",
    "perfNow": 3127170.7999999523,
    "diagnosticCorrelation": "5c9501cf-350f-484e-b3f7-b3415eea13ee",
    "source": "DownloadSupportFiles",
    "environment": {
        "productName": "a365",
        "buildVersion": "22.0105.09",
        "environmentType": 9,
        "resourceName": "syn-oea-finaltest",
        "resourceRegion": "eastus",
        "resourceGroup": "rg-oea-finaltest",
        "subscriptionId": "66507c1b-4c16-4eb1-979e-2dffd64f85a0",
        "sessionId": "Fn+Ci",
        "operationId": "r++D7",
        "gitType": "GitHub"
    },
    "additionalInfo": {
        "selectedResource": "Data_ML_pipeline",
        "selectedResourceType": "pipeline"
    }
}