{
    "now": "2022-04-26T17:41:21.339Z",
    "perfNow": 15093210.80000019,
    "diagnosticCorrelation": "b4782894-6a27-4e81-8f98-380a62e2447d",
    "source": "DownloadSupportFiles",
    "environment": {
        "productName": "a365",
        "buildVersion": "22.0418.12",
        "environmentType": 9,
        "resourceName": "eduanalyticsfusd2",
        "resourceRegion": "westus2",
        "resourceGroup": "EduAnalytics",
        "subscriptionId": "f16d97ba-b733-4436-9564-554a1452b258",
        "sessionId": "i2iOC",
        "operationId": "9MIcF",
        "gitType": "VSTS"
    },
    "additionalInfo": {
        "selectedResource": "p3_feature_eng_automl",
        "selectedResourceType": "pipeline"
    }
}