{
    "now": "2022-06-15T19:44:39.352Z",
    "perfNow": 102246331.39999962,
    "diagnosticCorrelation": "34b8b202-254a-45ac-be78-14752a6a5a20",
    "source": "DownloadSupportFiles",
    "environment": {
        "productName": "a365",
        "buildVersion": "22.0605.02",
        "environmentType": 9,
        "resourceName": "eduanalyticsfusd2",
        "resourceRegion": "westus2",
        "resourceGroup": "EduAnalytics",
        "subscriptionId": "f16d97ba-b733-4436-9564-554a1452b258",
        "sessionId": "ZMKjU",
        "operationId": "bv8O0",
        "gitType": "VSTS"
    },
    "additionalInfo": {
        "selectedResource": "MainPipeline",
        "selectedResourceType": "pipeline"
    }
}