{"$schema":"http://schema.management.azure.com/schemas/2015-01-01/deploymentTemplate.json#","contentVersion":"1.0.0.0","parameters":{"workspaceName":{"type":"string","metadata":"Workspace name","defaultValue":"syn-oea-hybriddev2"},"Graph API":{"type":"string"},"syn-oea-hybriddev2-WorkspaceDefaultStorage":{"type":"string"}},"variables":{"workspaceId":"[concat('Microsoft.Synapse/workspaces/', parameters('workspaceName'))]"},"resources":[{"name":"[concat(parameters('workspaceName'), '/GraphAPI_data_ingestion')]","type":"Microsoft.Synapse/workspaces/pipelines","apiVersion":"2019-06-01-preview","properties":{"activities":[{"name":"Get_userData_from_GraphAPI","type":"Copy","dependsOn":[{"activity":"Set currentDateTime","dependencyConditions":["Succeeded"]}],"policy":{"timeout":"7.00:00:00","retry":0,"retryIntervalInSeconds":30,"secureOutput":false,"secureInput":false},"userProperties":[],"typeProperties":{"source":{"type":"RestSource","httpRequestTimeout":"00:01:40","requestInterval":"00.00:00:00.010","requestMethod":"GET"},"sink":{"type":"JsonSink","storeSettings":{"type":"AzureBlobFSWriteSettings"},"formatSettings":{"type":"JsonWriteSettings"}},"enableStaging":false},"inputs":[{"referenceName":"GraphAPI","type":"DatasetReference","parameters":{"relativeURL":"beta/users?$select=givenName,surname,userPrincipalName,id"}}],"outputs":[{"referenceName":"Ingested_JSON","type":"DatasetReference","parameters":{"filesystem":"stage1np","directory":{"value":"@concat('graph_api/users/', variables('currentDateTime'))","type":"Expression"},"file":"users.json"}}]},{"name":"Get_TeamsUserActivityDetails_from_GraphAPI","description":"","type":"Copy","dependsOn":[{"activity":"Set currentDateTime","dependencyConditions":["Succeeded"]}],"policy":{"timeout":"7.00:00:00","retry":0,"retryIntervalInSeconds":30,"secureOutput":false,"secureInput":false},"userProperties":[],"typeProperties":{"source":{"type":"RestSource","httpRequestTimeout":"00:01:40","requestInterval":"00.00:00:00.010","requestMethod":"GET"},"sink":{"type":"JsonSink","storeSettings":{"type":"AzureBlobFSWriteSettings"},"formatSettings":{"type":"JsonWriteSettings"}},"enableStaging":false},"inputs":[{"referenceName":"GraphAPI","type":"DatasetReference","parameters":{"relativeURL":"beta/reports/getTeamsUserActivityUserDetail(period='D7')?$format=application/json"}}],"outputs":[{"referenceName":"Ingested_JSON","type":"DatasetReference","parameters":{"filesystem":"stage1np","directory":{"value":"@concat('graph_api/teams_activity_user_detail/', variables('currentDateTime'))","type":"Expression"},"file":"teamsActivityUserDetail.json"}}]},{"name":"Get_M365AppUserDetail_from_GraphAPI","description":"","type":"Copy","dependsOn":[{"activity":"Set currentDateTime","dependencyConditions":["Succeeded"]}],"policy":{"timeout":"7.00:00:00","retry":0,"retryIntervalInSeconds":30,"secureOutput":false,"secureInput":false},"userProperties":[],"typeProperties":{"source":{"type":"RestSource","httpRequestTimeout":"00:01:40","requestInterval":"00.00:00:00.010","requestMethod":"GET"},"sink":{"type":"JsonSink","storeSettings":{"type":"AzureBlobFSWriteSettings"},"formatSettings":{"type":"JsonWriteSettings"}},"enableStaging":false},"inputs":[{"referenceName":"GraphAPI","type":"DatasetReference","parameters":{"relativeURL":"beta/reports/getM365AppUserDetail(period='D7')/content?$format=application/json"}}],"outputs":[{"referenceName":"Ingested_JSON","type":"DatasetReference","parameters":{"filesystem":"stage1np","directory":{"value":"@concat('graph_api/m365_app_user_detail/', variables('currentDateTime'))","type":"Expression"},"file":"m365AppUserDetail.json"}}]},{"name":"Set currentDateTime","type":"SetVariable","dependsOn":[],"userProperties":[],"typeProperties":{"variableName":"currentDateTime","value":{"value":"@{formatDateTime(convertTimeZone(utcnow(), 'UTC', pipeline().parameters.timezone), 'yyyy-MM-ddTHH-mm-ss')}","type":"Expression"}}}],"policy":{"elapsedTimeMetric":{},"cancelAfter":{}},"parameters":{"timezone":{"type":"string","defaultValue":"Central Standard Time"}},"variables":{"currentDateTime":{"type":"String"}},"folder":{"name":"Graph API Module/Extracts"},"annotations":[],"lastPublishTime":"2021-11-20T00:26:42Z"},"dependsOn":["[concat(variables('workspaceId'), '/datasets/GraphAPI')]","[concat(variables('workspaceId'), '/datasets/Ingested_JSON')]"]},{"name":"[concat(parameters('workspaceName'), '/GraphAPI')]","type":"Microsoft.Synapse/workspaces/datasets","apiVersion":"2019-06-01-preview","properties":{"linkedServiceName":{"referenceName":"[parameters('Graph API')]","type":"LinkedServiceReference"},"parameters":{"relativeURL":{"type":"string"}},"folder":{"name":"Graph API Integration Datasets"},"annotations":[],"type":"RestResource","typeProperties":{"relativeUrl":{"value":"@dataset().relativeURL","type":"Expression"}},"schema":[]},"dependsOn":[]},{"name":"[concat(parameters('workspaceName'), '/Ingested_JSON')]","type":"Microsoft.Synapse/workspaces/datasets","apiVersion":"2019-06-01-preview","properties":{"linkedServiceName":{"referenceName":"[parameters('syn-oea-hybriddev2-WorkspaceDefaultStorage')]","type":"LinkedServiceReference"},"parameters":{"filesystem":{"type":"string"},"directory":{"type":"string"},"file":{"type":"string"}},"folder":{"name":"Graph API Integration Datasets"},"annotations":[],"type":"Json","typeProperties":{"location":{"type":"AzureBlobFSLocation","fileName":{"value":"@dataset().file","type":"Expression"},"folderPath":{"value":"@dataset().directory","type":"Expression"},"fileSystem":{"value":"@dataset().filesystem","type":"Expression"}}},"schema":{}},"dependsOn":[]}]}