{"$schema":"http://schema.management.azure.com/schemas/2015-01-01/deploymentTemplate.json#","contentVersion":"1.0.0.0","parameters":{"workspaceName":{"type":"string","metadata":"Workspace name","defaultValue":"syn-oea-hybriddev2"},"LS_SQL_Serverless_OEA":{"type":"string"},"LS_HTTP":{"type":"string"},"LS_ADLS_OEA":{"type":"string"}},"variables":{"workspaceId":"[concat('Microsoft.Synapse/workspaces/', parameters('workspaceName'))]"},"resources":[{"name":"[concat(parameters('workspaceName'), '/GraphAPI_main_pipeline')]","type":"Microsoft.Synapse/workspaces/pipelines","apiVersion":"2019-06-01-preview","properties":{"activities":[{"name":"Extract from source - land in stage1np","type":"ExecutePipeline","dependsOn":[],"userProperties":[],"typeProperties":{"pipeline":{"referenceName":"GraphAPI_copy_test_data","type":"PipelineReference"},"waitOnCompletion":true,"parameters":{"endpointsSet1":{"value":"@json('[{\"URL\":\"https://raw.githubusercontent.com/microsoft/OpenEduAnalytics/main/modules/Microsoft_Graph/test_data/GraphAPI/Users/part-00000-cae42818-3572-4824-b396-58587ad01616-c000.json\",\"sinkDirectory\":\"graph_api/users\",\"sinkFilename\":\"part-00000-cae42818-3572-4824-b396-58587ad01616-c000.json\"},{\"URL\":\"https://raw.githubusercontent.com/microsoft/OpenEduAnalytics/main/modules/Microsoft_Graph/test_data/GraphAPI/M365_App_User_Detail/part-00000-b6c697c6-1520-4aae-9f5c-6213dff6ab0a-c000.json\",\"sinkDirectory\":\"graph_api/m365_app_user_detail\",\"sinkFilename\":\"part-00000-b6c697c6-1520-4aae-9f5c-6213dff6ab0a-c000.json\"},{\"URL\":\"https://raw.githubusercontent.com/microsoft/OpenEduAnalytics/main/modules/Microsoft_Graph/test_data/GraphAPI/M365_App_User_Detail/part-00001-b6c697c6-1520-4aae-9f5c-6213dff6ab0a-c000.json\",\"sinkDirectory\":\"graph_api/m365_app_user_detail\",\"sinkFilename\":\"part-00001-b6c697c6-1520-4aae-9f5c-6213dff6ab0a-c000.json\"},{\"URL\":\"https://raw.githubusercontent.com/microsoft/OpenEduAnalytics/main/modules/Microsoft_Graph/test_data/GraphAPI/M365_App_User_Detail/part-00002-b6c697c6-1520-4aae-9f5c-6213dff6ab0a-c000.json\",\"sinkDirectory\":\"graph_api/m365_app_user_detail\",\"sinkFilename\":\"part-00002-b6c697c6-1520-4aae-9f5c-6213dff6ab0a-c000.json\"},{\"URL\":\"https://raw.githubusercontent.com/microsoft/OpenEduAnalytics/main/modules/Microsoft_Graph/test_data/GraphAPI/M365_App_User_Detail/part-00003-b6c697c6-1520-4aae-9f5c-6213dff6ab0a-c000.json\",\"sinkDirectory\":\"graph_api/m365_app_user_detail\",\"sinkFilename\":\"part-00003-b6c697c6-1520-4aae-9f5c-6213dff6ab0a-c000.json\"},{\"URL\":\"https://raw.githubusercontent.com/microsoft/OpenEduAnalytics/main/modules/Microsoft_Graph/test_data/GraphAPI/M365_App_User_Detail/part-00004-b6c697c6-1520-4aae-9f5c-6213dff6ab0a-c000.json\",\"sinkDirectory\":\"graph_api/m365_app_user_detail\",\"sinkFilename\":\"part-00004-b6c697c6-1520-4aae-9f5c-6213dff6ab0a-c000.json\"},{\"URL\":\"https://raw.githubusercontent.com/microsoft/OpenEduAnalytics/main/modules/Microsoft_Graph/test_data/GraphAPI/M365_App_User_Detail/part-00005-b6c697c6-1520-4aae-9f5c-6213dff6ab0a-c000.json\",\"sinkDirectory\":\"graph_api/m365_app_user_detail\",\"sinkFilename\":\"part-00005-b6c697c6-1520-4aae-9f5c-6213dff6ab0a-c000.json\"},{\"URL\":\"https://raw.githubusercontent.com/microsoft/OpenEduAnalytics/main/modules/Microsoft_Graph/test_data/GraphAPI/M365_App_User_Detail/part-00006-b6c697c6-1520-4aae-9f5c-6213dff6ab0a-c000.json\",\"sinkDirectory\":\"graph_api/m365_app_user_detail\",\"sinkFilename\":\"part-00006-b6c697c6-1520-4aae-9f5c-6213dff6ab0a-c000.json\"},{\"URL\":\"https://raw.githubusercontent.com/microsoft/OpenEduAnalytics/main/modules/Microsoft_Graph/test_data/GraphAPI/M365_App_User_Detail/part-00007-b6c697c6-1520-4aae-9f5c-6213dff6ab0a-c000.json\",\"sinkDirectory\":\"graph_api/m365_app_user_detail\",\"sinkFilename\":\"part-00007-b6c697c6-1520-4aae-9f5c-6213dff6ab0a-c000.json\"},{\"URL\":\"https://raw.githubusercontent.com/microsoft/OpenEduAnalytics/main/modules/Microsoft_Graph/test_data/GraphAPI/M365_App_User_Detail/part-00008-b6c697c6-1520-4aae-9f5c-6213dff6ab0a-c000.json\",\"sinkDirectory\":\"graph_api/m365_app_user_detail\",\"sinkFilename\":\"part-00008-b6c697c6-1520-4aae-9f5c-6213dff6ab0a-c000.json\"},{\"URL\":\"https://raw.githubusercontent.com/microsoft/OpenEduAnalytics/main/modules/Microsoft_Graph/test_data/GraphAPI/M365_App_User_Detail/part-00009-b6c697c6-1520-4aae-9f5c-6213dff6ab0a-c000.json\",\"sinkDirectory\":\"graph_api/m365_app_user_detail\",\"sinkFilename\":\"part-00009-b6c697c6-1520-4aae-9f5c-6213dff6ab0a-c000.json\"},{\"URL\":\"https://raw.githubusercontent.com/microsoft/OpenEduAnalytics/main/modules/Microsoft_Graph/test_data/GraphAPI/M365_App_User_Detail/part-00010-b6c697c6-1520-4aae-9f5c-6213dff6ab0a-c000.json\",\"sinkDirectory\":\"graph_api/m365_app_user_detail\",\"sinkFilename\":\"part-00010-b6c697c6-1520-4aae-9f5c-6213dff6ab0a-c000.json\"},{\"URL\":\"https://raw.githubusercontent.com/microsoft/OpenEduAnalytics/main/modules/Microsoft_Graph/test_data/GraphAPI/M365_App_User_Detail/part-00011-b6c697c6-1520-4aae-9f5c-6213dff6ab0a-c000.json\",\"sinkDirectory\":\"graph_api/m365_app_user_detail\",\"sinkFilename\":\"part-00011-b6c697c6-1520-4aae-9f5c-6213dff6ab0a-c000.json\"},{\"URL\":\"https://raw.githubusercontent.com/microsoft/OpenEduAnalytics/main/modules/Microsoft_Graph/test_data/GraphAPI/M365_App_User_Detail/part-00012-b6c697c6-1520-4aae-9f5c-6213dff6ab0a-c000.json\",\"sinkDirectory\":\"graph_api/m365_app_user_detail\",\"sinkFilename\":\"part-00012-b6c697c6-1520-4aae-9f5c-6213dff6ab0a-c000.json\"},{\"URL\":\"https://raw.githubusercontent.com/microsoft/OpenEduAnalytics/main/modules/Microsoft_Graph/test_data/GraphAPI/M365_App_User_Detail/part-00013-b6c697c6-1520-4aae-9f5c-6213dff6ab0a-c000.json\",\"sinkDirectory\":\"graph_api/m365_app_user_detail\",\"sinkFilename\":\"part-00013-b6c697c6-1520-4aae-9f5c-6213dff6ab0a-c000.json\"},{\"URL\":\"https://raw.githubusercontent.com/microsoft/OpenEduAnalytics/main/modules/Microsoft_Graph/test_data/GraphAPI/M365_App_User_Detail/part-00014-b6c697c6-1520-4aae-9f5c-6213dff6ab0a-c000.json\",\"sinkDirectory\":\"graph_api/m365_app_user_detail\",\"sinkFilename\":\"part-00014-b6c697c6-1520-4aae-9f5c-6213dff6ab0a-c000.json\"},{\"URL\":\"https://raw.githubusercontent.com/microsoft/OpenEduAnalytics/main/modules/Microsoft_Graph/test_data/GraphAPI/M365_App_User_Detail/part-00015-b6c697c6-1520-4aae-9f5c-6213dff6ab0a-c000.json\",\"sinkDirectory\":\"graph_api/m365_app_user_detail\",\"sinkFilename\":\"part-00015-b6c697c6-1520-4aae-9f5c-6213dff6ab0a-c000.json\"},{\"URL\":\"https://raw.githubusercontent.com/microsoft/OpenEduAnalytics/main/modules/Microsoft_Graph/test_data/GraphAPI/M365_App_User_Detail/part-00016-b6c697c6-1520-4aae-9f5c-6213dff6ab0a-c000.json\",\"sinkDirectory\":\"graph_api/m365_app_user_detail\",\"sinkFilename\":\"part-00016-b6c697c6-1520-4aae-9f5c-6213dff6ab0a-c000.json\"},{\"URL\":\"https://raw.githubusercontent.com/microsoft/OpenEduAnalytics/main/modules/Microsoft_Graph/test_data/GraphAPI/M365_App_User_Detail/part-00017-b6c697c6-1520-4aae-9f5c-6213dff6ab0a-c000.json\",\"sinkDirectory\":\"graph_api/m365_app_user_detail\",\"sinkFilename\":\"part-00017-b6c697c6-1520-4aae-9f5c-6213dff6ab0a-c000.json\"},{\"URL\":\"https://raw.githubusercontent.com/microsoft/OpenEduAnalytics/main/modules/Microsoft_Graph/test_data/GraphAPI/M365_App_User_Detail/part-00018-b6c697c6-1520-4aae-9f5c-6213dff6ab0a-c000.json\",\"sinkDirectory\":\"graph_api/m365_app_user_detail\",\"sinkFilename\":\"part-00018-b6c697c6-1520-4aae-9f5c-6213dff6ab0a-c000.json\"},{\"URL\":\"https://raw.githubusercontent.com/microsoft/OpenEduAnalytics/main/modules/Microsoft_Graph/test_data/GraphAPI/M365_App_User_Detail/part-00019-b6c697c6-1520-4aae-9f5c-6213dff6ab0a-c000.json\",\"sinkDirectory\":\"graph_api/m365_app_user_detail\",\"sinkFilename\":\"part-00019-b6c697c6-1520-4aae-9f5c-6213dff6ab0a-c000.json\"},{\"URL\":\"https://raw.githubusercontent.com/microsoft/OpenEduAnalytics/main/modules/Microsoft_Graph/test_data/GraphAPI/M365_App_User_Detail/part-00020-b6c697c6-1520-4aae-9f5c-6213dff6ab0a-c000.json\",\"sinkDirectory\":\"graph_api/m365_app_user_detail\",\"sinkFilename\":\"part-00020-b6c697c6-1520-4aae-9f5c-6213dff6ab0a-c000.json\"}]')","type":"Expression"},"endpointsSet2":{"value":"@json('[{\"URL\":\"https://raw.githubusercontent.com/microsoft/OpenEduAnalytics/main/modules/Microsoft_Graph/test_data/GraphAPI/M365_App_User_Detail/part-00021-b6c697c6-1520-4aae-9f5c-6213dff6ab0a-c000.json\",\"sinkDirectory\":\"graph_api/m365_app_user_detail\",\"sinkFilename\":\"part-00021-b6c697c6-1520-4aae-9f5c-6213dff6ab0a-c000.json\"},{\"URL\":\"https://raw.githubusercontent.com/microsoft/OpenEduAnalytics/main/modules/Microsoft_Graph/test_data/GraphAPI/M365_App_User_Detail/part-00022-b6c697c6-1520-4aae-9f5c-6213dff6ab0a-c000.json\",\"sinkDirectory\":\"graph_api/m365_app_user_detail\",\"sinkFilename\":\"part-00022-b6c697c6-1520-4aae-9f5c-6213dff6ab0a-c000.json\"},{\"URL\":\"https://raw.githubusercontent.com/microsoft/OpenEduAnalytics/main/modules/Microsoft_Graph/test_data/GraphAPI/M365_App_User_Detail/part-00023-b6c697c6-1520-4aae-9f5c-6213dff6ab0a-c000.json\",\"sinkDirectory\":\"graph_api/m365_app_user_detail\",\"sinkFilename\":\"part-00023-b6c697c6-1520-4aae-9f5c-6213dff6ab0a-c000.json\"},{\"URL\":\"https://raw.githubusercontent.com/microsoft/OpenEduAnalytics/main/modules/Microsoft_Graph/test_data/GraphAPI/M365_App_User_Detail/part-00024-b6c697c6-1520-4aae-9f5c-6213dff6ab0a-c000.json\",\"sinkDirectory\":\"graph_api/m365_app_user_detail\",\"sinkFilename\":\"part-00024-b6c697c6-1520-4aae-9f5c-6213dff6ab0a-c000.json\"},{\"URL\":\"https://raw.githubusercontent.com/microsoft/OpenEduAnalytics/main/modules/Microsoft_Graph/test_data/GraphAPI/M365_App_User_Detail/part-00025-b6c697c6-1520-4aae-9f5c-6213dff6ab0a-c000.json\",\"sinkDirectory\":\"graph_api/m365_app_user_detail\",\"sinkFilename\":\"part-00025-b6c697c6-1520-4aae-9f5c-6213dff6ab0a-c000.json\"},{\"URL\":\"https://raw.githubusercontent.com/microsoft/OpenEduAnalytics/main/modules/Microsoft_Graph/test_data/GraphAPI/M365_App_User_Detail/part-00026-b6c697c6-1520-4aae-9f5c-6213dff6ab0a-c000.json\",\"sinkDirectory\":\"graph_api/m365_app_user_detail\",\"sinkFilename\":\"part-00026-b6c697c6-1520-4aae-9f5c-6213dff6ab0a-c000.json\"},{\"URL\":\"https://raw.githubusercontent.com/microsoft/OpenEduAnalytics/main/modules/Microsoft_Graph/test_data/GraphAPI/M365_App_User_Detail/part-00027-b6c697c6-1520-4aae-9f5c-6213dff6ab0a-c000.json\",\"sinkDirectory\":\"graph_api/m365_app_user_detail\",\"sinkFilename\":\"part-00027-b6c697c6-1520-4aae-9f5c-6213dff6ab0a-c000.json\"},{\"URL\":\"https://raw.githubusercontent.com/microsoft/OpenEduAnalytics/main/modules/Microsoft_Graph/test_data/GraphAPI/M365_App_User_Detail/part-00028-b6c697c6-1520-4aae-9f5c-6213dff6ab0a-c000.json\",\"sinkDirectory\":\"graph_api/m365_app_user_detail\",\"sinkFilename\":\"part-00028-b6c697c6-1520-4aae-9f5c-6213dff6ab0a-c000.json\"},{\"URL\":\"https://raw.githubusercontent.com/microsoft/OpenEduAnalytics/main/modules/Microsoft_Graph/test_data/GraphAPI/M365_App_User_Detail/part-00029-b6c697c6-1520-4aae-9f5c-6213dff6ab0a-c000.json\",\"sinkDirectory\":\"graph_api/m365_app_user_detail\",\"sinkFilename\":\"part-00029-b6c697c6-1520-4aae-9f5c-6213dff6ab0a-c000.json\"},{\"URL\":\"https://raw.githubusercontent.com/microsoft/OpenEduAnalytics/main/modules/Microsoft_Graph/test_data/GraphAPI/M365_App_User_Detail/part-00030-b6c697c6-1520-4aae-9f5c-6213dff6ab0a-c000.json\",\"sinkDirectory\":\"graph_api/m365_app_user_detail\",\"sinkFilename\":\"part-00030-b6c697c6-1520-4aae-9f5c-6213dff6ab0a-c000.json\"},{\"URL\":\"https://raw.githubusercontent.com/microsoft/OpenEduAnalytics/main/modules/Microsoft_Graph/test_data/GraphAPI/M365_App_User_Detail/part-00031-b6c697c6-1520-4aae-9f5c-6213dff6ab0a-c000.json\",\"sinkDirectory\":\"graph_api/m365_app_user_detail\",\"sinkFilename\":\"part-00031-b6c697c6-1520-4aae-9f5c-6213dff6ab0a-c000.json\"},{\"URL\":\"https://raw.githubusercontent.com/microsoft/OpenEduAnalytics/main/modules/Microsoft_Graph/test_data/GraphAPI/Teams_Activity_User_Detail/part-00000-bd366e94-d20e-4e81-b4ba-47b15889b4a9-c000.json\",\"sinkDirectory\":\"graph_api/teams_activity_user_detail\",\"sinkFilename\":\"part-00000-bd366e94-d20e-4e81-b4ba-47b15889b4a9-c000.json\"},{\"URL\":\"https://raw.githubusercontent.com/microsoft/OpenEduAnalytics/main/modules/Microsoft_Graph/test_data/GraphAPI/Teams_Activity_User_Detail/part-00001-bd366e94-d20e-4e81-b4ba-47b15889b4a9-c000.json\",\"sinkDirectory\":\"graph_api/teams_activity_user_detail\",\"sinkFilename\":\"part-00001-bd366e94-d20e-4e81-b4ba-47b15889b4a9-c000.json\"},{\"URL\":\"https://raw.githubusercontent.com/microsoft/OpenEduAnalytics/main/modules/Microsoft_Graph/test_data/GraphAPI/Teams_Activity_User_Detail/part-00002-bd366e94-d20e-4e81-b4ba-47b15889b4a9-c000.json\",\"sinkDirectory\":\"graph_api/teams_activity_user_detail\",\"sinkFilename\":\"part-00002-bd366e94-d20e-4e81-b4ba-47b15889b4a9-c000.json\"},{\"URL\":\"https://raw.githubusercontent.com/microsoft/OpenEduAnalytics/main/modules/Microsoft_Graph/test_data/GraphAPI/Teams_Activity_User_Detail/part-00003-bd366e94-d20e-4e81-b4ba-47b15889b4a9-c000.json\",\"sinkDirectory\":\"graph_api/teams_activity_user_detail\",\"sinkFilename\":\"part-00003-bd366e94-d20e-4e81-b4ba-47b15889b4a9-c000.json\"},{\"URL\":\"https://raw.githubusercontent.com/microsoft/OpenEduAnalytics/main/modules/Microsoft_Graph/test_data/GraphAPI/Teams_Activity_User_Detail/part-00004-bd366e94-d20e-4e81-b4ba-47b15889b4a9-c000.json\",\"sinkDirectory\":\"graph_api/teams_activity_user_detail\",\"sinkFilename\":\"part-00004-bd366e94-d20e-4e81-b4ba-47b15889b4a9-c000.json\"},{\"URL\":\"https://raw.githubusercontent.com/microsoft/OpenEduAnalytics/main/modules/Microsoft_Graph/test_data/GraphAPI/Teams_Activity_User_Detail/part-00005-bd366e94-d20e-4e81-b4ba-47b15889b4a9-c000.json\",\"sinkDirectory\":\"graph_api/teams_activity_user_detail\",\"sinkFilename\":\"part-00005-bd366e94-d20e-4e81-b4ba-47b15889b4a9-c000.json\"},{\"URL\":\"https://raw.githubusercontent.com/microsoft/OpenEduAnalytics/main/modules/Microsoft_Graph/test_data/GraphAPI/Teams_Activity_User_Detail/part-00006-bd366e94-d20e-4e81-b4ba-47b15889b4a9-c000.json\",\"sinkDirectory\":\"graph_api/teams_activity_user_detail\",\"sinkFilename\":\"part-00006-bd366e94-d20e-4e81-b4ba-47b15889b4a9-c000.json\"},{\"URL\":\"https://raw.githubusercontent.com/microsoft/OpenEduAnalytics/main/modules/Microsoft_Graph/test_data/GraphAPI/Teams_Activity_User_Detail/part-00007-bd366e94-d20e-4e81-b4ba-47b15889b4a9-c000.json\",\"sinkDirectory\":\"graph_api/teams_activity_user_detail\",\"sinkFilename\":\"part-00007-bd366e94-d20e-4e81-b4ba-47b15889b4a9-c000.json\"},{\"URL\":\"https://raw.githubusercontent.com/microsoft/OpenEduAnalytics/main/modules/Microsoft_Graph/test_data/GraphAPI/Teams_Activity_User_Detail/part-00008-bd366e94-d20e-4e81-b4ba-47b15889b4a9-c000.json\",\"sinkDirectory\":\"graph_api/teams_activity_user_detail\",\"sinkFilename\":\"part-00008-bd366e94-d20e-4e81-b4ba-47b15889b4a9-c000.json\"},{\"URL\":\"https://raw.githubusercontent.com/microsoft/OpenEduAnalytics/main/modules/Microsoft_Graph/test_data/GraphAPI/Teams_Activity_User_Detail/part-00009-bd366e94-d20e-4e81-b4ba-47b15889b4a9-c000.json\",\"sinkDirectory\":\"graph_api/teams_activity_user_detail\",\"sinkFilename\":\"part-00009-bd366e94-d20e-4e81-b4ba-47b15889b4a9-c000.json\"}]')","type":"Expression"},"endpointsSet3":{"value":"@json('[{\"URL\":\"https://raw.githubusercontent.com/microsoft/OpenEduAnalytics/main/modules/Microsoft_Graph/test_data/GraphAPI/Teams_Activity_User_Detail/part-00010-bd366e94-d20e-4e81-b4ba-47b15889b4a9-c000.json\",\"sinkDirectory\":\"graph_api/teams_activity_user_detail\",\"sinkFilename\":\"part-00010-bd366e94-d20e-4e81-b4ba-47b15889b4a9-c000.json\"},{\"URL\":\"https://raw.githubusercontent.com/microsoft/OpenEduAnalytics/main/modules/Microsoft_Graph/test_data/GraphAPI/Teams_Activity_User_Detail/part-00011-bd366e94-d20e-4e81-b4ba-47b15889b4a9-c000.json\",\"sinkDirectory\":\"graph_api/teams_activity_user_detail\",\"sinkFilename\":\"part-00011-bd366e94-d20e-4e81-b4ba-47b15889b4a9-c000.json\"},{\"URL\":\"https://raw.githubusercontent.com/microsoft/OpenEduAnalytics/main/modules/Microsoft_Graph/test_data/GraphAPI/Teams_Activity_User_Detail/part-00012-bd366e94-d20e-4e81-b4ba-47b15889b4a9-c000.json\",\"sinkDirectory\":\"graph_api/teams_activity_user_detail\",\"sinkFilename\":\"part-00012-bd366e94-d20e-4e81-b4ba-47b15889b4a9-c000.json\"},{\"URL\":\"https://raw.githubusercontent.com/microsoft/OpenEduAnalytics/main/modules/Microsoft_Graph/test_data/GraphAPI/Teams_Activity_User_Detail/part-00013-bd366e94-d20e-4e81-b4ba-47b15889b4a9-c000.json\",\"sinkDirectory\":\"graph_api/teams_activity_user_detail\",\"sinkFilename\":\"part-00013-bd366e94-d20e-4e81-b4ba-47b15889b4a9-c000.json\"},{\"URL\":\"https://raw.githubusercontent.com/microsoft/OpenEduAnalytics/main/modules/Microsoft_Graph/test_data/GraphAPI/Teams_Activity_User_Detail/part-00014-bd366e94-d20e-4e81-b4ba-47b15889b4a9-c000.json\",\"sinkDirectory\":\"graph_api/teams_activity_user_detail\",\"sinkFilename\":\"part-00014-bd366e94-d20e-4e81-b4ba-47b15889b4a9-c000.json\"},{\"URL\":\"https://raw.githubusercontent.com/microsoft/OpenEduAnalytics/main/modules/Microsoft_Graph/test_data/GraphAPI/Teams_Activity_User_Detail/part-00015-bd366e94-d20e-4e81-b4ba-47b15889b4a9-c000.json\",\"sinkDirectory\":\"graph_api/teams_activity_user_detail\",\"sinkFilename\":\"part-00015-bd366e94-d20e-4e81-b4ba-47b15889b4a9-c000.json\"},{\"URL\":\"https://raw.githubusercontent.com/microsoft/OpenEduAnalytics/main/modules/Microsoft_Graph/test_data/GraphAPI/Teams_Activity_User_Detail/part-00016-bd366e94-d20e-4e81-b4ba-47b15889b4a9-c000.json\",\"sinkDirectory\":\"graph_api/teams_activity_user_detail\",\"sinkFilename\":\"part-00016-bd366e94-d20e-4e81-b4ba-47b15889b4a9-c000.json\"},{\"URL\":\"https://raw.githubusercontent.com/microsoft/OpenEduAnalytics/main/modules/Microsoft_Graph/test_data/GraphAPI/Teams_Activity_User_Detail/part-00017-bd366e94-d20e-4e81-b4ba-47b15889b4a9-c000.json\",\"sinkDirectory\":\"graph_api/teams_activity_user_detail\",\"sinkFilename\":\"part-00017-bd366e94-d20e-4e81-b4ba-47b15889b4a9-c000.json\"},{\"URL\":\"https://raw.githubusercontent.com/microsoft/OpenEduAnalytics/main/modules/Microsoft_Graph/test_data/GraphAPI/Teams_Activity_User_Detail/part-00018-bd366e94-d20e-4e81-b4ba-47b15889b4a9-c000.json\",\"sinkDirectory\":\"graph_api/teams_activity_user_detail\",\"sinkFilename\":\"part-00018-bd366e94-d20e-4e81-b4ba-47b15889b4a9-c000.json\"},{\"URL\":\"https://raw.githubusercontent.com/microsoft/OpenEduAnalytics/main/modules/Microsoft_Graph/test_data/GraphAPI/Teams_Activity_User_Detail/part-00019-bd366e94-d20e-4e81-b4ba-47b15889b4a9-c000.json\",\"sinkDirectory\":\"graph_api/teams_activity_user_detail\",\"sinkFilename\":\"part-00019-bd366e94-d20e-4e81-b4ba-47b15889b4a9-c000.json\"},{\"URL\":\"https://raw.githubusercontent.com/microsoft/OpenEduAnalytics/main/modules/Microsoft_Graph/test_data/GraphAPI/Teams_Activity_User_Detail/part-00020-bd366e94-d20e-4e81-b4ba-47b15889b4a9-c000.json\",\"sinkDirectory\":\"graph_api/teams_activity_user_detail\",\"sinkFilename\":\"part-00020-bd366e94-d20e-4e81-b4ba-47b15889b4a9-c000.json\"},{\"URL\":\"https://raw.githubusercontent.com/microsoft/OpenEduAnalytics/main/modules/Microsoft_Graph/test_data/GraphAPI/Teams_Activity_User_Detail/part-00021-bd366e94-d20e-4e81-b4ba-47b15889b4a9-c000.json\",\"sinkDirectory\":\"graph_api/teams_activity_user_detail\",\"sinkFilename\":\"part-00021-bd366e94-d20e-4e81-b4ba-47b15889b4a9-c000.json\"},{\"URL\":\"https://raw.githubusercontent.com/microsoft/OpenEduAnalytics/main/modules/Microsoft_Graph/test_data/GraphAPI/Teams_Activity_User_Detail/part-00022-bd366e94-d20e-4e81-b4ba-47b15889b4a9-c000.json\",\"sinkDirectory\":\"graph_api/teams_activity_user_detail\",\"sinkFilename\":\"part-00022-bd366e94-d20e-4e81-b4ba-47b15889b4a9-c000.json\"},{\"URL\":\"https://raw.githubusercontent.com/microsoft/OpenEduAnalytics/main/modules/Microsoft_Graph/test_data/GraphAPI/Teams_Activity_User_Detail/part-00023-bd366e94-d20e-4e81-b4ba-47b15889b4a9-c000.json\",\"sinkDirectory\":\"graph_api/teams_activity_user_detail\",\"sinkFilename\":\"part-00023-bd366e94-d20e-4e81-b4ba-47b15889b4a9-c000.json\"},{\"URL\":\"https://raw.githubusercontent.com/microsoft/OpenEduAnalytics/main/modules/Microsoft_Graph/test_data/GraphAPI/Teams_Activity_User_Detail/part-00024-bd366e94-d20e-4e81-b4ba-47b15889b4a9-c000.json\",\"sinkDirectory\":\"graph_api/teams_activity_user_detail\",\"sinkFilename\":\"part-00024-bd366e94-d20e-4e81-b4ba-47b15889b4a9-c000.json\"},{\"URL\":\"https://raw.githubusercontent.com/microsoft/OpenEduAnalytics/main/modules/Microsoft_Graph/test_data/GraphAPI/Teams_Activity_User_Detail/part-00025-bd366e94-d20e-4e81-b4ba-47b15889b4a9-c000.json\",\"sinkDirectory\":\"graph_api/teams_activity_user_detail\",\"sinkFilename\":\"part-00025-bd366e94-d20e-4e81-b4ba-47b15889b4a9-c000.json\"},{\"URL\":\"https://raw.githubusercontent.com/microsoft/OpenEduAnalytics/main/modules/Microsoft_Graph/test_data/GraphAPI/Teams_Activity_User_Detail/part-00026-bd366e94-d20e-4e81-b4ba-47b15889b4a9-c000.json\",\"sinkDirectory\":\"graph_api/teams_activity_user_detail\",\"sinkFilename\":\"part-00026-bd366e94-d20e-4e81-b4ba-47b15889b4a9-c000.json\"},{\"URL\":\"https://raw.githubusercontent.com/microsoft/OpenEduAnalytics/main/modules/Microsoft_Graph/test_data/GraphAPI/Teams_Activity_User_Detail/part-00027-bd366e94-d20e-4e81-b4ba-47b15889b4a9-c000.json\",\"sinkDirectory\":\"graph_api/teams_activity_user_detail\",\"sinkFilename\":\"part-00027-bd366e94-d20e-4e81-b4ba-47b15889b4a9-c000.json\"},{\"URL\":\"https://raw.githubusercontent.com/microsoft/OpenEduAnalytics/main/modules/Microsoft_Graph/test_data/GraphAPI/Teams_Activity_User_Detail/part-00028-bd366e94-d20e-4e81-b4ba-47b15889b4a9-c000.json\",\"sinkDirectory\":\"graph_api/teams_activity_user_detail\",\"sinkFilename\":\"part-00028-bd366e94-d20e-4e81-b4ba-47b15889b4a9-c000.json\"},{\"URL\":\"https://raw.githubusercontent.com/microsoft/OpenEduAnalytics/main/modules/Microsoft_Graph/test_data/GraphAPI/Teams_Activity_User_Detail/part-00029-bd366e94-d20e-4e81-b4ba-47b15889b4a9-c000.json\",\"sinkDirectory\":\"graph_api/teams_activity_user_detail\",\"sinkFilename\":\"part-00029-bd366e94-d20e-4e81-b4ba-47b15889b4a9-c000.json\"},{\"URL\":\"https://raw.githubusercontent.com/microsoft/OpenEduAnalytics/main/modules/Microsoft_Graph/test_data/GraphAPI/Teams_Activity_User_Detail/part-00030-bd366e94-d20e-4e81-b4ba-47b15889b4a9-c000.json\",\"sinkDirectory\":\"graph_api/teams_activity_user_detail\",\"sinkFilename\":\"part-00030-bd366e94-d20e-4e81-b4ba-47b15889b4a9-c000.json\"},{\"URL\":\"https://raw.githubusercontent.com/microsoft/OpenEduAnalytics/main/modules/Microsoft_Graph/test_data/GraphAPI/Teams_Activity_User_Detail/part-00031-bd366e94-d20e-4e81-b4ba-47b15889b4a9-c000.json\",\"sinkDirectory\":\"graph_api/teams_activity_user_detail\",\"sinkFilename\":\"part-00031-bd366e94-d20e-4e81-b4ba-47b15889b4a9-c000.json\"}]')","type":"Expression"},"sinkFilesystem":"stage1np","timezone":"Central Standard Time"}}},{"name":"ingest into stage2p and stage2np","type":"SynapseNotebook","dependsOn":[{"activity":"Extract from source - land in stage1np","dependencyConditions":["Succeeded"]}],"policy":{"timeout":"7.00:00:00","retry":0,"retryIntervalInSeconds":30,"secureOutput":false,"secureInput":false},"userProperties":[],"typeProperties":{"notebook":{"referenceName":"GraphAPI_module_ingestion","type":"NotebookReference"},"snapshot":true}},{"name":"If create_sql_db","type":"IfCondition","dependsOn":[{"activity":"ingest into stage2p and stage2np","dependencyConditions":["Succeeded"]}],"userProperties":[],"typeProperties":{"expression":{"value":"@pipeline().parameters.create_sql_db","type":"Expression"},"ifTrueActivities":[{"name":"create_sql_db","type":"ExecutePipeline","dependsOn":[],"userProperties":[],"typeProperties":{"pipeline":{"referenceName":"create_sql_db","type":"PipelineReference"},"waitOnCompletion":true,"parameters":{"storageAccount":{"value":"@pipeline().parameters.storageAccount","type":"Expression"},"sourceDirectory":{"value":"@pipeline().parameters.sourceDirectory","type":"Expression"},"stage":"2"}}}]}},{"name":"If create_lake_db","type":"IfCondition","dependsOn":[{"activity":"ingest into stage2p and stage2np","dependencyConditions":["Succeeded"]}],"userProperties":[],"typeProperties":{"expression":{"value":"@pipeline().parameters.create_lake_db","type":"Expression"},"ifTrueActivities":[{"name":"create_lake_db","type":"ExecutePipeline","dependsOn":[],"userProperties":[],"typeProperties":{"pipeline":{"referenceName":"create_lake_db","type":"PipelineReference"},"waitOnCompletion":true,"parameters":{"stageNum":"2","sourceDirectory":{"value":"@pipeline().parameters.sourceDirectory","type":"Expression"}}}}]}}],"policy":{"elapsedTimeMetric":{},"cancelAfter":{}},"parameters":{"storageAccount":{"type":"string","defaultValue":"stoeahybriddev2"},"sourceDirectory":{"type":"string","defaultValue":"graph_api"},"create_sql_db":{"type":"bool","defaultValue":true},"create_lake_db":{"type":"bool","defaultValue":true}},"folder":{"name":"Graph API Module"},"annotations":[],"lastPublishTime":"2021-11-20T00:26:48Z"},"dependsOn":["[concat(variables('workspaceId'), '/pipelines/GraphAPI_copy_test_data')]","[concat(variables('workspaceId'), '/notebooks/GraphAPI_module_ingestion')]","[concat(variables('workspaceId'), '/pipelines/create_sql_db')]","[concat(variables('workspaceId'), '/pipelines/create_lake_db')]"]},{"name":"[concat(parameters('workspaceName'), '/GraphAPI_copy_test_data')]","type":"Microsoft.Synapse/workspaces/pipelines","apiVersion":"2019-06-01-preview","properties":{"activities":[{"name":"get data for each endpoint in set 1","type":"ForEach","dependsOn":[{"activity":"Set currentDateTime","dependencyConditions":["Succeeded"]}],"userProperties":[],"typeProperties":{"items":{"value":"@pipeline().parameters.endpointsSet1","type":"Expression"},"activities":[{"name":"ingest data from url_set1","type":"Copy","dependsOn":[],"policy":{"timeout":"7.00:00:00","retry":0,"retryIntervalInSeconds":30,"secureOutput":false,"secureInput":false},"userProperties":[],"typeProperties":{"source":{"type":"BinarySource","storeSettings":{"type":"HttpReadSettings","requestMethod":"GET"},"formatSettings":{"type":"BinaryReadSettings"}},"sink":{"type":"BinarySink","storeSettings":{"type":"AzureBlobFSWriteSettings"}},"enableStaging":false},"inputs":[{"referenceName":"DS_HTTP_binary","type":"DatasetReference","parameters":{"URL":{"value":"@item().URL","type":"Expression"}}}],"outputs":[{"referenceName":"DS_ADLS_binary","type":"DatasetReference","parameters":{"filesystem":{"value":"@pipeline().parameters.sinkFilesystem","type":"Expression"},"directory":{"value":"@{item().sinkDirectory}/@{variables('currentDateTime')}","type":"Expression"},"file":{"value":"@item().sinkFilename","type":"Expression"}}}]}]}},{"name":"Set currentDateTime","type":"SetVariable","dependsOn":[],"userProperties":[],"typeProperties":{"variableName":"currentDateTime","value":{"value":"@{formatDateTime(convertTimeZone(utcnow(), 'UTC', pipeline().parameters.timezone), 'yyyy-MM-ddTHH-mm-ss')}","type":"Expression"}}},{"name":"get data for each endpoint in set 2","type":"ForEach","dependsOn":[{"activity":"get data for each endpoint in set 1","dependencyConditions":["Succeeded"]}],"userProperties":[],"typeProperties":{"items":{"value":"@pipeline().parameters.endpointsSet2","type":"Expression"},"activities":[{"name":"ingest data from url_set2","type":"Copy","dependsOn":[],"policy":{"timeout":"7.00:00:00","retry":0,"retryIntervalInSeconds":30,"secureOutput":false,"secureInput":false},"userProperties":[],"typeProperties":{"source":{"type":"BinarySource","storeSettings":{"type":"HttpReadSettings","requestMethod":"GET"},"formatSettings":{"type":"BinaryReadSettings"}},"sink":{"type":"BinarySink","storeSettings":{"type":"AzureBlobFSWriteSettings"}},"enableStaging":false},"inputs":[{"referenceName":"DS_HTTP_binary","type":"DatasetReference","parameters":{"URL":{"value":"@item().URL","type":"Expression"}}}],"outputs":[{"referenceName":"DS_ADLS_binary","type":"DatasetReference","parameters":{"filesystem":{"value":"@pipeline().parameters.sinkFilesystem","type":"Expression"},"directory":{"value":"@{item().sinkDirectory}/@{variables('currentDateTime')}","type":"Expression"},"file":{"value":"@item().sinkFilename","type":"Expression"}}}]}]}},{"name":"get data for each endpoint in set 3","type":"ForEach","dependsOn":[{"activity":"get data for each endpoint in set 2","dependencyConditions":["Succeeded"]}],"userProperties":[],"typeProperties":{"items":{"value":"@pipeline().parameters.endpointsSet3","type":"Expression"},"activities":[{"name":"ingest data from url_set3","type":"Copy","dependsOn":[],"policy":{"timeout":"7.00:00:00","retry":0,"retryIntervalInSeconds":30,"secureOutput":false,"secureInput":false},"userProperties":[],"typeProperties":{"source":{"type":"BinarySource","storeSettings":{"type":"HttpReadSettings","requestMethod":"GET"},"formatSettings":{"type":"BinaryReadSettings"}},"sink":{"type":"BinarySink","storeSettings":{"type":"AzureBlobFSWriteSettings"}},"enableStaging":false},"inputs":[{"referenceName":"DS_HTTP_binary","type":"DatasetReference","parameters":{"URL":{"value":"@item().URL","type":"Expression"}}}],"outputs":[{"referenceName":"DS_ADLS_binary","type":"DatasetReference","parameters":{"filesystem":{"value":"@pipeline().parameters.sinkFilesystem","type":"Expression"},"directory":{"value":"@{item().sinkDirectory}/@{variables('currentDateTime')}","type":"Expression"},"file":{"value":"@item().sinkFilename","type":"Expression"}}}]}]}}],"policy":{"elapsedTimeMetric":{},"cancelAfter":{}},"parameters":{"endpointsSet1":{"type":"array","defaultValue":[{"URL":"https://raw.githubusercontent.com/microsoft/OpenEduAnalytics/main/modules/Microsoft_Graph/test_data/GraphAPI/Users/part-00000-cae42818-3572-4824-b396-58587ad01616-c000.json","sinkDirectory":"graph_api/users","sinkFilename":"part-00000-cae42818-3572-4824-b396-58587ad01616-c000.json"},{"URL":"https://raw.githubusercontent.com/microsoft/OpenEduAnalytics/main/modules/Microsoft_Graph/test_data/GraphAPI/M365_App_User_Detail/part-00000-b6c697c6-1520-4aae-9f5c-6213dff6ab0a-c000.json","sinkDirectory":"graph_api/m365_app_user_detail","sinkFilename":"part-00000-b6c697c6-1520-4aae-9f5c-6213dff6ab0a-c000.json"},{"URL":"https://raw.githubusercontent.com/microsoft/OpenEduAnalytics/main/modules/Microsoft_Graph/test_data/GraphAPI/M365_App_User_Detail/part-00001-b6c697c6-1520-4aae-9f5c-6213dff6ab0a-c000.json","sinkDirectory":"graph_api/m365_app_user_detail","sinkFilename":"part-00001-b6c697c6-1520-4aae-9f5c-6213dff6ab0a-c000.json"},{"URL":"https://raw.githubusercontent.com/microsoft/OpenEduAnalytics/main/modules/Microsoft_Graph/test_data/GraphAPI/M365_App_User_Detail/part-00002-b6c697c6-1520-4aae-9f5c-6213dff6ab0a-c000.json","sinkDirectory":"graph_api/m365_app_user_detail","sinkFilename":"part-00002-b6c697c6-1520-4aae-9f5c-6213dff6ab0a-c000.json"},{"URL":"https://raw.githubusercontent.com/microsoft/OpenEduAnalytics/main/modules/Microsoft_Graph/test_data/GraphAPI/M365_App_User_Detail/part-00003-b6c697c6-1520-4aae-9f5c-6213dff6ab0a-c000.json","sinkDirectory":"graph_api/m365_app_user_detail","sinkFilename":"part-00003-b6c697c6-1520-4aae-9f5c-6213dff6ab0a-c000.json"},{"URL":"https://raw.githubusercontent.com/microsoft/OpenEduAnalytics/main/modules/Microsoft_Graph/test_data/GraphAPI/M365_App_User_Detail/part-00004-b6c697c6-1520-4aae-9f5c-6213dff6ab0a-c000.json","sinkDirectory":"graph_api/m365_app_user_detail","sinkFilename":"part-00004-b6c697c6-1520-4aae-9f5c-6213dff6ab0a-c000.json"},{"URL":"https://raw.githubusercontent.com/microsoft/OpenEduAnalytics/main/modules/Microsoft_Graph/test_data/GraphAPI/M365_App_User_Detail/part-00005-b6c697c6-1520-4aae-9f5c-6213dff6ab0a-c000.json","sinkDirectory":"graph_api/m365_app_user_detail","sinkFilename":"part-00005-b6c697c6-1520-4aae-9f5c-6213dff6ab0a-c000.json"},{"URL":"https://raw.githubusercontent.com/microsoft/OpenEduAnalytics/main/modules/Microsoft_Graph/test_data/GraphAPI/M365_App_User_Detail/part-00006-b6c697c6-1520-4aae-9f5c-6213dff6ab0a-c000.json","sinkDirectory":"graph_api/m365_app_user_detail","sinkFilename":"part-00006-b6c697c6-1520-4aae-9f5c-6213dff6ab0a-c000.json"},{"URL":"https://raw.githubusercontent.com/microsoft/OpenEduAnalytics/main/modules/Microsoft_Graph/test_data/GraphAPI/M365_App_User_Detail/part-00007-b6c697c6-1520-4aae-9f5c-6213dff6ab0a-c000.json","sinkDirectory":"graph_api/m365_app_user_detail","sinkFilename":"part-00007-b6c697c6-1520-4aae-9f5c-6213dff6ab0a-c000.json"},{"URL":"https://raw.githubusercontent.com/microsoft/OpenEduAnalytics/main/modules/Microsoft_Graph/test_data/GraphAPI/M365_App_User_Detail/part-00008-b6c697c6-1520-4aae-9f5c-6213dff6ab0a-c000.json","sinkDirectory":"graph_api/m365_app_user_detail","sinkFilename":"part-00008-b6c697c6-1520-4aae-9f5c-6213dff6ab0a-c000.json"},{"URL":"https://raw.githubusercontent.com/microsoft/OpenEduAnalytics/main/modules/Microsoft_Graph/test_data/GraphAPI/M365_App_User_Detail/part-00009-b6c697c6-1520-4aae-9f5c-6213dff6ab0a-c000.json","sinkDirectory":"graph_api/m365_app_user_detail","sinkFilename":"part-00009-b6c697c6-1520-4aae-9f5c-6213dff6ab0a-c000.json"},{"URL":"https://raw.githubusercontent.com/microsoft/OpenEduAnalytics/main/modules/Microsoft_Graph/test_data/GraphAPI/M365_App_User_Detail/part-00010-b6c697c6-1520-4aae-9f5c-6213dff6ab0a-c000.json","sinkDirectory":"graph_api/m365_app_user_detail","sinkFilename":"part-00010-b6c697c6-1520-4aae-9f5c-6213dff6ab0a-c000.json"},{"URL":"https://raw.githubusercontent.com/microsoft/OpenEduAnalytics/main/modules/Microsoft_Graph/test_data/GraphAPI/M365_App_User_Detail/part-00011-b6c697c6-1520-4aae-9f5c-6213dff6ab0a-c000.json","sinkDirectory":"graph_api/m365_app_user_detail","sinkFilename":"part-00011-b6c697c6-1520-4aae-9f5c-6213dff6ab0a-c000.json"},{"URL":"https://raw.githubusercontent.com/microsoft/OpenEduAnalytics/main/modules/Microsoft_Graph/test_data/GraphAPI/M365_App_User_Detail/part-00012-b6c697c6-1520-4aae-9f5c-6213dff6ab0a-c000.json","sinkDirectory":"graph_api/m365_app_user_detail","sinkFilename":"part-00012-b6c697c6-1520-4aae-9f5c-6213dff6ab0a-c000.json"},{"URL":"https://raw.githubusercontent.com/microsoft/OpenEduAnalytics/main/modules/Microsoft_Graph/test_data/GraphAPI/M365_App_User_Detail/part-00013-b6c697c6-1520-4aae-9f5c-6213dff6ab0a-c000.json","sinkDirectory":"graph_api/m365_app_user_detail","sinkFilename":"part-00013-b6c697c6-1520-4aae-9f5c-6213dff6ab0a-c000.json"},{"URL":"https://raw.githubusercontent.com/microsoft/OpenEduAnalytics/main/modules/Microsoft_Graph/test_data/GraphAPI/M365_App_User_Detail/part-00014-b6c697c6-1520-4aae-9f5c-6213dff6ab0a-c000.json","sinkDirectory":"graph_api/m365_app_user_detail","sinkFilename":"part-00014-b6c697c6-1520-4aae-9f5c-6213dff6ab0a-c000.json"},{"URL":"https://raw.githubusercontent.com/microsoft/OpenEduAnalytics/main/modules/Microsoft_Graph/test_data/GraphAPI/M365_App_User_Detail/part-00015-b6c697c6-1520-4aae-9f5c-6213dff6ab0a-c000.json","sinkDirectory":"graph_api/m365_app_user_detail","sinkFilename":"part-00015-b6c697c6-1520-4aae-9f5c-6213dff6ab0a-c000.json"},{"URL":"https://raw.githubusercontent.com/microsoft/OpenEduAnalytics/main/modules/Microsoft_Graph/test_data/GraphAPI/M365_App_User_Detail/part-00016-b6c697c6-1520-4aae-9f5c-6213dff6ab0a-c000.json","sinkDirectory":"graph_api/m365_app_user_detail","sinkFilename":"part-00016-b6c697c6-1520-4aae-9f5c-6213dff6ab0a-c000.json"},{"URL":"https://raw.githubusercontent.com/microsoft/OpenEduAnalytics/main/modules/Microsoft_Graph/test_data/GraphAPI/M365_App_User_Detail/part-00017-b6c697c6-1520-4aae-9f5c-6213dff6ab0a-c000.json","sinkDirectory":"graph_api/m365_app_user_detail","sinkFilename":"part-00017-b6c697c6-1520-4aae-9f5c-6213dff6ab0a-c000.json"},{"URL":"https://raw.githubusercontent.com/microsoft/OpenEduAnalytics/main/modules/Microsoft_Graph/test_data/GraphAPI/M365_App_User_Detail/part-00018-b6c697c6-1520-4aae-9f5c-6213dff6ab0a-c000.json","sinkDirectory":"graph_api/m365_app_user_detail","sinkFilename":"part-00018-b6c697c6-1520-4aae-9f5c-6213dff6ab0a-c000.json"},{"URL":"https://raw.githubusercontent.com/microsoft/OpenEduAnalytics/main/modules/Microsoft_Graph/test_data/GraphAPI/M365_App_User_Detail/part-00019-b6c697c6-1520-4aae-9f5c-6213dff6ab0a-c000.json","sinkDirectory":"graph_api/m365_app_user_detail","sinkFilename":"part-00019-b6c697c6-1520-4aae-9f5c-6213dff6ab0a-c000.json"},{"URL":"https://raw.githubusercontent.com/microsoft/OpenEduAnalytics/main/modules/Microsoft_Graph/test_data/GraphAPI/M365_App_User_Detail/part-00020-b6c697c6-1520-4aae-9f5c-6213dff6ab0a-c000.json","sinkDirectory":"graph_api/m365_app_user_detail","sinkFilename":"part-00020-b6c697c6-1520-4aae-9f5c-6213dff6ab0a-c000.json"}]},"endpointsSet2":{"type":"array","defaultValue":[{"URL":"https://raw.githubusercontent.com/microsoft/OpenEduAnalytics/main/modules/Microsoft_Graph/test_data/GraphAPI/M365_App_User_Detail/part-00021-b6c697c6-1520-4aae-9f5c-6213dff6ab0a-c000.json","sinkDirectory":"graph_api/m365_app_user_detail","sinkFilename":"part-00021-b6c697c6-1520-4aae-9f5c-6213dff6ab0a-c000.json"},{"URL":"https://raw.githubusercontent.com/microsoft/OpenEduAnalytics/main/modules/Microsoft_Graph/test_data/GraphAPI/M365_App_User_Detail/part-00022-b6c697c6-1520-4aae-9f5c-6213dff6ab0a-c000.json","sinkDirectory":"graph_api/m365_app_user_detail","sinkFilename":"part-00022-b6c697c6-1520-4aae-9f5c-6213dff6ab0a-c000.json"},{"URL":"https://raw.githubusercontent.com/microsoft/OpenEduAnalytics/main/modules/Microsoft_Graph/test_data/GraphAPI/M365_App_User_Detail/part-00023-b6c697c6-1520-4aae-9f5c-6213dff6ab0a-c000.json","sinkDirectory":"graph_api/m365_app_user_detail","sinkFilename":"part-00023-b6c697c6-1520-4aae-9f5c-6213dff6ab0a-c000.json"},{"URL":"https://raw.githubusercontent.com/microsoft/OpenEduAnalytics/main/modules/Microsoft_Graph/test_data/GraphAPI/M365_App_User_Detail/part-00024-b6c697c6-1520-4aae-9f5c-6213dff6ab0a-c000.json","sinkDirectory":"graph_api/m365_app_user_detail","sinkFilename":"part-00024-b6c697c6-1520-4aae-9f5c-6213dff6ab0a-c000.json"},{"URL":"https://raw.githubusercontent.com/microsoft/OpenEduAnalytics/main/modules/Microsoft_Graph/test_data/GraphAPI/M365_App_User_Detail/part-00025-b6c697c6-1520-4aae-9f5c-6213dff6ab0a-c000.json","sinkDirectory":"graph_api/m365_app_user_detail","sinkFilename":"part-00025-b6c697c6-1520-4aae-9f5c-6213dff6ab0a-c000.json"},{"URL":"https://raw.githubusercontent.com/microsoft/OpenEduAnalytics/main/modules/Microsoft_Graph/test_data/GraphAPI/M365_App_User_Detail/part-00026-b6c697c6-1520-4aae-9f5c-6213dff6ab0a-c000.json","sinkDirectory":"graph_api/m365_app_user_detail","sinkFilename":"part-00026-b6c697c6-1520-4aae-9f5c-6213dff6ab0a-c000.json"},{"URL":"https://raw.githubusercontent.com/microsoft/OpenEduAnalytics/main/modules/Microsoft_Graph/test_data/GraphAPI/M365_App_User_Detail/part-00027-b6c697c6-1520-4aae-9f5c-6213dff6ab0a-c000.json","sinkDirectory":"graph_api/m365_app_user_detail","sinkFilename":"part-00027-b6c697c6-1520-4aae-9f5c-6213dff6ab0a-c000.json"},{"URL":"https://raw.githubusercontent.com/microsoft/OpenEduAnalytics/main/modules/Microsoft_Graph/test_data/GraphAPI/M365_App_User_Detail/part-00028-b6c697c6-1520-4aae-9f5c-6213dff6ab0a-c000.json","sinkDirectory":"graph_api/m365_app_user_detail","sinkFilename":"part-00028-b6c697c6-1520-4aae-9f5c-6213dff6ab0a-c000.json"},{"URL":"https://raw.githubusercontent.com/microsoft/OpenEduAnalytics/main/modules/Microsoft_Graph/test_data/GraphAPI/M365_App_User_Detail/part-00029-b6c697c6-1520-4aae-9f5c-6213dff6ab0a-c000.json","sinkDirectory":"graph_api/m365_app_user_detail","sinkFilename":"part-00029-b6c697c6-1520-4aae-9f5c-6213dff6ab0a-c000.json"},{"URL":"https://raw.githubusercontent.com/microsoft/OpenEduAnalytics/main/modules/Microsoft_Graph/test_data/GraphAPI/M365_App_User_Detail/part-00030-b6c697c6-1520-4aae-9f5c-6213dff6ab0a-c000.json","sinkDirectory":"graph_api/m365_app_user_detail","sinkFilename":"part-00030-b6c697c6-1520-4aae-9f5c-6213dff6ab0a-c000.json"},{"URL":"https://raw.githubusercontent.com/microsoft/OpenEduAnalytics/main/modules/Microsoft_Graph/test_data/GraphAPI/M365_App_User_Detail/part-00031-b6c697c6-1520-4aae-9f5c-6213dff6ab0a-c000.json","sinkDirectory":"graph_api/m365_app_user_detail","sinkFilename":"part-00031-b6c697c6-1520-4aae-9f5c-6213dff6ab0a-c000.json"},{"URL":"https://raw.githubusercontent.com/microsoft/OpenEduAnalytics/main/modules/Microsoft_Graph/test_data/GraphAPI/Teams_Activity_User_Detail/part-00000-bd366e94-d20e-4e81-b4ba-47b15889b4a9-c000.json","sinkDirectory":"graph_api/teams_activity_user_detail","sinkFilename":"part-00000-bd366e94-d20e-4e81-b4ba-47b15889b4a9-c000.json"},{"URL":"https://raw.githubusercontent.com/microsoft/OpenEduAnalytics/main/modules/Microsoft_Graph/test_data/GraphAPI/Teams_Activity_User_Detail/part-00001-bd366e94-d20e-4e81-b4ba-47b15889b4a9-c000.json","sinkDirectory":"graph_api/teams_activity_user_detail","sinkFilename":"part-00001-bd366e94-d20e-4e81-b4ba-47b15889b4a9-c000.json"},{"URL":"https://raw.githubusercontent.com/microsoft/OpenEduAnalytics/main/modules/Microsoft_Graph/test_data/GraphAPI/Teams_Activity_User_Detail/part-00002-bd366e94-d20e-4e81-b4ba-47b15889b4a9-c000.json","sinkDirectory":"graph_api/teams_activity_user_detail","sinkFilename":"part-00002-bd366e94-d20e-4e81-b4ba-47b15889b4a9-c000.json"},{"URL":"https://raw.githubusercontent.com/microsoft/OpenEduAnalytics/main/modules/Microsoft_Graph/test_data/GraphAPI/Teams_Activity_User_Detail/part-00003-bd366e94-d20e-4e81-b4ba-47b15889b4a9-c000.json","sinkDirectory":"graph_api/teams_activity_user_detail","sinkFilename":"part-00003-bd366e94-d20e-4e81-b4ba-47b15889b4a9-c000.json"},{"URL":"https://raw.githubusercontent.com/microsoft/OpenEduAnalytics/main/modules/Microsoft_Graph/test_data/GraphAPI/Teams_Activity_User_Detail/part-00004-bd366e94-d20e-4e81-b4ba-47b15889b4a9-c000.json","sinkDirectory":"graph_api/teams_activity_user_detail","sinkFilename":"part-00004-bd366e94-d20e-4e81-b4ba-47b15889b4a9-c000.json"},{"URL":"https://raw.githubusercontent.com/microsoft/OpenEduAnalytics/main/modules/Microsoft_Graph/test_data/GraphAPI/Teams_Activity_User_Detail/part-00005-bd366e94-d20e-4e81-b4ba-47b15889b4a9-c000.json","sinkDirectory":"graph_api/teams_activity_user_detail","sinkFilename":"part-00005-bd366e94-d20e-4e81-b4ba-47b15889b4a9-c000.json"},{"URL":"https://raw.githubusercontent.com/microsoft/OpenEduAnalytics/main/modules/Microsoft_Graph/test_data/GraphAPI/Teams_Activity_User_Detail/part-00006-bd366e94-d20e-4e81-b4ba-47b15889b4a9-c000.json","sinkDirectory":"graph_api/teams_activity_user_detail","sinkFilename":"part-00006-bd366e94-d20e-4e81-b4ba-47b15889b4a9-c000.json"},{"URL":"https://raw.githubusercontent.com/microsoft/OpenEduAnalytics/main/modules/Microsoft_Graph/test_data/GraphAPI/Teams_Activity_User_Detail/part-00007-bd366e94-d20e-4e81-b4ba-47b15889b4a9-c000.json","sinkDirectory":"graph_api/teams_activity_user_detail","sinkFilename":"part-00007-bd366e94-d20e-4e81-b4ba-47b15889b4a9-c000.json"},{"URL":"https://raw.githubusercontent.com/microsoft/OpenEduAnalytics/main/modules/Microsoft_Graph/test_data/GraphAPI/Teams_Activity_User_Detail/part-00008-bd366e94-d20e-4e81-b4ba-47b15889b4a9-c000.json","sinkDirectory":"graph_api/teams_activity_user_detail","sinkFilename":"part-00008-bd366e94-d20e-4e81-b4ba-47b15889b4a9-c000.json"},{"URL":"https://raw.githubusercontent.com/microsoft/OpenEduAnalytics/main/modules/Microsoft_Graph/test_data/GraphAPI/Teams_Activity_User_Detail/part-00009-bd366e94-d20e-4e81-b4ba-47b15889b4a9-c000.json","sinkDirectory":"graph_api/teams_activity_user_detail","sinkFilename":"part-00009-bd366e94-d20e-4e81-b4ba-47b15889b4a9-c000.json"}]},"endpointsSet3":{"type":"array","defaultValue":[{"URL":"https://raw.githubusercontent.com/microsoft/OpenEduAnalytics/main/modules/Microsoft_Graph/test_data/GraphAPI/Teams_Activity_User_Detail/part-00010-bd366e94-d20e-4e81-b4ba-47b15889b4a9-c000.json","sinkDirectory":"graph_api/teams_activity_user_detail","sinkFilename":"part-00010-bd366e94-d20e-4e81-b4ba-47b15889b4a9-c000.json"},{"URL":"https://raw.githubusercontent.com/microsoft/OpenEduAnalytics/main/modules/Microsoft_Graph/test_data/GraphAPI/Teams_Activity_User_Detail/part-00011-bd366e94-d20e-4e81-b4ba-47b15889b4a9-c000.json","sinkDirectory":"graph_api/teams_activity_user_detail","sinkFilename":"part-00011-bd366e94-d20e-4e81-b4ba-47b15889b4a9-c000.json"},{"URL":"https://raw.githubusercontent.com/microsoft/OpenEduAnalytics/main/modules/Microsoft_Graph/test_data/GraphAPI/Teams_Activity_User_Detail/part-00012-bd366e94-d20e-4e81-b4ba-47b15889b4a9-c000.json","sinkDirectory":"graph_api/teams_activity_user_detail","sinkFilename":"part-00012-bd366e94-d20e-4e81-b4ba-47b15889b4a9-c000.json"},{"URL":"https://raw.githubusercontent.com/microsoft/OpenEduAnalytics/main/modules/Microsoft_Graph/test_data/GraphAPI/Teams_Activity_User_Detail/part-00013-bd366e94-d20e-4e81-b4ba-47b15889b4a9-c000.json","sinkDirectory":"graph_api/teams_activity_user_detail","sinkFilename":"part-00013-bd366e94-d20e-4e81-b4ba-47b15889b4a9-c000.json"},{"URL":"https://raw.githubusercontent.com/microsoft/OpenEduAnalytics/main/modules/Microsoft_Graph/test_data/GraphAPI/Teams_Activity_User_Detail/part-00014-bd366e94-d20e-4e81-b4ba-47b15889b4a9-c000.json","sinkDirectory":"graph_api/teams_activity_user_detail","sinkFilename":"part-00014-bd366e94-d20e-4e81-b4ba-47b15889b4a9-c000.json"},{"URL":"https://raw.githubusercontent.com/microsoft/OpenEduAnalytics/main/modules/Microsoft_Graph/test_data/GraphAPI/Teams_Activity_User_Detail/part-00015-bd366e94-d20e-4e81-b4ba-47b15889b4a9-c000.json","sinkDirectory":"graph_api/teams_activity_user_detail","sinkFilename":"part-00015-bd366e94-d20e-4e81-b4ba-47b15889b4a9-c000.json"},{"URL":"https://raw.githubusercontent.com/microsoft/OpenEduAnalytics/main/modules/Microsoft_Graph/test_data/GraphAPI/Teams_Activity_User_Detail/part-00016-bd366e94-d20e-4e81-b4ba-47b15889b4a9-c000.json","sinkDirectory":"graph_api/teams_activity_user_detail","sinkFilename":"part-00016-bd366e94-d20e-4e81-b4ba-47b15889b4a9-c000.json"},{"URL":"https://raw.githubusercontent.com/microsoft/OpenEduAnalytics/main/modules/Microsoft_Graph/test_data/GraphAPI/Teams_Activity_User_Detail/part-00017-bd366e94-d20e-4e81-b4ba-47b15889b4a9-c000.json","sinkDirectory":"graph_api/teams_activity_user_detail","sinkFilename":"part-00017-bd366e94-d20e-4e81-b4ba-47b15889b4a9-c000.json"},{"URL":"https://raw.githubusercontent.com/microsoft/OpenEduAnalytics/main/modules/Microsoft_Graph/test_data/GraphAPI/Teams_Activity_User_Detail/part-00018-bd366e94-d20e-4e81-b4ba-47b15889b4a9-c000.json","sinkDirectory":"graph_api/teams_activity_user_detail","sinkFilename":"part-00018-bd366e94-d20e-4e81-b4ba-47b15889b4a9-c000.json"},{"URL":"https://raw.githubusercontent.com/microsoft/OpenEduAnalytics/main/modules/Microsoft_Graph/test_data/GraphAPI/Teams_Activity_User_Detail/part-00019-bd366e94-d20e-4e81-b4ba-47b15889b4a9-c000.json","sinkDirectory":"graph_api/teams_activity_user_detail","sinkFilename":"part-00019-bd366e94-d20e-4e81-b4ba-47b15889b4a9-c000.json"},{"URL":"https://raw.githubusercontent.com/microsoft/OpenEduAnalytics/main/modules/Microsoft_Graph/test_data/GraphAPI/Teams_Activity_User_Detail/part-00020-bd366e94-d20e-4e81-b4ba-47b15889b4a9-c000.json","sinkDirectory":"graph_api/teams_activity_user_detail","sinkFilename":"part-00020-bd366e94-d20e-4e81-b4ba-47b15889b4a9-c000.json"},{"URL":"https://raw.githubusercontent.com/microsoft/OpenEduAnalytics/main/modules/Microsoft_Graph/test_data/GraphAPI/Teams_Activity_User_Detail/part-00021-bd366e94-d20e-4e81-b4ba-47b15889b4a9-c000.json","sinkDirectory":"graph_api/teams_activity_user_detail","sinkFilename":"part-00021-bd366e94-d20e-4e81-b4ba-47b15889b4a9-c000.json"},{"URL":"https://raw.githubusercontent.com/microsoft/OpenEduAnalytics/main/modules/Microsoft_Graph/test_data/GraphAPI/Teams_Activity_User_Detail/part-00022-bd366e94-d20e-4e81-b4ba-47b15889b4a9-c000.json","sinkDirectory":"graph_api/teams_activity_user_detail","sinkFilename":"part-00022-bd366e94-d20e-4e81-b4ba-47b15889b4a9-c000.json"},{"URL":"https://raw.githubusercontent.com/microsoft/OpenEduAnalytics/main/modules/Microsoft_Graph/test_data/GraphAPI/Teams_Activity_User_Detail/part-00023-bd366e94-d20e-4e81-b4ba-47b15889b4a9-c000.json","sinkDirectory":"graph_api/teams_activity_user_detail","sinkFilename":"part-00023-bd366e94-d20e-4e81-b4ba-47b15889b4a9-c000.json"},{"URL":"https://raw.githubusercontent.com/microsoft/OpenEduAnalytics/main/modules/Microsoft_Graph/test_data/GraphAPI/Teams_Activity_User_Detail/part-00024-bd366e94-d20e-4e81-b4ba-47b15889b4a9-c000.json","sinkDirectory":"graph_api/teams_activity_user_detail","sinkFilename":"part-00024-bd366e94-d20e-4e81-b4ba-47b15889b4a9-c000.json"},{"URL":"https://raw.githubusercontent.com/microsoft/OpenEduAnalytics/main/modules/Microsoft_Graph/test_data/GraphAPI/Teams_Activity_User_Detail/part-00025-bd366e94-d20e-4e81-b4ba-47b15889b4a9-c000.json","sinkDirectory":"graph_api/teams_activity_user_detail","sinkFilename":"part-00025-bd366e94-d20e-4e81-b4ba-47b15889b4a9-c000.json"},{"URL":"https://raw.githubusercontent.com/microsoft/OpenEduAnalytics/main/modules/Microsoft_Graph/test_data/GraphAPI/Teams_Activity_User_Detail/part-00026-bd366e94-d20e-4e81-b4ba-47b15889b4a9-c000.json","sinkDirectory":"graph_api/teams_activity_user_detail","sinkFilename":"part-00026-bd366e94-d20e-4e81-b4ba-47b15889b4a9-c000.json"},{"URL":"https://raw.githubusercontent.com/microsoft/OpenEduAnalytics/main/modules/Microsoft_Graph/test_data/GraphAPI/Teams_Activity_User_Detail/part-00027-bd366e94-d20e-4e81-b4ba-47b15889b4a9-c000.json","sinkDirectory":"graph_api/teams_activity_user_detail","sinkFilename":"part-00027-bd366e94-d20e-4e81-b4ba-47b15889b4a9-c000.json"},{"URL":"https://raw.githubusercontent.com/microsoft/OpenEduAnalytics/main/modules/Microsoft_Graph/test_data/GraphAPI/Teams_Activity_User_Detail/part-00028-bd366e94-d20e-4e81-b4ba-47b15889b4a9-c000.json","sinkDirectory":"graph_api/teams_activity_user_detail","sinkFilename":"part-00028-bd366e94-d20e-4e81-b4ba-47b15889b4a9-c000.json"},{"URL":"https://raw.githubusercontent.com/microsoft/OpenEduAnalytics/main/modules/Microsoft_Graph/test_data/GraphAPI/Teams_Activity_User_Detail/part-00029-bd366e94-d20e-4e81-b4ba-47b15889b4a9-c000.json","sinkDirectory":"graph_api/teams_activity_user_detail","sinkFilename":"part-00029-bd366e94-d20e-4e81-b4ba-47b15889b4a9-c000.json"},{"URL":"https://raw.githubusercontent.com/microsoft/OpenEduAnalytics/main/modules/Microsoft_Graph/test_data/GraphAPI/Teams_Activity_User_Detail/part-00030-bd366e94-d20e-4e81-b4ba-47b15889b4a9-c000.json","sinkDirectory":"graph_api/teams_activity_user_detail","sinkFilename":"part-00030-bd366e94-d20e-4e81-b4ba-47b15889b4a9-c000.json"},{"URL":"https://raw.githubusercontent.com/microsoft/OpenEduAnalytics/main/modules/Microsoft_Graph/test_data/GraphAPI/Teams_Activity_User_Detail/part-00031-bd366e94-d20e-4e81-b4ba-47b15889b4a9-c000.json","sinkDirectory":"graph_api/teams_activity_user_detail","sinkFilename":"part-00031-bd366e94-d20e-4e81-b4ba-47b15889b4a9-c000.json"}]},"sinkFilesystem":{"type":"string","defaultValue":"stage1np"},"timezone":{"type":"string","defaultValue":"Central Standard Time"}},"variables":{"currentDateTime":{"type":"String"}},"folder":{"name":"Graph API Module/Extracts"},"annotations":[],"lastPublishTime":"2021-11-20T00:26:33Z"},"dependsOn":["[concat(variables('workspaceId'), '/datasets/DS_HTTP_binary')]","[concat(variables('workspaceId'), '/datasets/DS_ADLS_binary')]"]},{"name":"[concat(parameters('workspaceName'), '/GraphAPI_module_ingestion')]","type":"Microsoft.Synapse/workspaces/notebooks","apiVersion":"2019-06-01-preview","properties":{"folder":{"name":"Graph API Module"},"nbformat":4,"nbformat_minor":2,"bigDataPool":{"referenceName":"medium","type":"BigDataPoolReference"},"sessionProperties":{"driverMemory":"56g","driverCores":8,"executorMemory":"56g","executorCores":8,"numExecutors":4,"conf":{"spark.dynamicAllocation.enabled":"false","spark.dynamicAllocation.minExecutors":"4","spark.dynamicAllocation.maxExecutors":"4","spark.autotune.trackingId":"a8a49477-f0a7-44ec-8f50-e1dea2ea1ff8"}},"metadata":{"saveOutput":true,"synapse_widget":{"version":"0.1","state":{}},"enableDebugMode":false,"kernelspec":{"name":"synapse_pyspark","display_name":"Synapse PySpark"},"language_info":{"name":"python"},"a365ComputeOptions":{"id":"/subscriptions/7b9a4896-4541-483f-bdc7-d8f4ec6be3ee/resourceGroups/rg-oea-hybriddev2/providers/Microsoft.Synapse/workspaces/syn-oea-hybriddev2/bigDataPools/medium","name":"medium","type":"Spark","endpoint":"https://syn-oea-hybriddev2.dev.azuresynapse.net/livyApi/versions/2019-11-01-preview/sparkPools/medium","auth":{"type":"AAD","authResource":"https://dev.azuresynapse.net"},"sparkVersion":"2.4","nodeCount":10,"cores":8,"memory":56,"extraHeader":null}},"cells":[{"cell_type":"markdown","metadata":{"nteract":{"transient":{"deleting":false}}},"source":["# Graph API Module Example Notebook\r\n",""],"attachments":null},{"cell_type":"code","metadata":{"jupyter":{"source_hidden":false,"outputs_hidden":false},"nteract":{"transient":{"deleting":false}}},"source":["%run /OEA_py"],"attachments":null,"outputs":[{"output_type":"display_data","data":{"application/vnd.livy.statement-meta+json":{"spark_pool":null,"session_id":82,"statement_id":-1,"state":"finished","livy_statement_state":"available","queued_time":"2021-11-29T18:28:24.6985943Z","session_start_time":null,"execution_start_time":"2021-11-29T18:29:33.6745311Z","execution_finish_time":"2021-11-29T18:29:33.6746833Z"},"text/plain":"StatementMeta(, 82, -1, Finished, Available)"},"metadata":{}},{"name":"stdout","output_type":"stream","text":"2021-11-29 18:29:33,447 - OEA - DEBUG - OEA initialized.\nOEA initialized."}],"execution_count":13},{"cell_type":"code","metadata":{"jupyter":{"source_hidden":false,"outputs_hidden":false},"nteract":{"transient":{"deleting":false}}},"source":["%run /GraphAPI_py"],"attachments":null,"outputs":[{"output_type":"display_data","data":{"application/vnd.livy.statement-meta+json":{"spark_pool":null,"session_id":82,"statement_id":-1,"state":"finished","livy_statement_state":"available","queued_time":"2021-11-29T19:41:30.4507192Z","session_start_time":null,"execution_start_time":"2021-11-29T19:41:30.8695964Z","execution_finish_time":"2021-11-29T19:41:30.8697713Z"},"text/plain":"StatementMeta(, 82, -1, Finished, Available)"},"metadata":{}}],"execution_count":36},{"cell_type":"code","metadata":{"jupyter":{"source_hidden":false,"outputs_hidden":false},"nteract":{"transient":{"deleting":false}}},"source":["# 0) Initialize the OEA framework and modules needed.\r\n","oea = OEA()\r\n","graphapi = GraphAPI()"],"attachments":null,"outputs":[{"output_type":"display_data","data":{"application/vnd.livy.statement-meta+json":{"spark_pool":"medium","session_id":82,"statement_id":25,"state":"finished","livy_statement_state":"available","queued_time":"2021-11-29T19:41:33.4020831Z","session_start_time":null,"execution_start_time":"2021-11-29T19:41:33.506662Z","execution_finish_time":"2021-11-29T19:41:33.650794Z"},"text/plain":"StatementMeta(medium, 82, 25, Finished, Available)"},"metadata":{}},{"name":"stdout","output_type":"stream","text":"2021-11-29 19:41:33,485 - OEA - DEBUG - OEA initialized.\nOEA initialized."}],"execution_count":37},{"cell_type":"markdown","metadata":{"nteract":{"transient":{"deleting":false}}},"source":["## Using Actual Data\r\n","\r\n","### 1. Processing Graph API Actual Data"],"attachments":null},{"cell_type":"code","metadata":{"jupyter":{"source_hidden":false,"outputs_hidden":false},"nteract":{"transient":{"deleting":false}}},"source":["graphapi._process_graphapi_teams_stage1_data()"],"attachments":null,"outputs":[{"output_type":"display_data","data":{"application/vnd.livy.statement-meta+json":{"spark_pool":"medium","session_id":82,"statement_id":26,"state":"finished","livy_statement_state":"available","queued_time":"2021-11-29T19:41:35.1688804Z","session_start_time":null,"execution_start_time":"2021-11-29T19:41:35.281519Z","execution_finish_time":"2021-11-29T19:41:49.8729738Z"},"text/plain":"StatementMeta(medium, 82, 26, Finished, Available)"},"metadata":{}},{"name":"stdout","output_type":"stream","text":"Processing microsoft_graph teams data from: abfss://stage1np@stoeahybriddev2.dfs.core.windows.net/graph_api/teams_activity_user_detail\n{'id': 'c216efd9-559f-4459-ac02-712508271412', 'runId': '62b11e85-d88c-406b-a0ac-fd22b16ca06f', 'name': None, 'timestamp': '2021-11-29T19:41:37.582Z', 'batchId': 0, 'numInputRows': 497, 'processedRowsPerSecond': 85.19026396983203, 'durationMs': {'addBatch': 3111, 'getBatch': 742, 'getOffset': 1249, 'queryPlanning': 104, 'triggerExecution': 5834, 'walCommit': 263}, 'stateOperators': [], 'sources': [{'description': 'FileStreamSource[abfss://stage1np@stoeahybriddev2.dfs.core.windows.net/graph_api/teams_activity_user_detail/*/*.json]', 'startOffset': None, 'endOffset': {'logOffset': 0}, 'numInputRows': 497, 'processedRowsPerSecond': 85.19026396983203}], 'sink': {'description': 'DeltaSink[abfss://stage2p@stoeahybriddev2.dfs.core.windows.net/graph_api/teams_activity_user_detail_pseudo]'}}\n{'id': 'add54e73-488b-4031-80b0-024154c7f348', 'runId': '6d6106c9-8fec-41d4-8150-b3f895f35e10', 'name': None, 'timestamp': '2021-11-29T19:41:44.242Z', 'batchId': 0, 'numInputRows': 497, 'processedRowsPerSecond': 106.7210650633455, 'durationMs': {'addBatch': 1985, 'getBatch': 741, 'getOffset': 1174, 'queryPlanning': 82, 'triggerExecution': 4657, 'walCommit': 346}, 'stateOperators': [], 'sources': [{'description': 'FileStreamSource[abfss://stage1np@stoeahybriddev2.dfs.core.windows.net/graph_api/teams_activity_user_detail/*/*.json]', 'startOffset': None, 'endOffset': {'logOffset': 0}, 'numInputRows': 497, 'processedRowsPerSecond': 106.7210650633455}], 'sink': {'description': 'DeltaSink[abfss://stage2np@stoeahybriddev2.dfs.core.windows.net/graph_api/teams_activity_user_detail_lookup]'}}"}],"execution_count":38},{"cell_type":"markdown","metadata":{"nteract":{"transient":{"deleting":false}}},"source":["##"],"attachments":null}]},"dependsOn":[]},{"name":"[concat(parameters('workspaceName'), '/create_sql_db')]","type":"Microsoft.Synapse/workspaces/pipelines","apiVersion":"2019-06-01-preview","properties":{"activities":[{"name":"set sqlDBName","type":"SetVariable","dependsOn":[],"userProperties":[],"typeProperties":{"variableName":"sqlDBName","value":{"value":"sqls@{pipeline().parameters.stage}_@{pipeline().parameters.sourceDirectory}","type":"Expression"}}},{"name":"Stored procedure1","type":"SqlServerStoredProcedure","dependsOn":[{"activity":"set sqlDBName","dependencyConditions":["Succeeded"]}],"policy":{"timeout":"7.00:00:00","retry":0,"retryIntervalInSeconds":30,"secureOutput":false,"secureInput":false},"userProperties":[],"typeProperties":{"storedProcedureName":"[[dbo].[sp_executesql]","storedProcedureParameters":{"command":{"value":{"value":"IF NOT EXISTS (SELECT * FROM sys.databases WHERE name = '@{variables('sqlDBName')}') \nBEGIN\n  CREATE DATABASE @{variables('sqlDBName')}; \nEND;","type":"Expression"},"type":"String"}}},"linkedServiceName":{"referenceName":"[parameters('LS_SQL_Serverless_OEA')]","type":"LinkedServiceReference","parameters":{"dbName":"master"}}},{"name":"get folders in stageXp","type":"GetMetadata","dependsOn":[{"activity":"Stored procedure1","dependencyConditions":["Succeeded"]}],"policy":{"timeout":"7.00:00:00","retry":0,"retryIntervalInSeconds":30,"secureOutput":false,"secureInput":false},"userProperties":[],"typeProperties":{"dataset":{"referenceName":"DS_ADLS_binary_folder","type":"DatasetReference","parameters":{"filesystem":{"value":"stage@{pipeline().parameters.stage}p","type":"Expression"},"directory":{"value":"@pipeline().parameters.sourceDirectory","type":"Expression"}}},"fieldList":["childItems"],"storeSettings":{"type":"AzureBlobFSReadSettings","recursive":true,"enablePartitionDiscovery":false},"formatSettings":{"type":"BinaryReadSettings"}}},{"name":"ForEach1","type":"ForEach","dependsOn":[{"activity":"get folders in stageXp","dependencyConditions":["Succeeded"]}],"userProperties":[],"typeProperties":{"items":{"value":"@activity('get folders in stageXp').output.childItems","type":"Expression"},"activities":[{"name":"create or alter view for pseduonymized tables","type":"SqlServerStoredProcedure","dependsOn":[],"policy":{"timeout":"7.00:00:00","retry":0,"retryIntervalInSeconds":30,"secureOutput":false,"secureInput":false},"userProperties":[{"name":"command","value":"CREATE OR ALTER VIEW @{item().name} AS SELECT * FROM OPENROWSET( BULK 'https://@{pipeline().parameters.storageAccount}.dfs.core.windows.net/stage@{pipeline().parameters.stage}p/@{pipeline().parameters.sourceDirectory}/@{item().name}', FORMAT='DELTA' ) AS [r]"}],"typeProperties":{"storedProcedureName":"[[dbo].[sp_executesql]","storedProcedureParameters":{"command":{"value":{"value":"CREATE OR ALTER VIEW @{item().name} AS\nSELECT * FROM OPENROWSET(\nBULK 'https://@{pipeline().parameters.storageAccount}.dfs.core.windows.net/stage@{pipeline().parameters.stage}p/@{pipeline().parameters.sourceDirectory}/@{item().name}',\nFORMAT='DELTA'\n) AS [r]","type":"Expression"},"type":"String"}}},"linkedServiceName":{"referenceName":"[parameters('LS_SQL_Serverless_OEA')]","type":"LinkedServiceReference","parameters":{"dbName":{"value":"@variables('sqlDBName')","type":"Expression"}}}}]}},{"name":"get folders in stageXnp","type":"GetMetadata","dependsOn":[{"activity":"Stored procedure1","dependencyConditions":["Succeeded"]}],"policy":{"timeout":"7.00:00:00","retry":0,"retryIntervalInSeconds":30,"secureOutput":false,"secureInput":false},"userProperties":[],"typeProperties":{"dataset":{"referenceName":"DS_ADLS_binary_folder","type":"DatasetReference","parameters":{"filesystem":{"value":"stage@{pipeline().parameters.stage}np","type":"Expression"},"directory":{"value":"@pipeline().parameters.sourceDirectory","type":"Expression"}}},"fieldList":["childItems"],"storeSettings":{"type":"AzureBlobFSReadSettings","recursive":true,"enablePartitionDiscovery":false},"formatSettings":{"type":"BinaryReadSettings"}}},{"name":"ForEach2","type":"ForEach","dependsOn":[{"activity":"get folders in stageXnp","dependencyConditions":["Succeeded"]}],"userProperties":[],"typeProperties":{"items":{"value":"@activity('get folders in stageXnp').output.childItems","type":"Expression"},"activities":[{"name":"create or alter view for lookup tables","type":"SqlServerStoredProcedure","dependsOn":[],"policy":{"timeout":"7.00:00:00","retry":0,"retryIntervalInSeconds":30,"secureOutput":false,"secureInput":false},"userProperties":[{"name":"command","value":"CREATE OR ALTER VIEW @{item().name} AS SELECT * FROM OPENROWSET( BULK 'https://@{pipeline().parameters.storageAccount}.dfs.core.windows.net/stage@{pipeline().parameters.stage}p/@{pipeline().parameters.sourceDirectory}/@{item().name}', FORMAT='DELTA' ) AS [r]"}],"typeProperties":{"storedProcedureName":"[[dbo].[sp_executesql]","storedProcedureParameters":{"command":{"value":{"value":"CREATE OR ALTER VIEW @{item().name} AS\nSELECT * FROM OPENROWSET(\nBULK 'https://@{pipeline().parameters.storageAccount}.dfs.core.windows.net/stage@{pipeline().parameters.stage}np/@{pipeline().parameters.sourceDirectory}/@{item().name}',\nFORMAT='DELTA'\n) AS [r]","type":"Expression"},"type":"String"}}},"linkedServiceName":{"referenceName":"[parameters('LS_SQL_Serverless_OEA')]","type":"LinkedServiceReference","parameters":{"dbName":{"value":"@variables('sqlDBName')","type":"Expression"}}}}]}}],"policy":{"elapsedTimeMetric":{},"cancelAfter":{}},"parameters":{"storageAccount":{"type":"string","defaultValue":"stoeahybriddev2"},"sourceDirectory":{"type":"string","defaultValue":"intune"},"stage":{"type":"string","defaultValue":"2"}},"variables":{"sqlDBName":{"type":"String","defaultValue":"sqls2_mydb"}},"folder":{"name":"OEA_Framework/Ingest"},"annotations":[],"lastPublishTime":"2021-11-17T17:59:46Z"},"dependsOn":["[concat(variables('workspaceId'), '/datasets/DS_ADLS_binary_folder')]"]},{"name":"[concat(parameters('workspaceName'), '/create_lake_db')]","type":"Microsoft.Synapse/workspaces/pipelines","apiVersion":"2019-06-01-preview","properties":{"activities":[{"name":"create_lake_db","type":"SynapseNotebook","dependsOn":[],"policy":{"timeout":"7.00:00:00","retry":0,"retryIntervalInSeconds":30,"secureOutput":false,"secureInput":false},"userProperties":[{"name":"kwargs","value":"{'stage_num':@{pipeline().parameters.stageNum},'source_dir':@{pipeline().parameters.sourceDirectory}"}],"typeProperties":{"notebook":{"referenceName":"OEA_connector","type":"NotebookReference"},"parameters":{"object_name":{"value":"oea","type":"string"},"method_name":{"value":"create_lake_db","type":"string"},"kwargs":{"value":{"value":"{'stage_num':@{pipeline().parameters.stageNum},'source_dir':'@{pipeline().parameters.sourceDirectory}'}","type":"Expression"},"type":"string"}}}}],"policy":{"elapsedTimeMetric":{},"cancelAfter":{}},"parameters":{"stageNum":{"type":"string","defaultValue":"2"},"sourceDirectory":{"type":"string","defaultValue":"contoso_sis"}},"folder":{"name":"OEA_Framework/Ingest"},"annotations":[],"lastPublishTime":"2021-11-17T17:22:22Z"},"dependsOn":["[concat(variables('workspaceId'), '/notebooks/OEA_connector')]"]},{"name":"[concat(parameters('workspaceName'), '/DS_HTTP_binary')]","type":"Microsoft.Synapse/workspaces/datasets","apiVersion":"2019-06-01-preview","properties":{"description":"Retrieves data from an http endpoint.\nThe data can be in any format - the binary dataset allows us to pull any payload without affecting it.","linkedServiceName":{"referenceName":"[parameters('LS_HTTP')]","type":"LinkedServiceReference","parameters":{"baseURL":{"value":"@dataset().URL","type":"Expression"}}},"parameters":{"URL":{"type":"string"}},"folder":{"name":"OEA_Framework"},"annotations":[],"type":"Binary","typeProperties":{"location":{"type":"HttpServerLocation"}}},"dependsOn":[]},{"name":"[concat(parameters('workspaceName'), '/DS_ADLS_binary')]","type":"Microsoft.Synapse/workspaces/datasets","apiVersion":"2019-06-01-preview","properties":{"linkedServiceName":{"referenceName":"[parameters('LS_ADLS_OEA')]","type":"LinkedServiceReference"},"parameters":{"filesystem":{"type":"string","defaultValue":"stage1np"},"directory":{"type":"string"},"file":{"type":"string"}},"annotations":[],"type":"Binary","typeProperties":{"location":{"type":"AzureBlobFSLocation","fileName":{"value":"@dataset().file","type":"Expression"},"folderPath":{"value":"@dataset().directory","type":"Expression"},"fileSystem":{"value":"@dataset().filesystem","type":"Expression"}}}},"dependsOn":[]},{"name":"[concat(parameters('workspaceName'), '/DS_ADLS_binary_folder')]","type":"Microsoft.Synapse/workspaces/datasets","apiVersion":"2019-06-01-preview","properties":{"linkedServiceName":{"referenceName":"[parameters('LS_ADLS_OEA')]","type":"LinkedServiceReference"},"parameters":{"filesystem":{"type":"string"},"directory":{"type":"string"}},"folder":{"name":"OEA_Framework"},"annotations":[],"type":"Binary","typeProperties":{"location":{"type":"AzureBlobFSLocation","folderPath":{"value":"@dataset().directory","type":"Expression"},"fileSystem":{"value":"@dataset().filesystem","type":"Expression"}}}},"dependsOn":[]},{"name":"[concat(parameters('workspaceName'), '/OEA_connector')]","type":"Microsoft.Synapse/workspaces/notebooks","apiVersion":"2019-06-01-preview","properties":{"nbformat":4,"nbformat_minor":2,"bigDataPool":{"referenceName":"spark3p1sm","type":"BigDataPoolReference"},"sessionProperties":{"driverMemory":"28g","driverCores":4,"executorMemory":"28g","executorCores":4,"numExecutors":2,"conf":{}},"metadata":{"kernelspec":{"name":"synapse_pyspark","display_name":"Synapse PySpark"},"language_info":{"name":"python"}},"cells":[{"cell_type":"markdown","metadata":{"nteract":{"transient":{"deleting":false}}},"source":["# OEA connector\n","This notebook provides a way for invoking methods on the OEA framework or supporting modules from a pipeline.\n","\n","When setting up a new module, be sure to include a new cell below that imports that module, so that its methods can be invoked by pipelines."],"attachments":null},{"cell_type":"code","metadata":{"jupyter":{"source_hidden":false,"outputs_hidden":false},"nteract":{"transient":{"deleting":false}},"tags":["parameters"]},"source":["# These values should be passed in from the pipeline that is using this notebook as an activity.\r\n","# Note that kwargs allows you to pass in a dict of params, but the dict has to specified as a string when invoked from a pipeline.\r\n","# Also note that you can refer to attributes of an object in the params, for example: {'path':oea.stage2np}\r\n","object_name = 'oea'\r\n","method_name = ''\r\n","kwargs = '{}'"],"attachments":null,"outputs":[],"execution_count":null},{"cell_type":"code","metadata":{"jupyter":{"outputs_hidden":false,"source_hidden":false},"nteract":{"transient":{"deleting":false}},"collapsed":true},"source":["%run /OEA_py"],"attachments":null,"outputs":[],"execution_count":null},{"cell_type":"code","metadata":{"jupyter":{"outputs_hidden":false,"source_hidden":false},"nteract":{"transient":{"deleting":false}},"collapsed":true},"source":["%run /ContosoSIS_py"],"attachments":null,"outputs":[],"execution_count":null},{"cell_type":"code","metadata":{"jupyter":{"source_hidden":false,"outputs_hidden":false},"nteract":{"transient":{"deleting":false}}},"source":["obj = eval(object_name)\r\n","kwargs = eval(kwargs)\r\n","m = getattr(obj, method_name)\r\n","m(**kwargs)"],"attachments":null,"outputs":[],"execution_count":null}]},"dependsOn":[]}]}