{
    "name": "Data_ML_pipeline",
    "properties": {
        "activities": [
            {
                "name": "Engineer features in Stage2p",
                "type": "ExecutePipeline",
                "dependsOn": [
                    {
                        "activity": "Load data into Stage2 and pseudonymize",
                        "dependencyConditions": [
                            "Succeeded"
                        ]
                    }
                ],
                "userProperties": [],
                "typeProperties": {
                    "pipeline": {
                        "referenceName": "FeatureEngineering",
                        "type": "PipelineReference"
                    },
                    "waitOnCompletion": true
                }
            },
            {
                "name": "Create main dataset in Stage3p",
                "description": "This activity creates a main dataset by joining intermediate tables created in previous activity and saves it in Stage3p",
                "type": "SynapseNotebook",
                "dependsOn": [
                    {
                        "activity": "Engineer features in Stage2p",
                        "dependencyConditions": [
                            "Succeeded"
                        ]
                    }
                ],
                "policy": {
                    "timeout": "7.00:00:00",
                    "retry": 0,
                    "retryIntervalInSeconds": 30,
                    "secureOutput": false,
                    "secureInput": false
                },
                "userProperties": [],
                "typeProperties": {
                    "notebook": {
                        "referenceName": "create_main_dataset",
                        "type": "NotebookReference"
                    },
                    "snapshot": true
                }
            },
            {
                "name": "Register dataset to AML",
                "type": "SynapseNotebook",
                "dependsOn": [
                    {
                        "activity": "Create main dataset in Stage3p",
                        "dependencyConditions": [
                            "Succeeded"
                        ]
                    }
                ],
                "policy": {
                    "timeout": "7.00:00:00",
                    "retry": 0,
                    "retryIntervalInSeconds": 30,
                    "secureOutput": false,
                    "secureInput": false
                },
                "userProperties": [],
                "typeProperties": {
                    "notebook": {
                        "referenceName": "register_dataset_to_aml",
                        "type": "NotebookReference"
                    },
                    "snapshot": true
                }
            },
            {
                "name": "Submit mlflow experiment to AML",
                "type": "SynapseNotebook",
                "dependsOn": [
                    {
                        "activity": "Register dataset to AML",
                        "dependencyConditions": [
                            "Succeeded"
                        ]
                    }
                ],
                "policy": {
                    "timeout": "7.00:00:00",
                    "retry": 0,
                    "retryIntervalInSeconds": 30,
                    "secureOutput": false,
                    "secureInput": false
                },
                "userProperties": [],
                "typeProperties": {
                    "notebook": {
                        "referenceName": "submit_mlflow_experiment_to_aml",
                        "type": "NotebookReference"
                    },
                    "snapshot": true
                }
            },
            {
                "name": "Load data into Stage1p from repo",
                "description": "This activity pulls test data in Github and saves it into Stage1p",
                "type": "ExecutePipeline",
                "dependsOn": [],
                "userProperties": [],
                "typeProperties": {
                    "pipeline": {
                        "referenceName": "Copy_Contoso_test_data",
                        "type": "PipelineReference"
                    },
                    "waitOnCompletion": true
                }
            },
            {
                "name": "Predict",
                "type": "SynapseNotebook",
                "dependsOn": [
                    {
                        "activity": "Submit mlflow experiment to AML",
                        "dependencyConditions": [
                            "Succeeded"
                        ]
                    }
                ],
                "policy": {
                    "timeout": "7.00:00:00",
                    "retry": 0,
                    "retryIntervalInSeconds": 30,
                    "secureOutput": false,
                    "secureInput": false
                },
                "userProperties": [],
                "typeProperties": {
                    "notebook": {
                        "referenceName": "predict",
                        "type": "NotebookReference"
                    },
                    "snapshot": true
                }
            },
            {
                "name": "Load data into Stage2 and pseudonymize",
                "type": "ExecutePipeline",
                "dependsOn": [
                    {
                        "activity": "Load data into Stage1p from repo",
                        "dependencyConditions": [
                            "Succeeded"
                        ]
                    }
                ],
                "userProperties": [],
                "typeProperties": {
                    "pipeline": {
                        "referenceName": "Load_data_into_Stage2_and_pseudonymize",
                        "type": "PipelineReference"
                    },
                    "waitOnCompletion": true
                }
            }
        ],
        "annotations": [],
        "lastPublishTime": "2021-12-19T22:37:19Z"
    },
    "type": "Microsoft.Synapse/workspaces/pipelines"
}