{
    "name": "FeatureEngineering",
    "properties": {
        "activities": [
            {
                "name": "m365_techactivity",
                "type": "SynapseNotebook",
                "dependsOn": [],
                "policy": {
                    "timeout": "7.00:00:00",
                    "retry": 0,
                    "retryIntervalInSeconds": 30,
                    "secureOutput": false,
                    "secureInput": false
                },
                "userProperties": [],
                "typeProperties": {
                    "notebook": {
                        "referenceName": "m365_techactivity",
                        "type": "NotebookReference"
                    },
                    "snapshot": true
                }
            },
            {
                "name": "contoso_sis_studentmark",
                "type": "SynapseNotebook",
                "dependsOn": [],
                "policy": {
                    "timeout": "7.00:00:00",
                    "retry": 0,
                    "retryIntervalInSeconds": 30,
                    "secureOutput": false,
                    "secureInput": false
                },
                "userProperties": [],
                "typeProperties": {
                    "notebook": {
                        "referenceName": "contoso_sis_studentmark",
                        "type": "NotebookReference"
                    },
                    "snapshot": true
                }
            },
            {
                "name": "contoso_sis_studentattendance",
                "type": "SynapseNotebook",
                "dependsOn": [],
                "policy": {
                    "timeout": "7.00:00:00",
                    "retry": 0,
                    "retryIntervalInSeconds": 30,
                    "secureOutput": false,
                    "secureInput": false
                },
                "userProperties": [],
                "typeProperties": {
                    "notebook": {
                        "referenceName": "contoso_sis_studentattedance",
                        "type": "NotebookReference"
                    },
                    "snapshot": true
                }
            },
            {
                "name": "m365_person",
                "type": "SynapseNotebook",
                "dependsOn": [],
                "policy": {
                    "timeout": "7.00:00:00",
                    "retry": 0,
                    "retryIntervalInSeconds": 30,
                    "secureOutput": false,
                    "secureInput": false
                },
                "userProperties": [],
                "typeProperties": {
                    "notebook": {
                        "referenceName": "m365_person",
                        "type": "NotebookReference"
                    },
                    "snapshot": true
                }
            }
        ],
        "folder": {
            "name": "Data_ML_pipeline"
        },
        "annotations": [],
        "lastPublishTime": "2021-12-19T22:37:11Z"
    },
    "type": "Microsoft.Synapse/workspaces/pipelines"
}