{
    "name": "p2_join_model_table",
    "properties": {
        "activities": [
            {
                "name": "Create Model Table",
                "type": "SynapseNotebook",
                "dependsOn": [],
                "policy": {
                    "timeout": "7.00:00:00",
                    "retry": 0,
                    "retryIntervalInSeconds": 30,
                    "secureOutput": false,
                    "secureInput": false
                },
                "userProperties": [],
                "typeProperties": {
                    "notebook": {
                        "referenceName": "p2_create_model_df",
                        "type": "NotebookReference"
                    },
                    "snapshot": true,
                    "sparkPool": {
                        "referenceName": "sparkMed1",
                        "type": "BigDataPoolReference"
                    }
                }
            }
        ],
        "folder": {
            "name": "ML_Chron_Abs"
        },
        "annotations": []
    }
}