{
    "name": "contoso_sis_studentattedance",
    "properties": {
        "folder": {
            "name": "Featurization"
        },
        "nbformat": 4,
        "nbformat_minor": 2,
        "bigDataPool": {
            "referenceName": "spark3p1sm",
            "type": "BigDataPoolReference"
        },
        "sessionProperties": {
            "driverMemory": "28g",
            "driverCores": 4,
            "executorMemory": "28g",
            "executorCores": 4,
            "numExecutors": 2,
            "conf": {
                "spark.dynamicAllocation.enabled": "false",
                "spark.dynamicAllocation.minExecutors": "2",
                "spark.dynamicAllocation.maxExecutors": "2",
                "spark.autotune.trackingId": "f3b4ef92-064a-43e7-a44a-4f0ebed0d90e"
            }
        },
        "metadata": {
            "saveOutput": true,
            "synapse_widget": {
                "version": "0.1",
                "state": {
                    "f1f1de89-a3d8-48d7-9ab6-3ea6ef9a3191": {
                        "type": "Synapse.DataFrame",
                        "sync_state": {
                            "table": {
                                "rows": [
                                    {
                                        "0": "bb786acbc3a7af1348eb564e2603e4574bc20b42b898f4ddefb4a49173167df3",
                                        "1": "12"
                                    },
                                    {
                                        "0": "b7bad2240411afd29a4cee97bca6c02a7b667efbb873fea690a9fb870b012284",
                                        "1": "12"
                                    },
                                    {
                                        "0": "2e5224de027b0b8f32c00560c5aa1efdb0fb73df579f65e306bd111fd8782dac",
                                        "1": "12"
                                    },
                                    {
                                        "0": "ac4ea393bbf8de8323ef8971686898c3afc21ddeb32538e301c3c4d30b625426",
                                        "1": "12"
                                    },
                                    {
                                        "0": "c5ca739495dbf860a5f01b2b942650b56d4a37d3a5f66118603d3709292b88fb",
                                        "1": "6"
                                    },
                                    {
                                        "0": "4503deb7f03152bf47af9ea3997dc6837c804368093971915b66481b08edd8b8",
                                        "1": "12"
                                    },
                                    {
                                        "0": "f2447993213182b1109dc5bead95ff158e722c3bbbd99071de3c31467009d4b4",
                                        "1": "12"
                                    },
                                    {
                                        "0": "6fbcd9a08e2074c0931c4784c0e4735c8c1fdb05737d851b4e3d0d2fb85019ef",
                                        "1": "12"
                                    },
                                    {
                                        "0": "e2a7969d1392cd0bfc0c85f4a5588e9a39d7a6477eea51284d430b31e84cdbc9",
                                        "1": "6"
                                    },
                                    {
                                        "0": "4a7d705764e8fc1917c19af25aa7704221fb3de08d674028fa5fd2b1d28baa62",
                                        "1": "12"
                                    },
                                    {
                                        "0": "f4f700931333b59f34ad84c774205762c1ef842c39f9111d9a049894cb7c2286",
                                        "1": "12"
                                    },
                                    {
                                        "0": "b52042e19537f0557d790e4ef6146377a848776975e7f7ede585f2887835d343",
                                        "1": "12"
                                    },
                                    {
                                        "0": "9962810ced6eef1febdc28887e9bdfabe7dca4c32c0ce6b181fbef11ca48a42a",
                                        "1": "12"
                                    },
                                    {
                                        "0": "14f93cf1005b96eb748985eff532b1f7be56325ad8f47e9f1eacf65c8eda9a65",
                                        "1": "6"
                                    },
                                    {
                                        "0": "9164512b69d771af80ccb96dc9b80daad2a0cb22dd5b73d75a69f8b7825dcb1d",
                                        "1": "6"
                                    },
                                    {
                                        "0": "c068871156c7f3adadf58bbd26b7f1769d75e9f15486ed0d5eedf2d5094583bd",
                                        "1": "6"
                                    },
                                    {
                                        "0": "03e5a0d64b4d7df87802d58bb49976d77a24051a4b85b8940e0aa86b5b4d1feb",
                                        "1": "12"
                                    },
                                    {
                                        "0": "6a443b99b53c7dee5e90c3f3bdf708055221a52a845c9a4567500858608b12e4",
                                        "1": "12"
                                    },
                                    {
                                        "0": "58afd08fde1bd0ab657333d75ef87b3f5b902b7215279bcbbcb9e5cf0ebe388a",
                                        "1": "12"
                                    },
                                    {
                                        "0": "0c6b9183a222cec2885682037711e01fe9130f4f7291bb163c03c53c55604275",
                                        "1": "6"
                                    },
                                    {
                                        "0": "0b039b8211f7c0bcfe68f3d64e53665e632fff8935de4feeae6f41073e734e13",
                                        "1": "6"
                                    },
                                    {
                                        "0": "79ef05177dbeb79de41185525fdd13c202b59f660c576e1138b618b5d9013848",
                                        "1": "12"
                                    },
                                    {
                                        "0": "5b4f1bd9b4cc40a4b0c55ef9df1fe7459cef33933ed97203a8a995a83aac582e",
                                        "1": "6"
                                    },
                                    {
                                        "0": "48e312544f11b3f0a45022fc94d63e226261cbbfa8521f521cbd8b0c938fc179",
                                        "1": "12"
                                    },
                                    {
                                        "0": "b4825394f3d3c5c4fd1a9b2cf907d34b913d36eabefee3433608c87d208b8b25",
                                        "1": "12"
                                    },
                                    {
                                        "0": "1b138f85c5e28273d4fd137259d2059d1df876d17adb81c60d1a3eee8eabd4f5",
                                        "1": "6"
                                    },
                                    {
                                        "0": "172011944dcec58bc5f1615be464aeb4800d1f85340e8f328c1fbc3a6d8e7647",
                                        "1": "6"
                                    },
                                    {
                                        "0": "a6ab5db5aaf2dcc2f3d5dce229dd57511a85d15ef304c281d8b7af53efc62e0a",
                                        "1": "12"
                                    },
                                    {
                                        "0": "80b78ec748c2e8e058b1630c1a44f359baaaea591f3e32a0eec767f4739b3874",
                                        "1": "6"
                                    },
                                    {
                                        "0": "5d9230a8399a60083f54dcd5501cf793e2ca45f10fb3ff9dc1d733ceff79ebf6",
                                        "1": "12"
                                    },
                                    {
                                        "0": "cc1881280b6dc0f375081596305ec16dca03ad340fce0116b317f607a6a932be",
                                        "1": "12"
                                    },
                                    {
                                        "0": "6bad1b9ee8f34c8eaa405f6332485f3a05a0f27b659831abc611d9da0f704c40",
                                        "1": "12"
                                    },
                                    {
                                        "0": "602d3f31b06390bdccd536834bad422da515315ad4661e8c9ad13014968f96bb",
                                        "1": "6"
                                    },
                                    {
                                        "0": "4942704d16d7e384c8912df38e3bd1497efad1a4c28731614454dc02871201d2",
                                        "1": "12"
                                    },
                                    {
                                        "0": "f6e15a6b6a98431268e0089587b6f5f579262b9430d1dff68d22aaed200ba3c7",
                                        "1": "12"
                                    },
                                    {
                                        "0": "19a28953e40e0e0d22d72cd9f97b57cb27c58d8cb01ca4630db15d909546419c",
                                        "1": "12"
                                    },
                                    {
                                        "0": "5d5235155317b29203f9fc355594805831a1bafe255c24c50e8ddbc950eb73b8",
                                        "1": "12"
                                    },
                                    {
                                        "0": "43fab037630de15c3aa22d2801ae558ea554a100b9ecdd89a9f9910fdf9982db",
                                        "1": "12"
                                    },
                                    {
                                        "0": "c96ba0b5c9a152f4eda4ecac27e9dd8a36f08d98a652fb51555cbcf701bcbf2f",
                                        "1": "12"
                                    },
                                    {
                                        "0": "70395011b16faae0ca2a4d7c8f22a63e48b7bc35bed1a7198d4a53f63404a920",
                                        "1": "12"
                                    },
                                    {
                                        "0": "d78822f03b6e0b11b5a9a7a896e0a3ce0df0aa2a3bc4937def774ed4709fd0ed",
                                        "1": "12"
                                    },
                                    {
                                        "0": "f57c482429cd4d98c2f4bdd702217f462ff3c4112dce0cdbb19cfa4f5e180e4c",
                                        "1": "12"
                                    },
                                    {
                                        "0": "53c9a543fd58b7d2fb58b3cdab6e3f039036ac39f81621786ad306e5c009b48a",
                                        "1": "6"
                                    },
                                    {
                                        "0": "55db35aa288c78541a7fff9363ef13e1795d196dce1776c49c257b0eb5430873",
                                        "1": "12"
                                    },
                                    {
                                        "0": "3c20ead8d4561a9d0e29da4d80ea322867ba2635be35ddbedf918d85f4ce0e44",
                                        "1": "6"
                                    },
                                    {
                                        "0": "365a959860c630226b9b504c43e4afd7e2772d46a976bbcf09b0cefec1c5c7cd",
                                        "1": "12"
                                    },
                                    {
                                        "0": "c26beaf2509f668d071065399dd4326bac8d5af945d4d3804f0348ef48cd7c72",
                                        "1": "12"
                                    },
                                    {
                                        "0": "3f27029f368d80e9481618cb64a4ceb9121b0d450f42cc771659c4560ab77ab5",
                                        "1": "12"
                                    },
                                    {
                                        "0": "f852d6575881f9f3b04e71d423b0433e055c9a819ec93e657ea2ee77ad63e445",
                                        "1": "12"
                                    },
                                    {
                                        "0": "9d2554f67e2c335a4e9618593d3b491519479891aa71ea69b5343399b894d92a",
                                        "1": "12"
                                    },
                                    {
                                        "0": "1323c71c7befdf4d25f377d791721323e54dad31035c7bf261358dd945dbe682",
                                        "1": "6"
                                    },
                                    {
                                        "0": "aba646591659acdc5f28b90875a7e11464bb1b04394ab60490adc9cf25f29e2c",
                                        "1": "12"
                                    },
                                    {
                                        "0": "62678ce3a93ce5635a153d13c775b06cb67fcc4b8277becd65e4d73763251e63",
                                        "1": "12"
                                    },
                                    {
                                        "0": "a7274b64a24870db79b1002a0cd69d5c589c598b3a76890659053a02cda29328",
                                        "1": "12"
                                    },
                                    {
                                        "0": "04da136d336ba7adb895e7aeb71f9a06efac0568aaa5f73972b557ba32d3bb8e",
                                        "1": "12"
                                    },
                                    {
                                        "0": "d896afa876bf55bbe970e1149f80d19cd2b2b41345bb1c88d38483e10f00fecf",
                                        "1": "6"
                                    },
                                    {
                                        "0": "956ae07562d21cb7418c68c151c08215af6f06016a2cd3913aab714bb8c5210b",
                                        "1": "12"
                                    },
                                    {
                                        "0": "cebbcc8c23e20a1f5459f439360038080185927d32153e1236ce1470ad13dfea",
                                        "1": "6"
                                    },
                                    {
                                        "0": "45a8f6041fa1b5539a43e817dc991ff86e8a5654c4d6d8e9ee449c4ae16c7bdc",
                                        "1": "12"
                                    },
                                    {
                                        "0": "28171e383e5776996d967607e6c0b8cd3bb6675ae9a4d426bba656eaf0674c9a",
                                        "1": "12"
                                    },
                                    {
                                        "0": "844ec7c59032eaf596e739cb9cb2c9e76c2bfae8bb53bb557cef67a39a11cf8e",
                                        "1": "12"
                                    },
                                    {
                                        "0": "397839601d24973204d394c1666507871588c97220396cff5c2ca3294330804e",
                                        "1": "12"
                                    },
                                    {
                                        "0": "6a4397cf300c220b32f64b48a46bf8cb2af72dd7a44ca775f2a9d46443aeab56",
                                        "1": "6"
                                    },
                                    {
                                        "0": "deeaed729de032b8cbb65a6b998ebace703c8a55880c0fb15824c849b4d9e6b6",
                                        "1": "12"
                                    },
                                    {
                                        "0": "0b5ce2e50f69a666a4c44884e1f7039b857e06e071bd93cdfa9850c491ee369b",
                                        "1": "12"
                                    },
                                    {
                                        "0": "c8e73f952a718908618de1c138ab3a528b16ce4bfa94db5b19d23f752c0bb29a",
                                        "1": "12"
                                    },
                                    {
                                        "0": "d752d308527c28577866bc08e078b8465732f654b9b4335dd85a07482bea4c2c",
                                        "1": "12"
                                    },
                                    {
                                        "0": "c65a29fe41f8cae9bb899b734223899d5806b587ff2b78e214d5a029e27426d2",
                                        "1": "12"
                                    },
                                    {
                                        "0": "05a7abb05e8043e65503332daf896d0186b42f3a9377e2c0ce1ef4f3701b58c7",
                                        "1": "12"
                                    },
                                    {
                                        "0": "064c3bbcebb8361dcd406230454b597e234e45ba4a0ea04a9e42e989543ecec1",
                                        "1": "12"
                                    },
                                    {
                                        "0": "ed0eff979392ba115bdf8e30714696f1a4f7dd6985b2fc2ab4c44f02b5ad2ea2",
                                        "1": "12"
                                    },
                                    {
                                        "0": "88ed6363f9e790a106cad12d244543385700c3f9926e8f26390ea4b56bd67dc1",
                                        "1": "12"
                                    },
                                    {
                                        "0": "fd9c78b347cdfb287f71a5b2104361e32995b4e2a8fb1e50e2a31fd5131905ba",
                                        "1": "6"
                                    },
                                    {
                                        "0": "8082194169782b9470b51635ad70d473536f3bea45b9e4737d1de50ec157dc52",
                                        "1": "12"
                                    },
                                    {
                                        "0": "9b4b6eec6a037d641526841c68d6643c67dfdbc0e2845c9031aaf8f9a3a7640d",
                                        "1": "6"
                                    },
                                    {
                                        "0": "6ecf0326d15990934c2d8566d559cf4439a5721106b4c68a7aa2dabf1755f9c8",
                                        "1": "6"
                                    },
                                    {
                                        "0": "7c654ccc81f1ba4749f48dade2530c40a8d94721a3a4d183958f700031108991",
                                        "1": "12"
                                    },
                                    {
                                        "0": "7b507d8c7ee2330919c3e198072bf9e44c566d18e6b62593935557d0bafac841",
                                        "1": "6"
                                    },
                                    {
                                        "0": "d8e7ba649a7f236d6ec8d25e0878090922897b7a1221801722d4cb2712897455",
                                        "1": "6"
                                    },
                                    {
                                        "0": "97b7af42ec05de2445187690b704befa838be0895a94928c53b415465954d940",
                                        "1": "12"
                                    },
                                    {
                                        "0": "0f3f3f677ce0424a2481a9cf3136d4ea532c5b507ac741174cc0e31e9a24a55e",
                                        "1": "12"
                                    },
                                    {
                                        "0": "23faa0c931e62c1e475ce6f41ab79ecd75cd894ac685f6856427c877814c3fd8",
                                        "1": "6"
                                    },
                                    {
                                        "0": "7120785090e1c91b07f91f1e21d1bdd2e5bac407c09c309fa7df745cf46037f2",
                                        "1": "12"
                                    },
                                    {
                                        "0": "ee73b65b0e2930740ffd184c9f737e6d2b135e147fa43894ab70c7372ec52de2",
                                        "1": "12"
                                    },
                                    {
                                        "0": "201f952a2007e9aa4cae7bee7d2c54a77941950e14ec362aa869c8da1a148f0e",
                                        "1": "12"
                                    },
                                    {
                                        "0": "71fa8f05de09903ba102a3f0417c320dd2c37f1b71caef3c746d8e84ff493ce6",
                                        "1": "12"
                                    },
                                    {
                                        "0": "2efe5589d8671af15ecc651be9707daa3e64be3c050d87cd946448917d12c64d",
                                        "1": "12"
                                    },
                                    {
                                        "0": "b233176a4287aaf4c17d177a2a7294ce2ed6d3a54ceff7c2a0a3029665c764f3",
                                        "1": "12"
                                    },
                                    {
                                        "0": "ad34aa93514d1aba40596dc0987263d45cfbccf0c85ace350cde436e6fc2411d",
                                        "1": "12"
                                    },
                                    {
                                        "0": "e8239bbf36675c8ddfee25fb9501072677b499fe8234fbd7f0339636709cc678",
                                        "1": "12"
                                    },
                                    {
                                        "0": "df4afb19f71d9606c3420074b025051c4164cf8c44f078c67fb5a5b5d01dccaf",
                                        "1": "12"
                                    },
                                    {
                                        "0": "7843ee2d7bec56b628e6f7c99de37f6bb55d64bba55421cb7b3579c2fdd1dbc0",
                                        "1": "12"
                                    },
                                    {
                                        "0": "0f53869a3bedf6b2ce9c61f512b8bcfae15e713fbfb041a03cae323347f90456",
                                        "1": "12"
                                    },
                                    {
                                        "0": "dca3437b6546fc17a5e06f1027d82d6499bfe88b1ca1d17ad9a1b9dfa251c65c",
                                        "1": "12"
                                    },
                                    {
                                        "0": "02410a6eddaca87a29f039b4d43698281b47fd45216a156a52a55b5027ae55a9",
                                        "1": "12"
                                    },
                                    {
                                        "0": "c6c81c1e86a640b57fb496629a83024780394aa4a5052080cd61d3d625752c06",
                                        "1": "12"
                                    },
                                    {
                                        "0": "4b3f13a7ca6bde2abd7a231a2b29ba681185b77fb2903e62100b6985493433ab",
                                        "1": "6"
                                    },
                                    {
                                        "0": "22619f14bdcb5636228755ecff057ff2b762431953eb38b07be3bf041a55c95f",
                                        "1": "12"
                                    },
                                    {
                                        "0": "3191181bb757284054971a94d3517684717c622d14810e0bdb6529a57c314f4e",
                                        "1": "12"
                                    },
                                    {
                                        "0": "a6677457a8cf27bac640c2e9d268e81b94aba00aa2e926deb2b8abb98d58184c",
                                        "1": "12"
                                    }
                                ],
                                "schema": [
                                    {
                                        "key": "0",
                                        "name": "PersonId_pseudonym",
                                        "type": "string"
                                    },
                                    {
                                        "key": "1",
                                        "name": "attendance_cnt",
                                        "type": "bigint"
                                    }
                                ]
                            },
                            "isSummary": false,
                            "language": "scala"
                        },
                        "persist_state": {
                            "view": {
                                "type": "details",
                                "chartOptions": {
                                    "chartType": "bar",
                                    "aggregationType": "sum",
                                    "categoryFieldKeys": [
                                        "0"
                                    ],
                                    "seriesFieldKeys": [
                                        "1"
                                    ],
                                    "isStacked": false
                                }
                            }
                        }
                    }
                }
            },
            "enableDebugMode": false,
            "kernelspec": {
                "name": "synapse_pyspark",
                "display_name": "Synapse PySpark"
            },
            "language_info": {
                "name": "python"
            },
            "a365ComputeOptions": {
                "id": "/subscriptions/7b9a4896-4541-483f-bdc7-d8f4ec6be3ee/resourceGroups/rg-oea-cisdggv05m/providers/Microsoft.Synapse/workspaces/syn-oea-cisdggv05m/bigDataPools/spark3p1sm",
                "name": "spark3p1sm",
                "type": "Spark",
                "endpoint": "https://syn-oea-cisdggv05m.dev.azuresynapse.net/livyApi/versions/2019-11-01-preview/sparkPools/spark3p1sm",
                "auth": {
                    "type": "AAD",
                    "authResource": "https://dev.azuresynapse.net"
                },
                "sparkVersion": "3.1",
                "nodeCount": 3,
                "cores": 4,
                "memory": 28,
                "extraHeader": null
            }
        },
        "cells": [
            {
                "cell_type": "markdown",
                "metadata": {
                    "nteract": {
                        "transient": {
                            "deleting": false
                        }
                    }
                },
                "source": [
                    "# Featurization - contoso_sis_studentattedance"
                ],
                "attachments": null
            },
            {
                "cell_type": "markdown",
                "metadata": {
                    "nteract": {
                        "transient": {
                            "deleting": false
                        }
                    }
                },
                "source": [
                    "## Load OEA module"
                ],
                "attachments": null
            },
            {
                "cell_type": "code",
                "metadata": {
                    "jupyter": {
                        "source_hidden": false,
                        "outputs_hidden": false
                    },
                    "nteract": {
                        "transient": {
                            "deleting": false
                        }
                    }
                },
                "source": [
                    "%run /OEA_py"
                ],
                "attachments": null,
                "outputs": [],
                "execution_count": 1
            },
            {
                "cell_type": "markdown",
                "metadata": {
                    "nteract": {
                        "transient": {
                            "deleting": false
                        }
                    }
                },
                "source": [
                    "## Load variables\r\n",
                    "\r\n",
                    "- Instantiate \"MLpipeline\" class object as \"mlpipeline\""
                ],
                "attachments": null
            },
            {
                "cell_type": "code",
                "metadata": {
                    "jupyter": {
                        "source_hidden": false,
                        "outputs_hidden": false
                    },
                    "nteract": {
                        "transient": {
                            "deleting": false
                        }
                    }
                },
                "source": [
                    "%run /ml_config"
                ],
                "attachments": null,
                "outputs": [],
                "execution_count": 2
            },
            {
                "cell_type": "markdown",
                "metadata": {
                    "nteract": {
                        "transient": {
                            "deleting": false
                        }
                    }
                },
                "source": [
                    "## Featurization"
                ],
                "attachments": null
            },
            {
                "cell_type": "code",
                "metadata": {
                    "jupyter": {
                        "source_hidden": false,
                        "outputs_hidden": false
                    },
                    "nteract": {
                        "transient": {
                            "deleting": false
                        }
                    },
                    "collapsed": false
                },
                "source": [
                    "from pyspark.sql import functions as F\r\n",
                    "\r\n",
                    "INPUT_TABLE = '/contoso_sis/studentattendance_pseudo'\r\n",
                    "\r\n",
                    "# Load TechActivity data\r\n",
                    "df_studentattendance = spark.read.format('delta').load(oea.stage2p + INPUT_TABLE)\r\n",
                    "\r\n",
                    "# Keep the records of \"presence\" only\r\n",
                    "df_studentattendance = df_studentattendance.filter(F.col('AttendanceCode') == 'P') \r\n",
                    "\r\n",
                    "# Count rows for each student\r\n",
                    "df_studentattendance_cnt = df_studentattendance \\\r\n",
                    "                                .groupBy('student_id_pseudonym') \\\r\n",
                    "                                .count() \\\r\n",
                    "                                .select(F.col('student_id_pseudonym').alias('PersonId_pseudonym'), F.col('count').alias('attendance_cnt'))\r\n",
                    "\r\n",
                    "# Save intermediate dataset using MLpipeline class instance\r\n",
                    "mlpipeline.save_intermediate_dataset(df_studentattendance_cnt, 'StudentAttendanceCnt')\r\n",
                    "\r\n",
                    "display(df_studentattendance_cnt)"
                ],
                "attachments": null,
                "outputs": [],
                "execution_count": 3
            }
        ]
    }
}