{
	"name": "ml_config",
	"properties": {
		"folder": {
			"name": "Data_ML_pipeline"
		},
		"nbformat": 4,
		"nbformat_minor": 2,
		"sessionProperties": {
			"driverMemory": "28g",
			"driverCores": 4,
			"executorMemory": "28g",
			"executorCores": 4,
			"numExecutors": 2,
			"conf": {
				"spark.dynamicAllocation.enabled": "false",
				"spark.dynamicAllocation.minExecutors": "2",
				"spark.dynamicAllocation.maxExecutors": "2",
				"spark.autotune.trackingId": "1fc7eb57-bfa6-4619-93e5-31702b7279f9"
			}
		},
		"metadata": {
			"saveOutput": true,
			"synapse_widget": {
				"version": "0.1"
			},
			"enableDebugMode": false,
			"kernelspec": {
				"name": "synapse_pyspark",
				"display_name": "python"
			},
			"language_info": {
				"name": "python"
			}
		},
		"cells": [
			{
				"cell_type": "markdown",
				"metadata": {
					"nteract": {
						"transient": {
							"deleting": false
						}
					}
				},
				"source": [
					"# Configuration file"
				],
				"attachments": null
			},
			{
				"cell_type": "code",
				"metadata": {
					"jupyter": {
						"source_hidden": false,
						"outputs_hidden": false
					},
					"nteract": {
						"transient": {
							"deleting": false
						}
					}
				},
				"source": [
					"PIPELINE_NAME = 'ML_pipeline'"
				],
				"attachments": null,
				"execution_count": null
			},
			{
				"cell_type": "markdown",
				"metadata": {
					"nteract": {
						"transient": {
							"deleting": false
						}
					}
				},
				"source": [
					"## Configuration for data creation (for \"create_main_dataset\" notebook)"
				],
				"attachments": null
			},
			{
				"cell_type": "code",
				"metadata": {
					"jupyter": {
						"source_hidden": false,
						"outputs_hidden": false
					},
					"nteract": {
						"transient": {
							"deleting": false
						}
					}
				},
				"source": [
					"BASE_DATASET = \"StudentAttendanceCnt\" # This is the base dataset to join other tables in DATASETS\r\n",
					"DATASETS_TO_JOIN =  [   # These datasets will be joined with BASE in the order listed here.\r\n",
					"                # 2nd value is a method of joining. (inner, left, outer...)\r\n",
					"                # 3rd value will be used to fill NA values. Alterntely a dict can be used to specify which value to use for each column.\r\n",
					"                # When None, no operation will be done. (if dataset has no unmatching records to \"Vulnerability\" dataset)\r\n",
					"                ['StudentMarkAvg','inner', 0], \r\n",
					"                ['TechActivityPivot','inner', 0], \r\n",
					"                ['Person','inner', 0]\r\n",
					"            ]"
				],
				"attachments": null,
				"execution_count": null
			},
			{
				"cell_type": "markdown",
				"metadata": {
					"nteract": {
						"transient": {
							"deleting": false
						}
					}
				},
				"source": [
					"## Configuration for AML"
				],
				"attachments": null
			},
			{
				"cell_type": "code",
				"source": [
					"ML_CONFIG = {\r\n",
					"                    \"key\": {\"PersonId_pseudonym\"},                  # Key columns in dataset\r\n",
					"                    \"feature\": None,                                # Feature columns in dataset (When None, all the features except label and exclude_feature will used)\r\n",
					"                    \"exclude_feature\": None,                        # Columns in dataset to be excluded from features\r\n",
					"                    \"sensitive_feature\" : {\"GenerationCode\"},       # Sensitive feature columns in dataset (When None or {}, no dataset for sensitive features will be registered)\r\n",
					"                    \"label\": {\"avg_numeric_grade\"},                 # Label columns in dataset\r\n",
					"                    \"label_dtype\": \"double\",                        # Data type of label\r\n",
					"                    \"model\":\"regression_linearreg\",                 # Model class name \r\n",
					"                }\r\n",
					"MODEL_VERSION = '1'                                 # Version of trained model used for prediction (Version can be checked in \"Models\" tab in AML)\r\n",
					"                                                    # \"predict\" feature requires to specify version (it doesn't have feature to use the latest version)\r\n",
					"LINKED_SERVICE_NAME = \"LS_ML\"                       # Link Service from Synapse to AML\r\n",
					"COMPUTE = \"testcluster\"                             # Compute in AML\r\n",
					"\r\n",
					"URI = \"https://github.com/lladop/OpenEduAnalytics.git#packages/How_to_implement_Azure_machine_learning/aml_modeling/project\"   # URI to the mlflow project in Github repo\r\n",
					"BRANCH = \"maidap-fy22h1-mlpipeline\"                                 # Branch of Github repo\r\n",
					"\r\n",
					"# When repo is private, URI needs to be set with personal access token as shown below\r\n",
					"#URI = f\"https://{TOKEN}@github.com/ContosoISD3/cisdggimpl5.git#aml_projects/mlflow/template_project/project/\"\r\n",
					"# Personal Access Token (No need to modify this for now. \r\n",
					"# https://docs.github.com/en/authentication/keeping-your-account-and-data-secure/creating-a-personal-access-token)"
				],
				"attachments": null,
				"execution_count": null
			},
			{
				"cell_type": "code",
				"metadata": {
					"jupyter": {
						"source_hidden": false,
						"outputs_hidden": false
					},
					"nteract": {
						"transient": {
							"deleting": false
						}
					}
				},
				"source": [
					"logger.debug('')\r\n",
					"logger.debug('Following values are defined in \"ml_config\" notbook')\r\n",
					"logger.debug(f\"   PIPELINE_NAME: {PIPELINE_NAME}\")\r\n",
					"logger.debug(f\"   BASE_DATASET: {BASE_DATASET}\")\r\n",
					"logger.debug(f\"   DATASETS_TO_JOIN: {DATASETS_TO_JOIN}\")\r\n",
					"logger.debug(f\"   MODEL_VERSION: {MODEL_VERSION}\")\r\n",
					"logger.debug(f\"   ML_CONFIG: {ML_CONFIG}\")\r\n",
					"logger.debug(f\"   LINKED_SERVICE_NAME: {LINKED_SERVICE_NAME}\")\r\n",
					"logger.debug(f\"   COMPUTE: {COMPUTE}\")\r\n",
					"logger.debug(f\"   URI: {URI}\")\r\n",
					"logger.debug(f\"   BRANCH: {BRANCH}\")"
				],
				"attachments": null,
				"execution_count": null
			},
			{
				"cell_type": "code",
				"metadata": {
					"jupyter": {
						"source_hidden": false,
						"outputs_hidden": false
					},
					"nteract": {
						"transient": {
							"deleting": false
						}
					}
				},
				"source": [
					"%run ML_pipeline_py"
				],
				"attachments": null,
				"execution_count": null
			},
			{
				"cell_type": "code",
				"metadata": {
					"jupyter": {
						"source_hidden": false,
						"outputs_hidden": false
					},
					"nteract": {
						"transient": {
							"deleting": false
						}
					}
				},
				"source": [
					"mlpipeline = MLpipeline(PIPELINE_NAME)\r\n",
					""
				],
				"attachments": null,
				"execution_count": null
			}
		]
	}
}