{
	"name": "ML_pipeline_py",
	"properties": {
		"folder": {
			"name": "Data_ML_pipeline"
		},
		"nbformat": 4,
		"nbformat_minor": 2,
		"sessionProperties": {
			"driverMemory": "28g",
			"driverCores": 4,
			"executorMemory": "28g",
			"executorCores": 4,
			"numExecutors": 2,
			"conf": {
				"spark.dynamicAllocation.enabled": "false",
				"spark.dynamicAllocation.minExecutors": "2",
				"spark.dynamicAllocation.maxExecutors": "2",
				"spark.autotune.trackingId": "9a13b876-0428-46c2-819d-667336bf0ea9"
			}
		},
		"metadata": {
			"saveOutput": true,
			"synapse_widget": {
				"version": "0.1"
			},
			"enableDebugMode": false,
			"kernelspec": {
				"name": "synapse_pyspark",
				"display_name": "python"
			},
			"language_info": {
				"name": "python"
			}
		},
		"cells": [
			{
				"cell_type": "code",
				"metadata": {
					"jupyter": {
						"source_hidden": false,
						"outputs_hidden": false
					},
					"nteract": {
						"transient": {
							"deleting": false
						}
					}
				},
				"source": [
					"import azureml.core\r\n",
					"from azureml.core import Experiment, Workspace, Dataset, Datastore\r\n",
					"from pyspark.sql import functions as F\r\n",
					"from notebookutils import mssparkutils\r\n",
					"from azureml.data.dataset_factory import TabularDatasetFactory\r\n",
					"import mlflow\r\n",
					"import json\r\n",
					"from pyspark.sql.types import DecimalType, DoubleType\r\n",
					"import azure.synapse.ml.predict as pcontext\r\n",
					"\r\n",
					"class MLpipeline():\r\n",
					"    def __init__(self, pipeline_name, main_dataset = 'MainData', data_format='delta'):    \r\n",
					"        self.pipeline_name = pipeline_name\r\n",
					"        self.data_format = data_format\r\n",
					"        self.main_dataset = main_dataset\r\n",
					"        self.s2p_data_path = f\"{oea.stage2p}/processed/{self.pipeline_name}\" # Folder path to save the intermediate dataset for this pipeline\r\n",
					"        self.s3p_main_dataset_path = f'{oea.stage3p}/{self.pipeline_name}/{self.main_dataset}'\r\n",
					"        self.s3p_db_name = f's3p_{self.pipeline_name}'\r\n",
					"\r\n",
					"    def save_intermediate_dataset(self, df, dataset_name):\r\n",
					"        df.write.format(self.data_format).mode('overwrite').save(f'{self.s2p_data_path}/{dataset_name}')\r\n",
					"        logger.info(f'Saved intermediate dataset: {self.s2p_data_path}/{dataset_name}')\r\n",
					"\r\n",
					"    def join_dataset(self, base_dataset, datasets_to_join, join_keys):\r\n",
					"        # Load BASE dataset (=Vulnerability)\r\n",
					"        dfJoined =  spark.read.format(self.data_format).load(f'{self.s2p_data_path}/{base_dataset}')\r\n",
					"\r\n",
					"        # Log # of rows in BASE dataset\r\n",
					"        logger.info(\"Name of Dataset: Matched Count / Total Count after Join\")\r\n",
					"        logger.info(f\"   {base_dataset}: {dfJoined.count()} / {dfJoined.count()}\")\r\n",
					"\r\n",
					"        for dataset_name, join_type, val_fillna in datasets_to_join:\r\n",
					"            # Load dataset to join\r\n",
					"            dfToJoin = spark.read.format(self.data_format).load(f'{self.s2p_data_path}/{dataset_name}')\r\n",
					"\r\n",
					"            # Join loaded dataset to dfJoined\r\n",
					"            dfJoined = dfJoined.join(dfToJoin, join_keys, how= join_type)\r\n",
					"            \r\n",
					"            # Log total # of rows and # of matched rows\r\n",
					"            cnt_matched = dfJoined.filter(dfToJoin[join_keys[0]].isNotNull()).count()\r\n",
					"            logger.info(f\"   {dataset_name}: {cnt_matched} / {dfJoined.count()}\")\r\n",
					"            for key in join_keys:\r\n",
					"                dfJoined = dfJoined.drop(dfToJoin[key])\r\n",
					"\r\n",
					"            # Fill empty cells if needed\r\n",
					"            if val_fillna is not None:\r\n",
					"                if type(val_fillna) is dict:\r\n",
					"                    dfJoined = dfJoined.fillna(val_fillna)\r\n",
					"                else:\r\n",
					"                    dfJoined = dfJoined.fillna(val_fillna, dfToJoin.columns)\r\n",
					"\r\n",
					"        # Save joined dataset\r\n",
					"        dfJoined.write.format(self.data_format).mode('overwrite').save(self.s3p_main_dataset_path)\r\n",
					"        logger.info(f\"Joined dataset saved: {self.s3p_main_dataset_path}\")\r\n",
					"\r\n",
					"        self.create_lake_datatable_for_joined_dataset(self.s3p_main_dataset_path)\r\n",
					"\r\n",
					"        return dfJoined\r\n",
					"\r\n",
					"    def create_lake_datatable_for_joined_dataset(self, path):\r\n",
					"        spark.sql('CREATE DATABASE IF NOT EXISTS ' + self.s3p_db_name)\r\n",
					"        spark.sql(\"DROP TABLE IF EXISTS \" + self.s3p_db_name + \".\" + self.main_dataset)\r\n",
					"        spark.sql(\"CREATE TABLE IF NOT EXISTS \" + self.s3p_db_name + \".\" + self.main_dataset + f\" USING {self.data_format} LOCATION '\" + path + \"'\")\r\n",
					"\r\n",
					"        logger.info(f\"Lake data table created: {self.main_dataset}\")\r\n",
					"\r\n",
					"    # Get dataset name using data_config\r\n",
					"    def get_dataset_name(self, data_config):\r\n",
					"        ds_names = []\r\n",
					"        for purpose in ['feature', 'label', 'sensitive_feature']:\r\n",
					"            # \"sensitive_feature\" may not exist... in that case, set None\r\n",
					"            ds_name = 'dataset-' + self.pipeline_name + \"-\" + purpose if purpose != 'sensitive_feature' or (purpose in data_config and data_config[purpose]) else None\r\n",
					"            ds_names.append(ds_name)\r\n",
					"        return ds_names\r\n",
					"\r\n",
					"    # Register data for different purposes\r\n",
					"    def register_data(self, linked_service, data_config):\r\n",
					"        ws = mssparkutils.azureML.getWorkspace(linked_service)\r\n",
					"        datastore = Datastore.get_default(ws)\r\n",
					"\r\n",
					"        df = spark.read.format(self.data_format).load(self.s3p_main_dataset_path)\r\n",
					"\r\n",
					"        if not data_config['feature']:\r\n",
					"            data_config['feature'] = set(df.columns) - data_config['label']\r\n",
					"        if data_config['exclude_feature']:\r\n",
					"            data_config['feature'] = set(data_config['feature']) - data_config['exclude_feature']\r\n",
					"\r\n",
					"        ds_names = self.get_dataset_name(data_config)\r\n",
					"        \r\n",
					"        for i, purpose in enumerate(['feature', 'label', 'sensitive_feature']):\r\n",
					"            if purpose in data_config and data_config[purpose]:\r\n",
					"                df_purpose = df.select(list(data_config['key'] | data_config[purpose])).filter(F.col(list(data_config['label'])[0]).isNotNull())\r\n",
					"                df_purpose = validate_data(df_purpose)\r\n",
					"                TabularDatasetFactory.register_spark_dataframe(df_purpose, datastore, name = ds_names[i])\r\n",
					"\r\n",
					"        return ds_names\r\n",
					"\r\n",
					"    def submit_experiment_to_aml(self, linked_service, compute, uri, branch, data_config):\r\n",
					"        ws = mssparkutils.azureML.getWorkspace(linked_service)\r\n",
					"\r\n",
					"        # Vars in capital letters are defined in \"ml_config\" notebook\r\n",
					"        backend_config = {\"COMPUTE\": compute, \"USE_CONDA\": True}\r\n",
					"        mlflow.set_tracking_uri(ws.get_mlflow_tracking_uri()) # ws is defined in \"utils_ML_pipeline\" notebook\r\n",
					"\r\n",
					"        \r\n",
					"        # Set name of experiment (This will be displayed in AML's Experiment tab)\r\n",
					"        mlflow.set_experiment(f'experiment-{self.pipeline_name}')\r\n",
					"\r\n",
					"        # Get dataset names\r\n",
					"        features_ds_name, label_ds_name, sensitive_ds_name = self.get_dataset_name(data_config)\r\n",
					"            \r\n",
					"        # Create parameters to pass to AML\r\n",
					"        params = {\r\n",
					"                        'feature_dataset': features_ds_name,\r\n",
					"                        'label_dataset': label_ds_name,\r\n",
					"                        'sensitive_feature_dataset' : sensitive_ds_name,\r\n",
					"                        'key': json.dumps(list(data_config['key'])),\r\n",
					"                        'model': data_config['model'],\r\n",
					"                        'registered_name':'model-' + self.pipeline_name \r\n",
					"                }\r\n",
					"\r\n",
					"        # Submit mlflow project\r\n",
					"        remote_run = mlflow.projects.run(uri=uri, \r\n",
					"                                            version=branch,\r\n",
					"                                            parameters= params,\r\n",
					"                                            entry_point=\"main\",\r\n",
					"                                            backend = \"azureml\",\r\n",
					"                                            use_conda=True,\r\n",
					"                                            backend_config = backend_config)\r\n",
					"\r\n",
					"    def predict(self, linked_service, data_config, model_version):\r\n",
					"        ws = mssparkutils.azureML.getWorkspace(linked_service)\r\n",
					"\r\n",
					"        # Configure spark\r\n",
					"        spark.conf.set(\"spark.synapse.ml.predict.enabled\",\"true\")\r\n",
					"\r\n",
					"        # Create a set of features\r\n",
					"        df = spark.read.format(self.data_format).load(self.s3p_main_dataset_path)\r\n",
					"        if not data_config['feature']:\r\n",
					"            data_config['feature'] = set(df.columns) - data_config['label']\r\n",
					"        if data_config['exclude_feature']:\r\n",
					"            data_config['feature'] = set(data_config['feature']) - data_config['exclude_feature']\r\n",
					"            \r\n",
					"        # Keep the rows and columns necessary for prediction\r\n",
					"        # (Since all the students are labeled in this test data, .)\r\n",
					"        #df = df.filter(F.col(list(data_config['label'])[0]).isNotNull()).select(list(data_config['key'] | data_config['feature']))\r\n",
					"        df = df.select(list(data_config['key'] | data_config['feature']))\r\n",
					"        df.createOrReplaceTempView('data')\r\n",
					"\r\n",
					"        # Setup a model for prediction\r\n",
					"        registered_name = 'model-' + self.pipeline_name \r\n",
					"        model = pcontext.bind_model(\r\n",
					"                data_config[\"label_dtype\"],\r\n",
					"                \"mlflow\",\r\n",
					"                registered_name,\r\n",
					"                f\"aml://{registered_name}:{model_version}\",\r\n",
					"                aml_workspace=ws\r\n",
					"            ).register()\r\n",
					"            \r\n",
					"        # Run a query for prediction\r\n",
					"        predictions = spark.sql(f\"SELECT {','.join(data_config['key'])}, PREDICT('{registered_name}', {', '.join(data_config['feature'] - data_config['key'])}) AS {','.join(data_config['label'])} FROM data\")\r\n",
					"\r\n",
					"        # Save prediction result\r\n",
					"        pred_path = f\"{oea.stage3p}/{self.pipeline_name}/{'pred-' + self.pipeline_name}\"\r\n",
					"        predictions.write.format(self.data_format).mode('overwrite').save(pred_path)\r\n",
					"        logger.info(f'Saved prediction result: {pred_path}')\r\n",
					"\r\n",
					"        return predictions\r\n",
					"\r\n",
					"DTYPE_CONVERT = [\r\n",
					"                    (DecimalType, DoubleType),  \r\n",
					"                    (BooleanType, IntegerType)  # Add necesary datatype conversion here. (from, to)\r\n",
					"                ] \r\n",
					"\r\n",
					"def convert_datatypes(df):\r\n",
					"    for field in df.schema.fields:\r\n",
					"        for dtype_from, dtype_to in DTYPE_CONVERT:\r\n",
					"            if type(field.dataType) == dtype_from:\r\n",
					"                logger.warning(f'DataType of {field.name} is converted from {str(dtype_from)} to {str(dtype_to)}')\r\n",
					"                df = df.withColumn(field.name, F.col(field.name).cast(dtype_to()))\r\n",
					"    return df\r\n",
					"\r\n",
					"def check_null_value(df):\r\n",
					"    null_exist = False\r\n",
					"    total_rowcnt = df.count()\r\n",
					"\r\n",
					"    for col in df.columns:\r\n",
					"        cnt = df.filter(F.col(col).isin(['', 'undefined']) | F.col(col).isNull()).count()\r\n",
					"        if cnt > 0:\r\n",
					"            logger.error(f'In {col}, Null or Empty values exist ({cnt}/{total_rowcnt})')\r\n",
					"            null_exist = True\r\n",
					"        #if null_exist:\r\n",
					"        #    raise ValueError('Null or Empty values exist')\r\n",
					"\r\n",
					"def validate_data(df):\r\n",
					"    df = convert_datatypes(df)\r\n",
					"    check_null_value(df)\r\n",
					"    return df\r\n",
					"\r\n",
					""
				],
				"attachments": null,
				"execution_count": null
			}
		]
	}
}