{
    "name": "submit_mlflow_experiment_to_aml",
    "properties": {
        "folder": {
            "name": "Data_ML_pipeline"
        },
        "nbformat": 4,
        "nbformat_minor": 2,
        "bigDataPool": {
            "referenceName": "spark3p1sm",
            "type": "BigDataPoolReference"
        },
        "sessionProperties": {
            "driverMemory": "28g",
            "driverCores": 4,
            "executorMemory": "28g",
            "executorCores": 4,
            "numExecutors": 2,
            "conf": {
                "spark.dynamicAllocation.enabled": "false",
                "spark.dynamicAllocation.minExecutors": "2",
                "spark.dynamicAllocation.maxExecutors": "2",
                "spark.autotune.trackingId": "c3acbb81-c46e-4b7d-8671-96475944d790"
            }
        },
        "metadata": {
            "saveOutput": true,
            "enableDebugMode": false,
            "kernelspec": {
                "name": "synapse_pyspark",
                "display_name": "Synapse PySpark"
            },
            "language_info": {
                "name": "python"
            },
            "a365ComputeOptions": {
                "id": "/subscriptions/7b9a4896-4541-483f-bdc7-d8f4ec6be3ee/resourceGroups/rg-oea-cisdggv05m/providers/Microsoft.Synapse/workspaces/syn-oea-cisdggv05m/bigDataPools/spark3p1sm",
                "name": "spark3p1sm",
                "type": "Spark",
                "endpoint": "https://syn-oea-cisdggv05m.dev.azuresynapse.net/livyApi/versions/2019-11-01-preview/sparkPools/spark3p1sm",
                "auth": {
                    "type": "AAD",
                    "authResource": "https://dev.azuresynapse.net"
                },
                "sparkVersion": "3.1",
                "nodeCount": 3,
                "cores": 4,
                "memory": 28,
                "extraHeader": null
            }
        },
        "cells": [
            {
                "cell_type": "markdown",
                "metadata": {
                    "nteract": {
                        "transient": {
                            "deleting": false
                        }
                    }
                },
                "source": [
                    "# Summary \r\n",
                    "\r\n",
                    "- This script submits a mlflow experiment to AML\r\n",
                    "- Before running this, datasets can be registered to AML with \"register_datasets_to_aml\" notebook\r\n",
                    "- By setting DATA_REGISTER to True, datasets can be registered in this script too\r\n",
                    "- Please modify values in the first cell to change configuration"
                ],
                "attachments": null
            },
            {
                "cell_type": "markdown",
                "metadata": {
                    "nteract": {
                        "transient": {
                            "deleting": false
                        }
                    }
                },
                "source": [
                    "## Load OEA module"
                ],
                "attachments": null
            },
            {
                "cell_type": "code",
                "metadata": {
                    "jupyter": {
                        "source_hidden": false,
                        "outputs_hidden": false
                    },
                    "nteract": {
                        "transient": {
                            "deleting": false
                        }
                    }
                },
                "source": [
                    "%run /OEA_py"
                ],
                "attachments": null,
                "outputs": [],
                "execution_count": 5
            },
            {
                "cell_type": "markdown",
                "metadata": {
                    "nteract": {
                        "transient": {
                            "deleting": false
                        }
                    }
                },
                "source": [
                    "## Load variables\r\n",
                    "\r\n",
                    "- Load variables (LINKED_SERVICE_NAME, COMPUTE, URI, BRANCH, ML_CONFIG...)\r\n",
                    "- Instantiate \"MLpipeline\" class object as \"mlpipeline\""
                ],
                "attachments": null
            },
            {
                "cell_type": "code",
                "metadata": {
                    "jupyter": {
                        "source_hidden": false,
                        "outputs_hidden": false
                    },
                    "nteract": {
                        "transient": {
                            "deleting": false
                        }
                    }
                },
                "source": [
                    "%run ml_config"
                ],
                "attachments": null,
                "outputs": [],
                "execution_count": 6
            },
            {
                "cell_type": "markdown",
                "metadata": {
                    "nteract": {
                        "transient": {
                            "deleting": false
                        }
                    }
                },
                "source": [
                    "## Submit a mlflow experiment to AML (if necessary, register dataset to AML)"
                ],
                "attachments": null
            },
            {
                "cell_type": "code",
                "metadata": {
                    "jupyter": {
                        "source_hidden": false,
                        "outputs_hidden": false
                    },
                    "nteract": {
                        "transient": {
                            "deleting": false
                        }
                    }
                },
                "source": [
                    "mlpipeline.submit_experiment_to_aml(LINKED_SERVICE_NAME, COMPUTE, URI, BRANCH, ML_CONFIG)"
                ],
                "attachments": null,
                "outputs": [],
                "execution_count": 7
            }
        ]
    }
}