{
    "now": "2021-12-02T13:33:49.025Z",
    "perfNow": 77832.69999992847,
    "diagnosticCorrelation": "07a5646f-8ca5-4159-8a48-b50e1dd9eeb6",
    "source": "DownloadSupportFiles",
    "environment": {
        "productName": "a365",
        "buildVersion": "21.1128.10",
        "environmentType": 9,
        "resourceName": "syn-oea-cisdam2",
        "resourceRegion": "centralindia",
        "resourceGroup": "rg-oea-CISDAM2",
        "subscriptionId": "7b9a4896-4541-483f-bdc7-d8f4ec6be3ee",
        "sessionId": "JL0dB",
        "operationId": "IAe2J",
        "gitType": "live"
    },
    "additionalInfo": {
        "selectedResource": "Trigger_all_incremental_query_to_Stage1np",
        "selectedResourceType": "pipeline"
    }
}