{
    "now": "2022-04-26T17:41:27.890Z",
    "perfNow": 15099761.200000286,
    "diagnosticCorrelation": "2877098a-4658-4a88-8886-606e459af728",
    "source": "DownloadSupportFiles",
    "environment": {
        "productName": "a365",
        "buildVersion": "22.0418.12",
        "environmentType": 9,
        "resourceName": "eduanalyticsfusd2",
        "resourceRegion": "westus2",
        "resourceGroup": "EduAnalytics",
        "subscriptionId": "f16d97ba-b733-4436-9564-554a1452b258",
        "sessionId": "i2iOC",
        "operationId": "9MIcF",
        "gitType": "VSTS"
    },
    "additionalInfo": {
        "selectedResource": "p4_pbi_serve",
        "selectedResourceType": "pipeline"
    }
}