{
    "name": "TeamsActivityUserDetails_GraphAPI",
    "properties": {
        "linkedServiceName": {
            "referenceName": "Graph API",
            "type": "LinkedServiceReference"
        },
        "folder": {
            "name": "Graph API Integration Datasets"
        },
        "annotations": [],
        "type": "RestResource",
        "typeProperties": {
            "relativeUrl": {
                "value": "beta/reports/getTeamsUserActivityUserDetail(period='D7')?$format=application/json",
                "type": "Expression"
            }
        },
        "schema": []
    },
    "type": "Microsoft.Synapse/workspaces/datasets"
}