{
    "name": "Users_JSON",
    "properties": {
        "linkedServiceName": {
            "referenceName": "syn-oea-hybriddev2-WorkspaceDefaultStorage",
            "type": "LinkedServiceReference"
        },
        "folder": {
            "name": "Graph API Integration Datasets"
        },
        "annotations": [],
        "type": "Json",
        "typeProperties": {
            "location": {
                "type": "AzureBlobFSLocation",
                "fileName": {
                    "value": "users.json",
                    "type": "Expression"
                },
                "folderPath": "GraphAPI/Users",
                "fileSystem": "stage1np"
            }
        },
        "schema": {}
    },
    "type": "Microsoft.Synapse/workspaces/datasets"
}