{
    "now": "2021-10-11T14:54:42.492Z",
    "perfNow": 3657959,
    "diagnosticCorrelation": "fad0cf9f-07ad-41d6-ac65-94f1cfc24124",
    "source": "DownloadSupportFiles",
    "environment": {
        "productName": "a365",
        "buildVersion": "21.0928.01",
        "environmentType": 9,
        "resourceName": "syn-oea-hybriddev2",
        "resourceRegion": "eastus",
        "resourceGroup": "rg-oea-hybriddev2",
        "subscriptionId": "7b9a4896-4541-483f-bdc7-d8f4ec6be3ee",
        "sessionId": "s4aUJ",
        "operationId": "6OBbQ",
        "gitType": "live"
    },
    "additionalInfo": {
        "selectedResource": "GraphAPI_Pipeline",
        "selectedResourceType": "pipeline"
    }
}