{
    "name": "p1_myQOI_data",
    "properties": {
        "folder": {
            "name": "Digital Equity CHAD"
        },
        "nbformat": 4,
        "nbformat_minor": 2,
        "bigDataPool": {
            "referenceName": "spark1",
            "type": "BigDataPoolReference"
        },
        "sessionProperties": {
            "driverMemory": "28g",
            "driverCores": 4,
            "executorMemory": "28g",
            "executorCores": 4,
            "numExecutors": 2,
            "conf": {
                "spark.dynamicAllocation.enabled": "false",
                "spark.dynamicAllocation.minExecutors": "2",
                "spark.dynamicAllocation.maxExecutors": "2",
                "spark.autotune.trackingId": "62e1bb7c-4859-4741-b59c-15b1e6a302cc"
            }
        },
        "metadata": {
            "saveOutput": true,
            "enableDebugMode": false,
            "kernelspec": {
                "name": "synapse_pyspark",
                "display_name": "Synapse PySpark"
            },
            "language_info": {
                "name": "python"
            },
            "a365ComputeOptions": {
                "id": "/subscriptions/f16d97ba-b733-4436-9564-554a1452b258/resourceGroups/EduAnalytics/providers/Microsoft.Synapse/workspaces/eduanalyticsfusd2/bigDataPools/spark1",
                "name": "spark1",
                "type": "Spark",
                "endpoint": "https://eduanalyticsfusd2.dev.azuresynapse.net/livyApi/versions/2019-11-01-preview/sparkPools/spark1",
                "auth": {
                    "type": "AAD",
                    "authResource": "https://dev.azuresynapse.net"
                },
                "sparkVersion": "2.4",
                "nodeCount": 10,
                "cores": 4,
                "memory": 28,
                "automaticScaleJobs": false
            },
            "sessionKeepAliveTimeout": 30
        },
        "cells": [
            {
                "cell_type": "markdown",
                "metadata": {
                    "nteract": {
                        "transient": {
                            "deleting": false
                        }
                    }
                },
                "source": [
                    "# (P1) MyQoI Data - Cleaning and Aggregation\r\n",
                    "*Access/Connectivity Data*\r\n",
                    "\r\n",
                    "This notebook cleans data, using only access data between 8/13/2021 to 6/7/2022.\r\n",
                    "\r\n",
                    "From the Identity table, this notebook cleans the data specific to students and student accounts that are still enabled. Then, isolates the columns for mapping IDs and drops the duplicates.\r\n",
                    "\r\n",
                    "Lastly, the MyQoI table is joined (inner join) with the Identity table on the column \"Username_pseudonym\"."
                ]
            },
            {
                "cell_type": "code",
                "metadata": {
                    "jupyter": {
                        "source_hidden": false,
                        "outputs_hidden": false
                    },
                    "nteract": {
                        "transient": {
                            "deleting": false
                        }
                    }
                },
                "source": [
                    "%run OpenEduAnalytics/OEA_py"
                ],
                "outputs": [],
                "execution_count": 11
            },
            {
                "cell_type": "code",
                "metadata": {
                    "jupyter": {
                        "source_hidden": false,
                        "outputs_hidden": false
                    },
                    "nteract": {
                        "transient": {
                            "deleting": false
                        }
                    }
                },
                "source": [
                    "# initialize OEA class instance\r\n",
                    "oea = OEA('saeduanalytics', '319c64c8-b50b-4f7d-be4b-4dc86e85ae84', 'FuSD$14329')"
                ],
                "outputs": [],
                "execution_count": 12
            },
            {
                "cell_type": "code",
                "metadata": {
                    "jupyter": {
                        "source_hidden": false,
                        "outputs_hidden": false
                    },
                    "nteract": {
                        "transient": {
                            "deleting": false
                        }
                    }
                },
                "source": [
                    "import pyspark.sql.functions as F\r\n",
                    "from pyspark.sql.functions import col"
                ],
                "outputs": [],
                "execution_count": 13
            },
            {
                "cell_type": "code",
                "metadata": {
                    "jupyter": {
                        "source_hidden": false,
                        "outputs_hidden": false
                    },
                    "nteract": {
                        "transient": {
                            "deleting": false
                        }
                    }
                },
                "source": [
                    "dfMyQOI = oea.load('myQoI', 'Client_Info', oea.stage2p)\r\n",
                    "dfIdent = oea.load('Identity', 'vwOEAUserIdentity', oea.stage2p)"
                ],
                "outputs": [],
                "execution_count": 14
            },
            {
                "cell_type": "code",
                "metadata": {
                    "jupyter": {
                        "source_hidden": false,
                        "outputs_hidden": false
                    },
                    "nteract": {
                        "transient": {
                            "deleting": false
                        }
                    }
                },
                "source": [
                    "print((dfMyQOI.count(), len(dfMyQOI.columns)))\r\n",
                    "\r\n",
                    "dates = (\"2021-08-13T00:00:00\",  \"2022-06-07T00:00:00\")\r\n",
                    "dfMyQOI = dfMyQOI.where(col('TimeDate').between(*dates))\r\n",
                    "\r\n",
                    "print((dfMyQOI.count(), len(dfMyQOI.columns)))"
                ],
                "outputs": [],
                "execution_count": 15
            },
            {
                "cell_type": "code",
                "metadata": {
                    "jupyter": {
                        "source_hidden": false,
                        "outputs_hidden": false
                    },
                    "nteract": {
                        "transient": {
                            "deleting": false
                        }
                    }
                },
                "source": [
                    "dfMyQOI.show(1,vertical=True)"
                ],
                "outputs": [],
                "execution_count": 16
            },
            {
                "cell_type": "code",
                "metadata": {
                    "jupyter": {
                        "source_hidden": false,
                        "outputs_hidden": false
                    },
                    "nteract": {
                        "transient": {
                            "deleting": false
                        }
                    }
                },
                "source": [
                    "print((dfIdent.count(), len(dfIdent.columns)))\r\n",
                    "\r\n",
                    "dfIdent = dfIdent.where((F.col('PersonType') == 'Student')& (F.col('AccountEnabled') == 'True'))\r\n",
                    "dfIdent = dfIdent.select(['UserID_pseudonym','UserName_pseudonym'])\r\n",
                    "dfIdent = dfIdent.drop_duplicates()\r\n",
                    "dfIdent.show(1,vertical=True)\r\n",
                    "\r\n",
                    "print((dfIdent.count(), len(dfIdent.columns)))"
                ],
                "outputs": [],
                "execution_count": 17
            },
            {
                "cell_type": "code",
                "metadata": {
                    "jupyter": {
                        "source_hidden": false,
                        "outputs_hidden": false
                    },
                    "nteract": {
                        "transient": {
                            "deleting": false
                        }
                    }
                },
                "source": [
                    "dfMyQOI = dfMyQOI.join(dfIdent, 'Username_pseudonym', how=\"inner\")\r\n",
                    "print((dfMyQOI.count(), len(dfMyQOI.columns)))"
                ],
                "outputs": [],
                "execution_count": 18
            },
            {
                "cell_type": "code",
                "metadata": {
                    "jupyter": {
                        "source_hidden": false,
                        "outputs_hidden": false
                    },
                    "nteract": {
                        "transient": {
                            "deleting": false
                        }
                    }
                },
                "source": [
                    "print(dfMyQOI.select('UserID_pseudonym').distinct().count())"
                ],
                "outputs": [],
                "execution_count": 19
            },
            {
                "cell_type": "code",
                "metadata": {
                    "jupyter": {
                        "source_hidden": false,
                        "outputs_hidden": false
                    },
                    "nteract": {
                        "transient": {
                            "deleting": false
                        }
                    }
                },
                "source": [
                    "schema_path3p = 'stage3p/dig_equity/myqoi'\r\n",
                    "\r\n",
                    "dfMyQOI.write.format('delta').mode(\"overwrite\").save(oea.convert_path(schema_path3p))"
                ],
                "outputs": [],
                "execution_count": 20
            }
        ]
    }
}