{
    "name": "p1_student_data",
    "properties": {
        "folder": {
            "name": "Digital Equity CHAD"
        },
        "nbformat": 4,
        "nbformat_minor": 2,
        "bigDataPool": {
            "referenceName": "sparkMed1",
            "type": "BigDataPoolReference"
        },
        "sessionProperties": {
            "driverMemory": "56g",
            "driverCores": 8,
            "executorMemory": "56g",
            "executorCores": 8,
            "numExecutors": 2,
            "conf": {
                "spark.dynamicAllocation.enabled": "false",
                "spark.dynamicAllocation.minExecutors": "2",
                "spark.dynamicAllocation.maxExecutors": "2",
                "spark.autotune.trackingId": "250072f4-825a-4815-a453-84d97f5a24dc"
            }
        },
        "metadata": {
            "saveOutput": true,
            "enableDebugMode": false,
            "kernelspec": {
                "name": "synapse_pyspark",
                "display_name": "Synapse PySpark"
            },
            "language_info": {
                "name": "python"
            },
            "a365ComputeOptions": {
                "id": "/subscriptions/f16d97ba-b733-4436-9564-554a1452b258/resourceGroups/EduAnalytics/providers/Microsoft.Synapse/workspaces/eduanalyticsfusd2/bigDataPools/sparkMed1",
                "name": "sparkMed1",
                "type": "Spark",
                "endpoint": "https://eduanalyticsfusd2.dev.azuresynapse.net/livyApi/versions/2019-11-01-preview/sparkPools/sparkMed1",
                "auth": {
                    "type": "AAD",
                    "authResource": "https://dev.azuresynapse.net"
                },
                "sparkVersion": "2.4",
                "nodeCount": 10,
                "cores": 8,
                "memory": 56,
                "automaticScaleJobs": false
            },
            "sessionKeepAliveTimeout": 30
        },
        "cells": [
            {
                "cell_type": "markdown",
                "metadata": {
                    "nteract": {
                        "transient": {
                            "deleting": false
                        }
                    }
                },
                "source": [
                    "# (P1) Student Data - Cleaning and Aggregation\r\n",
                    "*SIS Student Data*\r\n",
                    "\r\n",
                    "This notebook cleans out duplicates seen in the SIS data (for the SIS tables: Student, StudentSchool, and School). The school_code column is then cast as an integer. \r\n",
                    "\r\n",
                    "Aggregation is done on the StudentSchool and School tables (by an inner join), then on Student with the new \"StudentSchool\" table (also by an inner join).\r\n",
                    "\r\n",
                    "Lastly, only the relevant columns for analyses are selected in the final \"Student\" table."
                ]
            },
            {
                "cell_type": "code",
                "metadata": {
                    "jupyter": {
                        "source_hidden": false,
                        "outputs_hidden": false
                    },
                    "nteract": {
                        "transient": {
                            "deleting": false
                        }
                    }
                },
                "source": [
                    "%run OpenEduAnalytics/OEA_py"
                ],
                "outputs": [],
                "execution_count": 65
            },
            {
                "cell_type": "code",
                "metadata": {
                    "jupyter": {
                        "source_hidden": false,
                        "outputs_hidden": false
                    },
                    "nteract": {
                        "transient": {
                            "deleting": false
                        }
                    }
                },
                "source": [
                    "# initialize OEA class instance\r\n",
                    "oea = OEA('saeduanalytics', '319c64c8-b50b-4f7d-be4b-4dc86e85ae84', 'FuSD$14329')"
                ],
                "outputs": [],
                "execution_count": 66
            },
            {
                "cell_type": "code",
                "metadata": {
                    "jupyter": {
                        "source_hidden": false,
                        "outputs_hidden": false
                    },
                    "nteract": {
                        "transient": {
                            "deleting": false
                        }
                    }
                },
                "source": [
                    "import pyspark.sql.functions as F\r\n",
                    "from pyspark.sql.functions import col"
                ],
                "outputs": [],
                "execution_count": 67
            },
            {
                "cell_type": "code",
                "metadata": {
                    "jupyter": {
                        "source_hidden": false,
                        "outputs_hidden": false
                    },
                    "nteract": {
                        "transient": {
                            "deleting": false
                        }
                    }
                },
                "source": [
                    "dfStudent = oea.load('SIS', 'student', oea.stage2p)\r\n",
                    "dfStudentSchool = oea.load('SIS', 'studentschool', oea.stage2p)\r\n",
                    "dfSchool = oea.load('SIS', 'school', oea.stage2p)\r\n",
                    "dfSchoolLoc = oea.load('SIS', 'school_location', oea.stage2p)"
                ],
                "outputs": [],
                "execution_count": 68
            },
            {
                "cell_type": "code",
                "metadata": {
                    "jupyter": {
                        "source_hidden": false,
                        "outputs_hidden": false
                    },
                    "nteract": {
                        "transient": {
                            "deleting": false
                        }
                    }
                },
                "source": [
                    "dfStudentSchool = dfStudentSchool.where(col('school_year')==2022)"
                ],
                "outputs": [],
                "execution_count": 69
            },
            {
                "cell_type": "code",
                "metadata": {
                    "jupyter": {
                        "source_hidden": false,
                        "outputs_hidden": false
                    },
                    "nteract": {
                        "transient": {
                            "deleting": false
                        }
                    }
                },
                "source": [
                    "print((dfStudent.count(), len(dfStudent.columns)))\r\n",
                    "print((dfStudentSchool.count(), len(dfStudentSchool.columns)))\r\n",
                    "print((dfSchool.count(), len(dfSchool.columns)))\r\n",
                    "print((dfSchoolLoc.count(), len(dfSchoolLoc.columns)))\r\n",
                    "print('~~~~~~~~~~~~~')\r\n",
                    "\r\n",
                    "dfStudent = dfStudent.drop_duplicates(['student_number_pseudonym'])\r\n",
                    "dfStudentSchool = dfStudentSchool.drop_duplicates(['student_id_pseudonym'])\r\n",
                    "dfSchool = dfSchool.drop_duplicates(['id_pseudonym'])\r\n",
                    "dfSchoolLoc = dfSchoolLoc.drop_duplicates(['SchoolID_pseudonym'])\r\n",
                    "\r\n",
                    "print((dfStudent.count(), len(dfStudent.columns)))\r\n",
                    "print((dfStudentSchool.count(), len(dfStudentSchool.columns)))\r\n",
                    "print((dfSchool.count(), len(dfSchool.columns)))\r\n",
                    "print((dfSchoolLoc.count(), len(dfSchoolLoc.columns)))"
                ],
                "outputs": [],
                "execution_count": 70
            },
            {
                "cell_type": "code",
                "metadata": {
                    "jupyter": {
                        "source_hidden": false,
                        "outputs_hidden": false
                    },
                    "nteract": {
                        "transient": {
                            "deleting": false
                        }
                    }
                },
                "source": [
                    "dfSchool = dfSchool.withColumn(\"school_code\", dfSchool[\"school_code\"].cast(IntegerType()))\r\n",
                    "dfSchoolLoc = dfSchoolLoc.select('SchoolID_pseudonym', 'Latitude', 'Longitude')"
                ],
                "outputs": [],
                "execution_count": 71
            },
            {
                "cell_type": "code",
                "metadata": {
                    "jupyter": {
                        "source_hidden": false,
                        "outputs_hidden": false
                    },
                    "nteract": {
                        "transient": {
                            "deleting": false
                        }
                    }
                },
                "source": [
                    "dfSchool = dfSchool.join(dfSchoolLoc, dfSchool.id_pseudonym==dfSchoolLoc.SchoolID_pseudonym, how=\"left\")\r\n",
                    "print((dfSchool.count(), len(dfSchool.columns)))\r\n",
                    "dfStudentSchool = dfStudentSchool.join(dfSchool, dfSchool.school_code==dfStudentSchool.school_id, how=\"inner\")\r\n",
                    "print((dfStudentSchool.count(), len(dfStudentSchool.columns)))\r\n",
                    "dfStudent = dfStudent.join(dfStudentSchool, dfStudent.student_number_pseudonym==dfStudentSchool.student_id_pseudonym, how=\"inner\")\r\n",
                    "print((dfStudent.count(), len(dfStudent.columns)))\r\n",
                    "dfStudent = dfStudent.select('student_id_pseudonym', 'Gender', 'race_code', 'is_hispanic_latino',\r\n",
                    "                             'is_economically_disadvantaged', 'is_ell', 'is_gifted_talented',\r\n",
                    "                             'is_504_plan', 'lunch_status_code', 'grade_level', 'SchoolID_pseudonym', 'name', 'Latitude', 'Longitude')\r\n",
                    "dfStudent.show(2, vertical=True) "
                ],
                "outputs": [],
                "execution_count": 72
            },
            {
                "cell_type": "code",
                "metadata": {
                    "jupyter": {
                        "source_hidden": false,
                        "outputs_hidden": false
                    },
                    "nteract": {
                        "transient": {
                            "deleting": false
                        }
                    }
                },
                "source": [
                    "dfStudent = dfStudent.withColumnRenamed(\"name\", \"school_name\")\r\n",
                    "dfStudent = dfStudent.withColumnRenamed(\"Latitude\", \"school_latitude\")\r\n",
                    "dfStudent = dfStudent.withColumnRenamed(\"Longitude\", \"school_longitude\")\r\n",
                    "print(dfStudent.columns)\r\n",
                    "print((dfStudent.count(), len(dfStudent.columns)))"
                ],
                "outputs": [],
                "execution_count": 73
            },
            {
                "cell_type": "code",
                "metadata": {
                    "jupyter": {
                        "source_hidden": false,
                        "outputs_hidden": false
                    },
                    "nteract": {
                        "transient": {
                            "deleting": false
                        }
                    }
                },
                "source": [
                    "schema_path3p = 'stage3p/dig_equity/student'\r\n",
                    "\r\n",
                    "oea.rm_if_exists(oea.convert_path(schema_path3p))\r\n",
                    "dfStudent.write.format('delta').mode(\"overwrite\").save(oea.convert_path(schema_path3p))"
                ],
                "outputs": [],
                "execution_count": 74
            },
            {
                "cell_type": "code",
                "metadata": {
                    "jupyter": {
                        "source_hidden": false,
                        "outputs_hidden": false
                    },
                    "nteract": {
                        "transient": {
                            "deleting": false
                        }
                    }
                },
                "source": [
                    ""
                ],
                "outputs": [],
                "execution_count": null
            }
        ]
    }
}