{
    "name": "p2_myQOI_groups",
    "properties": {
        "folder": {
            "name": "Digital Equity CHAD"
        },
        "nbformat": 4,
        "nbformat_minor": 2,
        "bigDataPool": {
            "referenceName": "spark1",
            "type": "BigDataPoolReference"
        },
        "sessionProperties": {
            "driverMemory": "28g",
            "driverCores": 4,
            "executorMemory": "28g",
            "executorCores": 4,
            "numExecutors": 2,
            "conf": {
                "spark.dynamicAllocation.enabled": "false",
                "spark.dynamicAllocation.minExecutors": "2",
                "spark.dynamicAllocation.maxExecutors": "2",
                "spark.autotune.trackingId": "a52ecc09-daf2-4208-a063-bc2f75f01e42"
            }
        },
        "metadata": {
            "saveOutput": true,
            "enableDebugMode": false,
            "kernelspec": {
                "name": "synapse_pyspark",
                "display_name": "Synapse PySpark"
            },
            "language_info": {
                "name": "python"
            },
            "a365ComputeOptions": {
                "id": "/subscriptions/f16d97ba-b733-4436-9564-554a1452b258/resourceGroups/EduAnalytics/providers/Microsoft.Synapse/workspaces/eduanalyticsfusd2/bigDataPools/spark1",
                "name": "spark1",
                "type": "Spark",
                "endpoint": "https://eduanalyticsfusd2.dev.azuresynapse.net/livyApi/versions/2019-11-01-preview/sparkPools/spark1",
                "auth": {
                    "type": "AAD",
                    "authResource": "https://dev.azuresynapse.net"
                },
                "sparkVersion": "2.4",
                "nodeCount": 10,
                "cores": 4,
                "memory": 28,
                "automaticScaleJobs": false
            },
            "sessionKeepAliveTimeout": 30
        },
        "cells": [
            {
                "cell_type": "markdown",
                "metadata": {
                    "nteract": {
                        "transient": {
                            "deleting": false
                        }
                    }
                },
                "source": [
                    "# (P2) MyQoI Groups - for the PowerBI Data Model\r\n",
                    "*Access/Connectivity Data*\r\n",
                    "\r\n",
                    "This notebook further prepares the MyQoI table, by creating new access signal tables as either \r\n",
                    "* \"No signal\" (students for which there are no access signals), or \r\n",
                    "* \"Low Signal\" (students where Download speed is less than equal to 25 Mbps or Upload speed is less than or equal to 3 Mbps), \r\n",
                    "\r\n",
                    "before serving the table to PowerBI."
                ]
            },
            {
                "cell_type": "code",
                "metadata": {
                    "jupyter": {
                        "source_hidden": false,
                        "outputs_hidden": false
                    },
                    "nteract": {
                        "transient": {
                            "deleting": false
                        }
                    }
                },
                "source": [
                    "%run OpenEduAnalytics/OEA_py"
                ],
                "outputs": [],
                "execution_count": 11
            },
            {
                "cell_type": "code",
                "metadata": {
                    "jupyter": {
                        "source_hidden": false,
                        "outputs_hidden": false
                    },
                    "nteract": {
                        "transient": {
                            "deleting": false
                        }
                    }
                },
                "source": [
                    "# initialize OEA class instance\r\n",
                    "oea = OEA('saeduanalytics', '319c64c8-b50b-4f7d-be4b-4dc86e85ae84', 'FuSD$14329')"
                ],
                "outputs": [],
                "execution_count": 12
            },
            {
                "cell_type": "code",
                "metadata": {
                    "jupyter": {
                        "source_hidden": false,
                        "outputs_hidden": false
                    },
                    "nteract": {
                        "transient": {
                            "deleting": false
                        }
                    }
                },
                "source": [
                    "import pyspark.sql.functions as F\r\n",
                    "from pyspark.sql.functions import col"
                ],
                "outputs": [],
                "execution_count": 13
            },
            {
                "cell_type": "code",
                "metadata": {
                    "jupyter": {
                        "source_hidden": false,
                        "outputs_hidden": false
                    },
                    "nteract": {
                        "transient": {
                            "deleting": false
                        }
                    }
                },
                "source": [
                    "dfMyQOI = oea.load('dig_equity', 'myqoi', oea.stage3p)"
                ],
                "outputs": [],
                "execution_count": 16
            },
            {
                "cell_type": "code",
                "metadata": {
                    "jupyter": {
                        "source_hidden": false,
                        "outputs_hidden": false
                    },
                    "nteract": {
                        "transient": {
                            "deleting": false
                        }
                    }
                },
                "source": [
                    "dfMyQOI.show(1,vertical=True)"
                ],
                "outputs": [],
                "execution_count": 17
            },
            {
                "cell_type": "code",
                "metadata": {
                    "jupyter": {
                        "source_hidden": false,
                        "outputs_hidden": false
                    },
                    "nteract": {
                        "transient": {
                            "deleting": false
                        }
                    }
                },
                "source": [
                    "dfMyQOI = dfMyQOI.withColumn(\r\n",
                    "    'SignalBin',\r\n",
                    "    F.when((dfMyQOI.DownloadSpeedMbps == 0) | (dfMyQOI.UploadSpeedMbps == 0), 'No signal')\\\r\n",
                    "    .when((dfMyQOI.DownloadSpeedMbps <= 25) | (dfMyQOI.UploadSpeedMbps <= 3), 'Low signal')\\\r\n",
                    "    .otherwise('Acceptable signal')\r\n",
                    ")"
                ],
                "outputs": [],
                "execution_count": 18
            },
            {
                "cell_type": "code",
                "metadata": {
                    "jupyter": {
                        "source_hidden": false,
                        "outputs_hidden": false
                    },
                    "nteract": {
                        "transient": {
                            "deleting": false
                        }
                    }
                },
                "source": [
                    "dfMyQOI.select(['DownloadSpeedMbps','UploadSpeedMbps','SignalBin']).show(50)"
                ],
                "outputs": [],
                "execution_count": 19
            },
            {
                "cell_type": "code",
                "metadata": {
                    "jupyter": {
                        "source_hidden": false,
                        "outputs_hidden": false
                    },
                    "nteract": {
                        "transient": {
                            "deleting": false
                        }
                    }
                },
                "source": [
                    "schema_path3p = 'stage3p/dig_equity/myqoiPBI'\r\n",
                    "oea.rm_if_exists(oea.convert_path(schema_path3p))\r\n",
                    "dfMyQOI.write.format('delta').mode(\"overwrite\").save(oea.convert_path(schema_path3p))"
                ],
                "outputs": [],
                "execution_count": 20
            },
            {
                "cell_type": "code",
                "metadata": {
                    "jupyter": {
                        "source_hidden": false,
                        "outputs_hidden": false
                    },
                    "nteract": {
                        "transient": {
                            "deleting": false
                        }
                    }
                },
                "source": [
                    ""
                ],
                "outputs": [],
                "execution_count": null
            }
        ]
    }
}