{
    "name": "p2_school_recode",
    "properties": {
        "folder": {
            "name": "Digital Equity CHAD"
        },
        "nbformat": 4,
        "nbformat_minor": 2,
        "bigDataPool": {
            "referenceName": "sparkMed1",
            "type": "BigDataPoolReference"
        },
        "sessionProperties": {
            "driverMemory": "56g",
            "driverCores": 8,
            "executorMemory": "56g",
            "executorCores": 8,
            "numExecutors": 2,
            "conf": {
                "spark.dynamicAllocation.enabled": "false",
                "spark.dynamicAllocation.minExecutors": "2",
                "spark.dynamicAllocation.maxExecutors": "2",
                "spark.autotune.trackingId": "c89df7d7-9fa7-48b4-a938-7f9a02d74d84"
            }
        },
        "metadata": {
            "saveOutput": true,
            "enableDebugMode": false,
            "kernelspec": {
                "name": "synapse_pyspark",
                "display_name": "Synapse PySpark"
            },
            "language_info": {
                "name": "python"
            },
            "a365ComputeOptions": {
                "id": "/subscriptions/f16d97ba-b733-4436-9564-554a1452b258/resourceGroups/EduAnalytics/providers/Microsoft.Synapse/workspaces/eduanalyticsfusd2/bigDataPools/sparkMed1",
                "name": "sparkMed1",
                "type": "Spark",
                "endpoint": "https://eduanalyticsfusd2.dev.azuresynapse.net/livyApi/versions/2019-11-01-preview/sparkPools/sparkMed1",
                "auth": {
                    "type": "AAD",
                    "authResource": "https://dev.azuresynapse.net"
                },
                "sparkVersion": "2.4",
                "nodeCount": 10,
                "cores": 8,
                "memory": 56
            },
            "sessionKeepAliveTimeout": 30
        },
        "cells": [
            {
                "cell_type": "markdown",
                "metadata": {
                    "nteract": {
                        "transient": {
                            "deleting": false
                        }
                    }
                },
                "source": [
                    "# (P2) School Recode - for the PowerBI Data Model\r\n",
                    "*SIS Student/School Data*\r\n",
                    "\r\n",
                    "This notebook further prepares the Student table, by assigning school numbers to all the schools, before serving the table to PowerBI."
                ]
            },
            {
                "cell_type": "code",
                "metadata": {
                    "jupyter": {
                        "source_hidden": false,
                        "outputs_hidden": false
                    },
                    "nteract": {
                        "transient": {
                            "deleting": false
                        }
                    }
                },
                "source": [
                    "%run OpenEduAnalytics/OEA_py"
                ],
                "outputs": [],
                "execution_count": 1
            },
            {
                "cell_type": "code",
                "metadata": {
                    "jupyter": {
                        "source_hidden": false,
                        "outputs_hidden": false
                    },
                    "nteract": {
                        "transient": {
                            "deleting": false
                        }
                    }
                },
                "source": [
                    "# initialize OEA class instance\r\n",
                    "oea = OEA('saeduanalytics', '319c64c8-b50b-4f7d-be4b-4dc86e85ae84', 'FuSD$14329')"
                ],
                "outputs": [],
                "execution_count": 2
            },
            {
                "cell_type": "code",
                "metadata": {
                    "jupyter": {
                        "source_hidden": false,
                        "outputs_hidden": false
                    },
                    "nteract": {
                        "transient": {
                            "deleting": false
                        }
                    }
                },
                "source": [
                    "import pyspark.sql.functions as F\r\n",
                    "from pyspark.sql.functions import col\r\n",
                    "from pyspark.sql.functions import regexp_replace\r\n",
                    ""
                ],
                "outputs": [],
                "execution_count": 3
            },
            {
                "cell_type": "code",
                "metadata": {
                    "jupyter": {
                        "source_hidden": false,
                        "outputs_hidden": false
                    },
                    "nteract": {
                        "transient": {
                            "deleting": false
                        }
                    }
                },
                "source": [
                    "dfStudent = oea.load('dig_equity', 'student', oea.stage3p)"
                ],
                "outputs": [],
                "execution_count": 4
            },
            {
                "cell_type": "code",
                "metadata": {
                    "jupyter": {
                        "source_hidden": false,
                        "outputs_hidden": false
                    },
                    "nteract": {
                        "transient": {
                            "deleting": false
                        }
                    }
                },
                "source": [
                    "dfStudent.show(1,vertical=True)"
                ],
                "outputs": [],
                "execution_count": 5
            },
            {
                "cell_type": "code",
                "metadata": {
                    "jupyter": {
                        "source_hidden": false,
                        "outputs_hidden": false
                    },
                    "nteract": {
                        "transient": {
                            "deleting": false
                        }
                    }
                },
                "source": [
                    "dfStudent = dfStudent.withColumn(\"school_num\", dfStudent[\"school_name\"])\r\n",
                    "\r\n",
                    "unique_vals = dfStudent.select('school_name').distinct().collect()\r\n",
                    "\r\n",
                    "for i in range(len(unique_vals)):\r\n",
                    "    schNum = \"Sch_\"+str(i)\r\n",
                    "    schName = unique_vals[i]['school_name']\r\n",
                    "    dfStudent = dfStudent.withColumn('school_num', regexp_replace('school_num', schName, schNum))\r\n",
                    ""
                ],
                "outputs": [],
                "execution_count": 6
            },
            {
                "cell_type": "code",
                "metadata": {
                    "jupyter": {
                        "source_hidden": false,
                        "outputs_hidden": false
                    },
                    "nteract": {
                        "transient": {
                            "deleting": false
                        }
                    }
                },
                "source": [
                    "dfStudent.show(2,vertical=True)"
                ],
                "outputs": [],
                "execution_count": 7
            },
            {
                "cell_type": "code",
                "metadata": {
                    "jupyter": {
                        "source_hidden": false,
                        "outputs_hidden": false
                    },
                    "nteract": {
                        "transient": {
                            "deleting": false
                        }
                    }
                },
                "source": [
                    "schema_path3p = 'stage3p/dig_equity/studentPBI'\r\n",
                    "\r\n",
                    "oea.rm_if_exists(oea.convert_path(schema_path3p))\r\n",
                    "dfStudent.write.format('delta').mode(\"overwrite\").save(oea.convert_path(schema_path3p))"
                ],
                "outputs": [],
                "execution_count": 8
            },
            {
                "cell_type": "code",
                "metadata": {
                    "jupyter": {
                        "source_hidden": false,
                        "outputs_hidden": false
                    },
                    "nteract": {
                        "transient": {
                            "deleting": false
                        }
                    }
                },
                "source": [
                    ""
                ],
                "outputs": [],
                "execution_count": null
            }
        ]
    }
}