{"$schema":"http://schema.management.azure.com/schemas/2015-01-01/deploymentTemplate.json#","contentVersion":"1.0.0.0","parameters":{"workspaceName":{"type":"string","metadata":"Workspace name","defaultValue":"syn-oea-cisd3v06kw2"},"LS_SQL_Serverless_OEA":{"type":"string"}},"variables":{"workspaceId":"[concat('Microsoft.Synapse/workspaces/', parameters('workspaceName'))]"},"resources":[{"name":"[concat(parameters('workspaceName'), '/DigitalActivity_main_pipeline')]","type":"Microsoft.Synapse/workspaces/pipelines","apiVersion":"2019-06-01-preview","properties":{"description":"All schema standardization takes place, and is written/served to Power BI, for stage 2p.","activities":[{"name":"Schema Standardization","type":"ExecutePipeline","dependsOn":[],"userProperties":[],"typeProperties":{"pipeline":{"referenceName":"p1_schema_standard","type":"PipelineReference"},"waitOnCompletion":true,"parameters":{"module_tables_to_standardize":{"value":"@json('[{\"moduleName\":\"M365\",\"tableName\":\"TechActivity_pseudo\"},{\"moduleName\":\"graph_api\",\"tableName\":\"m365_app_user_detail_pseudo\"},{\"moduleName\":\"graph_api\",\"tableName\":\"teams_activity_user_detail_pseudo\"},{\"moduleName\":\"clever\",\"tableName\":\"daily_participation_pseudo\"},{\"moduleName\":\"clever\",\"tableName\":\"resource_usage_pseudo\"},{\"moduleName\":\"iready\",\"tableName\":\"comprehensive_student_lesson_activity_with_standards_ela_pseudo\"},{\"moduleName\":\"iready\",\"tableName\":\"comprehensive_student_lesson_activity_with_standards_math_pseudo\"}]')","type":"Expression"}}}},{"name":"Serve to SQL db","description":"Creates stage2p SQL db of the digital activity schema standardization.","type":"ExecutePipeline","dependsOn":[{"activity":"Schema Standardization","dependencyConditions":["Succeeded"]}],"userProperties":[],"typeProperties":{"pipeline":{"referenceName":"p2_serve_to_sql_db","type":"PipelineReference"},"waitOnCompletion":true,"parameters":{"sourceDirectory":"digital_activity","stage":"2"}}}],"policy":{"elapsedTimeMetric":{},"cancelAfter":{}},"folder":{"name":"Digital Activity Schema Standard"},"annotations":[],"lastPublishTime":"2022-09-12T21:23:24Z"},"dependsOn":["[concat(variables('workspaceId'), '/pipelines/p1_schema_standard')]","[concat(variables('workspaceId'), '/pipelines/p2_serve_to_sql_db')]"]},{"name":"[concat(parameters('workspaceName'), '/p1_schema_standard')]","type":"Microsoft.Synapse/workspaces/pipelines","apiVersion":"2019-06-01-preview","properties":{"activities":[{"name":"standardize for each module table","description":"Takes in the array parameter \"module_tables_to_standardize\" - and standardizes those schemas per table from a module.","type":"ForEach","dependsOn":[],"userProperties":[],"typeProperties":{"items":{"value":"@pipeline().parameters.module_tables_to_standardize","type":"Expression"},"activities":[{"name":"Digital Activity Schema Standardization","description":"Standardization includes:\n - Data cleaning\n - Intermittent schema transformation\n - Finalization of OEA schema standards","type":"SynapseNotebook","dependsOn":[],"policy":{"timeout":"7.00:00:00","retry":0,"retryIntervalInSeconds":30,"secureOutput":false,"secureInput":false},"userProperties":[],"typeProperties":{"notebook":{"referenceName":"Schema_DigitalActivity_Demo","type":"NotebookReference"},"parameters":{"module":{"value":{"value":"@item().moduleName","type":"Expression"},"type":"string"},"table":{"value":{"value":"@item().tableName","type":"Expression"},"type":"string"}},"snapshot":true,"conf":{"spark.dynamicAllocation.enabled":null,"spark.dynamicAllocation.minExecutors":null,"spark.dynamicAllocation.maxExecutors":null},"numExecutors":null}}]}}],"policy":{"elapsedTimeMetric":{},"cancelAfter":{}},"parameters":{"module_tables_to_standardize":{"type":"array","defaultValue":[{"moduleName":"M365","tableName":"TechActivity_pseudo"},{"moduleName":"graph_api","tableName":"m365_app_user_detail_pseudo"},{"moduleName":"graph_api","tableName":"teams_activity_user_detail_pseudo"},{"moduleName":"clever","tableName":"daily_participation_pseudo"},{"moduleName":"clever","tableName":"resource_usage_pseudo"},{"moduleName":"iready","tableName":"comprehensive_student_lesson_activity_with_standards_ela_pseudo"},{"moduleName":"iready","tableName":"comprehensive_student_lesson_activity_with_standards_math_pseudo"}]}},"folder":{"name":"Digital Activity Schema Standard"},"annotations":[],"lastPublishTime":"2022-09-12T21:06:13Z"},"dependsOn":["[concat(variables('workspaceId'), '/notebooks/Schema_DigitalActivity_Demo')]"]},{"name":"[concat(parameters('workspaceName'), '/p2_serve_to_sql_db')]","type":"Microsoft.Synapse/workspaces/pipelines","apiVersion":"2019-06-01-preview","properties":{"activities":[{"name":"Set sqlDBName","type":"SetVariable","dependsOn":[],"userProperties":[],"typeProperties":{"variableName":"sqlDBName","value":{"value":"sqls@{pipeline().parameters.stage}_@{pipeline().parameters.sourceDirectory}","type":"Expression"}}},{"name":"Stored procedure1","type":"SqlServerStoredProcedure","dependsOn":[{"activity":"Set sqlDBName","dependencyConditions":["Succeeded"]}],"policy":{"timeout":"7.00:00:00","retry":0,"retryIntervalInSeconds":30,"secureOutput":false,"secureInput":false},"userProperties":[],"typeProperties":{"storedProcedureName":"[[dbo].[sp_executesql]","storedProcedureParameters":{"command":{"value":{"value":"IF NOT EXISTS (SELECT * FROM sys.databases WHERE name = '@{variables('sqlDBName')}') \nBEGIN\n  CREATE DATABASE @{variables('sqlDBName')}; \nEND;","type":"Expression"},"type":"String"}}},"linkedServiceName":{"referenceName":"[parameters('LS_SQL_Serverless_OEA')]","type":"LinkedServiceReference","parameters":{"dbName":"master"}}},{"name":"create or alter view for pseduonymized table","description":"ONLY for the single table contained in the \"digital_activity\" folder.","type":"SqlServerStoredProcedure","dependsOn":[{"activity":"Stored procedure1","dependencyConditions":["Succeeded"]}],"policy":{"timeout":"7.00:00:00","retry":0,"retryIntervalInSeconds":30,"secureOutput":false,"secureInput":false},"userProperties":[{"name":"command","value":"CREATE OR ALTER VIEW @{pipeline().parameters.sourceDirectory} AS SELECT * FROM OPENROWSET( BULK 'https://@{pipeline().parameters.storageAccount}.dfs.core.windows.net/stage@{pipeline().parameters.stage}p/@{pipeline().parameters.sourceDirectory}', FORMAT='DELTA' ) AS [r]"}],"typeProperties":{"storedProcedureName":"[[dbo].[sp_executesql]","storedProcedureParameters":{"command":{"value":{"value":"CREATE OR ALTER VIEW @{pipeline().parameters.sourceDirectory} AS\nSELECT * FROM OPENROWSET(\nBULK 'https://@{pipeline().parameters.storageAccount}.dfs.core.windows.net/stage@{pipeline().parameters.stage}p/@{pipeline().parameters.sourceDirectory}',\nFORMAT='DELTA'\n) AS [r]","type":"Expression"},"type":"String"}}},"linkedServiceName":{"referenceName":"[parameters('LS_SQL_Serverless_OEA')]","type":"LinkedServiceReference","parameters":{"dbName":{"value":"@variables('sqlDBName')","type":"Expression"}}}}],"policy":{"elapsedTimeMetric":{},"cancelAfter":{}},"parameters":{"storageAccount":{"type":"string","defaultValue":"stoeacisd3v06kw2"},"sourceDirectory":{"type":"string","defaultValue":"digital_activity"},"stage":{"type":"string","defaultValue":"2"}},"variables":{"sqlDBName":{"type":"String","defaultValue":"sqls2_mydb"}},"folder":{"name":"Digital Activity Schema Standard"},"annotations":[],"lastPublishTime":"2022-09-13T17:46:20Z"},"dependsOn":[]},{"name":"[concat(parameters('workspaceName'), '/Schema_DigitalActivity_Demo')]","type":"Microsoft.Synapse/workspaces/notebooks","apiVersion":"2019-06-01-preview","properties":{"folder":{"name":"Digital Activity Schema"},"nbformat":4,"nbformat_minor":2,"bigDataPool":{"referenceName":"spark3p1sm","type":"BigDataPoolReference"},"sessionProperties":{"driverMemory":"28g","driverCores":4,"executorMemory":"28g","executorCores":4,"numExecutors":2,"runAsWorkspaceSystemIdentity":false,"conf":{"spark.dynamicAllocation.enabled":"false","spark.dynamicAllocation.minExecutors":"2","spark.dynamicAllocation.maxExecutors":"2","spark.autotune.trackingId":"a13cc1b2-3514-45e1-bd13-f3fb8bf6b65e"}},"metadata":{"saveOutput":true,"enableDebugMode":false,"kernelspec":{"name":"synapse_pyspark","display_name":"Synapse PySpark"},"language_info":{"name":"python"},"a365ComputeOptions":{"id":"/subscriptions/7b9a4896-4541-483f-bdc7-d8f4ec6be3ee/resourceGroups/rg-oea-cisd3v06kw2/providers/Microsoft.Synapse/workspaces/syn-oea-cisd3v06kw2/bigDataPools/spark3p1sm","name":"spark3p1sm","type":"Spark","endpoint":"https://syn-oea-cisd3v06kw2.dev.azuresynapse.net/livyApi/versions/2019-11-01-preview/sparkPools/spark3p1sm","auth":{"type":"AAD","authResource":"https://dev.azuresynapse.net","authHeader":null},"sparkVersion":"3.1","nodeCount":3,"cores":4,"memory":28,"extraHeader":null},"sessionKeepAliveTimeout":30},"cells":[{"cell_type":"markdown","metadata":{"nteract":{"transient":{"deleting":false}}},"source":["# Digital Activity Schema Demo Notebook\r\n","\r\n","This notebook is intended to explore the capabilities of the OEA schema standardization process to applicable modules (e.g. Education Insights Module, Graph Reports API Module, Clever Module, i-Ready Module). \r\n","\r\n","__It is highly recommended you review and pull the test data from the Insights, Graph, Clever, and i-Ready modules, before testing these schema standardization notebooks.__ \r\n","\r\n","Below describes the execution process of the notebook:\r\n","\r\n"," - First initialize the OEA and Digital Activity Schema Standard class notebooks\r\n"," - Then the notebook processes the Insights module data ingested to stage 2, by re-writing the schema to only pull digital activity data.\r\n"," - The same process is executed for the Graph API module data - specifically for the M365 and Teams queries from the module.\r\n"," - The same process is executed for the Clever module data.\r\n"," - The same process is executed for the i-Ready module data - specifically for the Comprehensive Student Lesson Activity with Standards tables from the module."],"attachments":null},{"cell_type":"code","metadata":{"jupyter":{"source_hidden":false,"outputs_hidden":false},"nteract":{"transient":{"deleting":false}},"tags":["parameters"]},"source":["module=''\r\n","table=''"],"attachments":null,"outputs":[],"execution_count":43},{"cell_type":"code","metadata":{"jupyter":{"source_hidden":false,"outputs_hidden":false},"nteract":{"transient":{"deleting":false}}},"source":["%run /OEA_py"],"attachments":null,"outputs":[],"execution_count":44},{"cell_type":"code","metadata":{"jupyter":{"source_hidden":false,"outputs_hidden":false},"nteract":{"transient":{"deleting":false}}},"source":["%run /Schema_DigitalActivity_py"],"attachments":null,"outputs":[],"execution_count":49},{"cell_type":"code","metadata":{"jupyter":{"source_hidden":false,"outputs_hidden":false},"nteract":{"transient":{"deleting":false}}},"source":["# 0) Initialize the OEA framework and modules needed.\r\n","oea = OEA()\r\n","digAct = DigitalActivity()"],"attachments":null,"outputs":[],"execution_count":46},{"cell_type":"code","metadata":{"jupyter":{"source_hidden":false,"outputs_hidden":false},"nteract":{"transient":{"deleting":false}}},"source":["digAct.get_digital_activity_schema()\r\n","#digAct.reset_digital_activity_processing()"],"attachments":null,"outputs":[],"execution_count":35},{"cell_type":"code","metadata":{"jupyter":{"source_hidden":false,"outputs_hidden":false},"nteract":{"transient":{"deleting":false}}},"source":["digAct.initialize_standardization(module,table)"],"attachments":null,"outputs":[],"execution_count":51}]},"dependsOn":[]}]}