{"$schema":"http://schema.management.azure.com/schemas/2015-01-01/deploymentTemplate.json#","contentVersion":"1.0.0.0","parameters":{"workspaceName":{"type":"string","metadata":"Workspace name","defaultValue":"syn-oea-cisd3gg1"},"LS_Azure_SQL_DB":{"type":"string"},"LS_ADLS_OEA":{"type":"string"}},"variables":{"workspaceId":"[concat('Microsoft.Synapse/workspaces/', parameters('workspaceName'))]"},"resources":[{"name":"[concat(parameters('workspaceName'), '/Copy_from_Azure_SQL_DB')]","type":"Microsoft.Synapse/workspaces/pipelines","apiVersion":"2019-06-01-preview","properties":{"activities":[{"name":"Copy from Azure SQL DB","type":"Copy","dependsOn":[],"policy":{"timeout":"7.00:00:00","retry":0,"retryIntervalInSeconds":30,"secureOutput":false,"secureInput":false},"userProperties":[],"typeProperties":{"source":{"type":"AzureSqlSource","sqlReaderQuery":{"value":"@pipeline().parameters.query","type":"Expression"},"queryTimeout":"02:00:00","partitionOption":"None"},"sink":{"type":"ParquetSink","storeSettings":{"type":"AzureBlobFSWriteSettings"},"formatSettings":{"type":"ParquetWriteSettings"}},"enableStaging":false,"translator":{"type":"TabularTranslator","typeConversion":true,"typeConversionSettings":{"allowDataTruncation":true,"treatBooleanAsNumber":false}}},"inputs":[{"referenceName":"DS_Azure_SQL_DB","type":"DatasetReference","parameters":{"dbServer":{"value":"@pipeline().parameters.dbServer","type":"Expression"},"dbName":{"value":"@pipeline().parameters.dbName","type":"Expression"},"userName":{"value":"@pipeline().parameters.userName","type":"Expression"},"keyVaultSecretName":{"value":"@pipeline().parameters.keyVaultSecretName","type":"Expression"}}}],"outputs":[{"referenceName":"DS_ADLS_parquet","type":"DatasetReference","parameters":{"filesystem":{"value":"@pipeline().parameters.sinkFilesystem","type":"Expression"},"directory":{"value":"@pipeline().parameters.sinkDirectory","type":"Expression"}}}]}],"policy":{"elapsedTimeMetric":{},"cancelAfter":{}},"parameters":{"dbServer":{"type":"string","defaultValue":"contosoisd3a.database.windows.net"},"dbName":{"type":"string","defaultValue":"contoso_sis"},"userName":{"type":"string","defaultValue":"sqladmin"},"keyVaultSecretName":{"type":"string","defaultValue":"sqladmin-password"},"query":{"type":"string","defaultValue":"select * from person"},"sinkFilesystem":{"type":"string","defaultValue":"stage1np"},"sinkDirectory":{"type":"string","defaultValue":"contoso_sis_db/person"}},"folder":{"name":"OEA_Framework/Extracts"},"annotations":[],"lastPublishTime":"2021-10-29T22:15:03Z"},"dependsOn":["[concat(variables('workspaceId'), '/datasets/DS_Azure_SQL_DB')]","[concat(variables('workspaceId'), '/datasets/DS_ADLS_parquet')]"]},{"name":"[concat(parameters('workspaceName'), '/DS_Azure_SQL_DB')]","type":"Microsoft.Synapse/workspaces/datasets","apiVersion":"2019-06-01-preview","properties":{"linkedServiceName":{"referenceName":"[parameters('LS_Azure_SQL_DB')]","type":"LinkedServiceReference","parameters":{"dbServer":{"value":"@dataset().dbServer","type":"Expression"},"dbName":{"value":"@dataset().dbName","type":"Expression"},"userName":{"value":"@dataset().userName","type":"Expression"},"keyVaultSecretName":{"value":"@dataset().keyVaultSecretName","type":"Expression"}}},"parameters":{"dbServer":{"type":"string","defaultValue":"myserver.database.windows.net"},"dbName":{"type":"string","defaultValue":"testdb"},"userName":{"type":"string","defaultValue":"sqlAdmin"},"keyVaultSecretName":{"type":"string","defaultValue":"sqlAdminPwd"}},"folder":{"name":"OEA_Framework"},"annotations":[],"type":"AzureSqlTable","schema":[],"typeProperties":{}},"dependsOn":[]},{"name":"[concat(parameters('workspaceName'), '/DS_ADLS_parquet')]","type":"Microsoft.Synapse/workspaces/datasets","apiVersion":"2019-06-01-preview","properties":{"description":"Used for landing data in the data lake as in parquet format.\nDefaults to landing data in stage1np.\nNote that you cannot specify a filename because with parquet the filename should be auto-generated.\n","linkedServiceName":{"referenceName":"[parameters('LS_ADLS_OEA')]","type":"LinkedServiceReference"},"parameters":{"filesystem":{"type":"string","defaultValue":"stage1np"},"directory":{"type":"string"}},"folder":{"name":"OEA_Framework"},"annotations":[],"type":"Parquet","typeProperties":{"location":{"type":"AzureBlobFSLocation","folderPath":{"value":"@dataset().directory","type":"Expression"},"fileSystem":{"value":"@dataset().filesystem","type":"Expression"}},"compressionCodec":"snappy"},"schema":[]},"dependsOn":[]}]}