e5aabc94-9bd9-4aed-8989-50a881fb19ea,2021-08-03T06:13:39.000Z,2021-09-05T06:16:22.000Z,Abigail,Stephanie,"","","",Long
a7a3bea4-1295-4d69-90c5-87b8eff605d9,2021-08-03T06:13:39.000Z,2021-09-05T06:16:22.000Z,Johnny,Timothy,"","","",Smith
ae27da56-d1b6-4403-be47-9e155256329c,2021-08-03T06:13:39.000Z,2021-09-05T06:16:22.000Z,William,Tiffany,"","","",Carpenter
e0dff042-8642-4113-82c2-fb37b89139e8,2021-08-03T06:13:39.000Z,2021-09-05T06:16:22.000Z,Brandon,Alexis,"","","",Ellis
ca539a6c-06ec-4f54-b614-eeeae83e11dd,2021-08-03T06:13:39.000Z,2021-09-05T06:16:22.000Z,Willie,Andrea,"","","",Martin
1cccb968-3317-45d8-9a6d-aacfbbee7c27,2021-08-03T06:13:39.000Z,2021-09-05T06:16:22.000Z,Andrew,Denise,"","","",Hunter
1d0e9be4-1b0f-44d4-a55a-7fcd0f180b8e,2021-08-03T06:13:39.000Z,2021-09-05T06:16:22.000Z,Melissa,Christopher,"","","",Phelps
8396dfab-ee4f-4445-9133-0fab3fd7a7de,2021-08-03T06:13:39.000Z,2021-09-05T06:16:22.000Z,Jennifer,Christine,"","","",Sanders
362f9679-4cc7-4122-8f88-d2160a565fbf,2021-08-03T06:13:39.000Z,2021-09-05T06:16:22.000Z,Angelica,Sherri,"","","",Reid
500cf806-6112-486c-a3d5-38f7f7685fbe,2021-08-03T06:13:39.000Z,2021-09-05T06:16:22.000Z,Tammy,Warren,"","","",Schwartz
2ce9d2eb-62bd-417d-8c0a-50de8289b990,2021-08-03T06:13:39.000Z,2021-09-05T06:16:22.000Z,Gabriel,Manuel,"","","",Dudley
9ab41cd7-1a53-4e21-a665-b4e0f375f4f4,2021-08-03T06:13:39.000Z,2021-09-05T06:16:22.000Z,Joseph,Lisa,"","","",Kelley
551383ce-ac6d-4a8e-bcfe-c6aef52fcdb6,2021-08-03T06:13:39.000Z,2021-09-05T06:16:22.000Z,Benjamin,Corey,"","","",Harrison
2fd8a43c-828b-4fc2-ac99-f705e58230ca,2021-08-03T06:13:39.000Z,2021-09-05T06:16:22.000Z,Traci,Michael,"","","",Peterson
b4f4b7d8-350d-4a6f-8887-1b749a866df1,2021-08-03T06:13:39.000Z,2021-09-05T06:16:22.000Z,Amber,Lori,"","","",Cook
3e235239-fbac-43a2-a397-f81fd6e31f9c,2021-08-03T06:13:39.000Z,2021-09-05T06:16:22.000Z,Troy,Jonathon,"","","",Wilkinson
b4950541-1b29-4c0e-9708-f162422c1c7f,2021-08-03T06:13:39.000Z,2021-09-05T06:16:22.000Z,Amy,Brian,"","","",Price
e05a57f3-7a84-480a-881b-88b3d803cf87,2021-08-03T06:13:39.000Z,2021-09-05T06:16:22.000Z,Jessica,Stephen,"","","",Short
548a6a40-c3d3-4f20-abcc-48661e264654,2021-08-03T06:13:39.000Z,2021-09-05T06:16:22.000Z,Teresa,Gregory,"","","",Robinson
a85432e5-acde-4ca4-8b41-359897834814,2021-08-03T06:13:39.000Z,2021-09-05T06:16:22.000Z,Anna,Karen,"","","",Alvarado
0d8e1e71-0fea-41df-a35e-393585f4f972,2021-08-03T06:13:39.000Z,2021-09-05T06:16:22.000Z,Olivia,Stacy,"","","",Hendricks
f3071a6f-68e9-488f-b781-9ec01155ba6f,2021-08-03T06:13:39.000Z,2021-09-05T06:16:22.000Z,Sean,William,"","","",Martin
94c11740-1908-4dfc-8f36-50c10b8730fe,2021-08-03T06:13:39.000Z,2021-09-05T06:16:22.000Z,Lisa,Crystal,"","","",Alexander
648cdf4d-146f-41fc-bf70-4e2cb85a8edb,2021-08-03T06:13:39.000Z,2021-09-05T06:16:22.000Z,Ruben,Melissa,"","","",Wiggins
64cce073-cf03-4078-810b-759e8b03dcd6,2021-08-03T06:13:39.000Z,2021-09-05T06:16:22.000Z,Caitlin,Charles,"","","",Peters
f7dcd01a-30dd-4389-a03f-4fcb4c0b8b1b,2021-08-03T06:13:39.000Z,2021-09-05T06:16:22.000Z,Michael,John,"","","",Bryant
723f7e3e-dbbd-4793-831e-b8db39a4fc19,2021-08-03T06:13:39.000Z,2021-09-05T06:16:22.000Z,Thomas,Jennifer,"","","",Rice
9592fd5d-b275-4c39-828c-16b2a7d0a6a0,2021-08-03T06:13:39.000Z,2021-09-05T06:16:22.000Z,Cody,Holly,"","","",Briggs
2d34f2a4-160a-47b5-86b0-d4cea15de1b7,2021-08-03T06:13:39.000Z,2021-09-05T06:16:22.000Z,Jamie,Scott,"","","",Nunez
cf198342-d725-4ef2-b916-3d1280546796,2021-08-03T06:13:39.000Z,2021-09-05T06:16:22.000Z,Denise,Gerald,"","","",Estrada
79015d6e-6a07-41f2-b6b1-337528e2f28a,2021-08-03T06:13:39.000Z,2021-09-05T06:16:22.000Z,David,Christopher,"","","",Taylor
59347a74-f3f2-4651-b4f5-53aadd038e30,2021-08-03T06:13:39.000Z,2021-09-05T06:16:22.000Z,David,Kristina,"","","",West
33db374b-3261-4a5f-a42d-5f680b00959c,2021-08-03T06:13:39.000Z,2021-09-05T06:16:22.000Z,Zachary,Jennifer,"","","",Johnson
e2216ed2-ed60-4444-91e9-f25d645b8f68,2021-08-03T06:13:39.000Z,2021-09-05T06:16:22.000Z,Melissa,Patricia,"","","",Lawson
9a93306b-9a36-4235-8667-365bef814221,2021-08-03T06:13:39.000Z,2021-09-05T06:16:22.000Z,Stephen,Renee,"","","",Ramirez
b6c4d213-f7ad-4834-955f-9867c9ee148a,2021-08-03T06:13:39.000Z,2021-09-05T06:16:22.000Z,Steven,Emma,"","","",Cline
ff01b622-365d-44b8-b4c2-3ee3bbe16fe7,2021-08-03T06:13:39.000Z,2021-09-05T06:16:22.000Z,Paige,Patricia,"","","",Taylor
fb4f685c-f78c-4194-9a67-44464fc5a8e8,2021-08-03T06:13:39.000Z,2021-09-05T06:16:22.000Z,Curtis,Amanda,"","","",Todd
aabe0a12-1aa3-4fee-81a9-7567249d21db,2021-08-03T06:13:39.000Z,2021-09-05T06:16:22.000Z,Veronica,Leslie,"","","",Castro
faf57838-198f-4dd4-9af3-d4b051bc8a75,2021-08-03T06:13:39.000Z,2021-09-05T06:16:22.000Z,Bradley,Stephanie,"","","",Dickerson
1c680e7f-daf6-4e74-8d71-216969b9a58a,2021-08-03T06:13:39.000Z,2021-09-05T06:16:22.000Z,Shelby,Beth,"","","",Berger
97a6a8c7-687c-4b5d-88c0-1a3959f88e6c,2021-07-09T06:05:11.000Z,2021-09-05T06:16:22.000Z,Jennifer,Scott,"","","",Mayer
a1424f94-448b-410e-a7d9-c87a71945b2a,2021-07-09T06:05:11.000Z,2021-09-05T06:16:22.000Z,Brady,Teresa,"","","",Pacheco
37118a03-2c22-4942-b67b-e1b329c991c1,2021-07-09T06:05:11.000Z,2021-09-05T06:16:22.000Z,Amber,John,"","","",Buchanan
15314967-9829-4375-9a55-913559f8f7f3,2021-08-03T06:13:39.000Z,2021-09-05T06:16:22.000Z,Stacy,Ryan,"","","",Thompson
2f3bc458-9a3e-48cc-b793-85ec5636bcbe,2021-08-03T06:13:39.000Z,2021-09-05T06:16:22.000Z,Jacob,Heather,"","","",Olson
f252a43e-78b0-4eba-b644-363643836bf0,2021-07-09T06:05:11.000Z,2021-09-05T06:16:22.000Z,Ashley,Melissa,"","","",Todd
879d84b3-d7b0-4d17-9b6d-b4699f3f4bc6,2021-07-09T06:05:11.000Z,2021-09-05T06:16:22.000Z,Lisa,Scott,"","","",Mckee
f023b7f7-a8c9-480e-b2e4-05113ba42b70,2021-07-09T06:05:11.000Z,2021-09-05T06:16:22.000Z,Abigail,Travis,"","","",Smith
cfb1b2a2-a380-485b-a70e-a717465eeda9,2021-07-09T06:05:11.000Z,2021-09-05T06:16:22.000Z,Heather,William,"","","",Armstrong
5ff995d9-15c5-4ba3-91cc-44598d645006,2021-07-09T06:05:11.000Z,2021-09-05T06:16:22.000Z,Lydia,Donald,"","","",Hunt
bc2a2a30-1ad7-473e-a3cc-bbdaa7d811a0,2021-07-09T06:05:11.000Z,2021-09-05T06:16:22.000Z,John,Ashley,"","","",Hampton
e3022d97-6185-468d-b348-bd26462f4013,2021-07-09T06:05:11.000Z,2021-09-05T06:16:22.000Z,Andrea,Andrea,"","","",Berry
6ede45d3-d107-4a47-aa25-83f26eb4c76d,2021-07-09T06:05:11.000Z,2021-09-05T06:16:22.000Z,Kristin,Kelly,"","","",Berg
5f752110-d58b-4242-a934-2933697c5c9a,2021-07-09T06:05:11.000Z,2021-09-05T06:16:22.000Z,Mark,Stephen,"","","",Howard
f9d0448d-d62a-4a93-9e6a-a4d9fe2757e3,2021-07-09T06:05:11.000Z,2021-09-05T06:16:22.000Z,Melissa,Scott,"","","",Johnson
3301a575-02de-485d-95d0-42b56bf29317,2021-07-09T06:05:11.000Z,2021-09-05T06:16:22.000Z,Patricia,Jacob,"","","",Dillon
53bffab5-c064-445a-b2cf-bd7c47c2a56b,2021-07-09T06:05:11.000Z,2021-09-05T06:16:22.000Z,Brian,Holly,"","","",Mcdonald
8db2c273-a6da-438c-ab1b-d0e78bd7cf82,2021-07-09T06:05:11.000Z,2021-09-05T06:16:22.000Z,Ryan,Scott,"","","",Stokes
981afe2a-1561-49f1-9102-e05fb643a11f,2021-07-09T06:05:11.000Z,2021-09-05T06:16:22.000Z,Sandra,Walter,"","","",Sanchez
a6e2a89c-f353-47d9-896b-18861b7230fe,2021-07-09T06:05:11.000Z,2021-09-05T06:16:22.000Z,Joseph,Kristen,"","","",Lynch
bfd966cb-3e0b-49eb-8a4d-a582a02ca1b6,2021-07-09T06:05:11.000Z,2021-09-05T06:16:22.000Z,Nathan,Christine,"","","",Cortez
a21c5c33-b3a4-4334-b912-4dcee2391cab,2021-07-09T06:05:11.000Z,2021-09-05T06:16:22.000Z,Elizabeth,Brittney,"","","",King
17217ba2-f9f9-4797-a02b-53ad5e0c54ad,2021-07-09T06:05:11.000Z,2021-09-05T06:16:22.000Z,James,Shannon,"","","",Jones
9f260de6-e98f-42a2-8394-7fc772269d16,2021-07-09T06:05:11.000Z,2021-09-05T06:16:22.000Z,Angela,Kristen,"","","",Baxter
a89b5ea7-e534-472d-abda-ec72d736a3ba,2021-07-09T06:05:11.000Z,2021-09-05T06:16:22.000Z,Maurice,Michelle,"","","",Khan
12611c82-aaed-4b7f-bfa7-89d9e884dd80,2021-07-09T06:05:11.000Z,2021-09-05T06:16:22.000Z,Robert,Leslie,"","","",Ramirez
f2b51df1-2eb6-46ab-a8b1-213935a1937b,2021-07-09T06:05:11.000Z,2021-09-05T06:16:22.000Z,Ernest,Jennifer,"","","",Anderson
0649e319-e984-4614-a39d-ccc69af3d1cb,2021-07-09T06:05:11.000Z,2021-09-05T06:16:22.000Z,Regina,John,"","","",Carter
9601cd5a-2644-4d0c-951b-b12c0ad70bc4,2021-07-09T06:05:11.000Z,2021-09-05T06:16:22.000Z,Steven,Crystal,"","","",Larsen
a3d936cd-57c9-41b7-a113-d53b42c57c7c,2021-07-09T06:05:11.000Z,2021-09-05T06:16:22.000Z,Debra,David,"","","",Smith
d60bb946-ebf3-47fc-a143-986bb7068cc3,2021-07-09T06:05:11.000Z,2021-09-05T06:16:22.000Z,Jacqueline,Jennifer,"","","",Cole
6933c6a3-6325-4df8-9307-14f9a98acdbf,2021-07-09T06:05:11.000Z,2021-09-05T06:16:22.000Z,John,Tiffany,"","","",Brown
828594d9-944b-4245-b6cf-0fb6761b637a,2021-07-09T06:05:11.000Z,2021-09-05T06:16:22.000Z,John,Tiffany,"","","",Berry
7176f0ba-1f59-4a24-b6c0-c9d7bc2554d4,2021-07-09T06:05:11.000Z,2021-09-05T06:16:22.000Z,Joshua,Cheryl,"","","",Elliott
3c920d37-3829-4d3c-a566-9c45abf05d48,2021-07-09T06:05:11.000Z,2021-09-05T06:16:22.000Z,Jessica,Denise,"","","",Edwards
cf763144-f33b-45d6-854d-d4ce4e3d83c5,2021-07-09T06:05:11.000Z,2021-09-05T06:16:22.000Z,Maxwell,Ryan,"","","",Jones
e15ba905-dfa8-42a5-9bae-e155dd336b36,2021-07-09T06:05:11.000Z,2021-09-05T06:16:22.000Z,Christina,Larry,"","","",Hanna
6d684361-6a01-448c-ae4d-090b048842d7,2021-07-09T06:05:11.000Z,2021-09-05T06:16:22.000Z,Jeremy,Lauren,"","","",Wright
b6102c00-e898-44d7-9afa-12ba2704bfdf,2021-07-09T06:05:11.000Z,2021-09-05T06:16:22.000Z,Chad,James,"","","",Jones
33958cf5-2388-44f6-8f01-11cb7207904c,2021-07-09T06:05:11.000Z,2021-09-05T06:16:22.000Z,Amanda,Michael,"","","",Long
1d712d5a-48c2-4534-b887-73fd71cedd6c,2021-07-09T06:05:11.000Z,2021-09-05T06:16:22.000Z,Jason,Marissa,"","","",Eaton
075c442b-d88f-4e96-8f29-064870b459bb,2021-07-09T06:05:11.000Z,2021-09-05T06:16:22.000Z,Heather,Tracy,"","","",Lewis
95a0a3b4-ad21-4bf4-b5db-5fed853bca5b,2021-07-09T06:05:11.000Z,2021-09-05T06:16:22.000Z,Jessica,Barbara,"","","",Underwood
c1dd8f80-ce1f-49cd-b273-df0419924272,2021-07-09T06:05:11.000Z,2021-09-05T06:16:22.000Z,Reginald,Sharon,"","","",Logan
362feafc-47be-4579-8429-3eda76d5a01d,2021-07-09T06:05:11.000Z,2021-09-05T06:16:22.000Z,Marissa,Gabriel,"","","",Maddox
3db96f65-fda1-4829-a16f-8c848f059751,2021-07-09T06:05:11.000Z,2021-09-05T06:16:22.000Z,Peggy,Emily,"","","",Vargas
63244c07-6b04-4255-ba4f-954e475ae32a,2021-07-09T06:05:11.000Z,2021-09-05T06:16:22.000Z,Sheryl,Deborah,"","","",Jones
a336fc26-0350-48d2-b56d-9497b50c9835,2021-07-09T06:05:11.000Z,2021-09-05T06:16:22.000Z,Caitlin,Paul,"","","",Guerrero
04dd349c-8ed8-40c3-ac10-29c088b95608,2021-07-09T06:05:11.000Z,2021-09-05T06:16:22.000Z,Philip,Manuel,"","","",Williams
77631d16-71e8-46f8-8c89-0238dfd6782b,2021-07-09T06:05:11.000Z,2021-09-05T06:16:22.000Z,Justin,Jennifer,"","","",Cooper
ea3904bb-4b86-4579-91ac-b003b9ff2971,2021-08-03T06:13:39.000Z,2021-09-05T06:16:22.000Z,Ray,Roberto,"","","",Nelson
6c6f0923-b474-4f24-9356-324bec8f1aee,2021-08-03T06:13:39.000Z,2021-09-05T06:16:22.000Z,Amber,Krista,"","","",Berger
2571b68b-45c0-4f59-84a9-b9da8706635e,2021-08-03T06:13:39.000Z,2021-09-05T06:16:22.000Z,Joseph,Ryan,"","","",Terrell
21e38ff8-4130-4d6f-9551-fb0b58c2ce47,2021-08-03T06:13:39.000Z,2021-09-05T06:16:22.000Z,Ray,David,"","","",Johnson
2103cf54-30e8-40bd-a5e9-d82b1673912e,2021-08-03T06:13:39.000Z,2021-09-05T06:16:22.000Z,Wanda,Jamie,"","","",Cervantes
9899d147-92e4-4956-af5b-f11ce0c1b1c0,2021-07-09T06:05:11.000Z,2021-09-05T06:16:22.000Z,Thomas,Kyle,"","","",Smith
2ee973e8-a62b-4d75-b010-e68e9897c616,2021-07-09T06:05:11.000Z,2021-09-05T06:16:22.000Z,Ryan,Shelley,"","","",Mendez
02e623f8-9fb8-445c-8d3f-8cd0e907ae05,2021-08-03T06:13:39.000Z,2021-09-05T06:16:22.000Z,Gloria,Donald,"","","",Fowler
2e19288c-1baf-4dd2-9870-2eafffda33ad,2021-08-03T06:13:39.000Z,2021-09-05T06:16:22.000Z,Stephen,Rebecca,"","","",Bennett
1d2bb6c4-02f7-4e65-a62a-bd4699ff10bc,2021-08-03T06:13:39.000Z,2021-09-05T06:16:22.000Z,Sarah,Stephanie,"","","",Santiago
df6f2350-9002-4e53-9365-b0d90301d4fc,2021-07-09T06:05:11.000Z,2021-09-05T06:16:22.000Z,Jessica,Cheryl,"","","",Kim
1037f431-3b1c-4b31-809e-d8a50394624e,2021-07-09T06:05:11.000Z,2021-09-05T06:16:22.000Z,Tyler,Laurie,"","","",Ramirez
eb37ec77-31d6-463b-8b77-c8afe2dc6574,2021-07-09T06:05:11.000Z,2021-09-05T06:16:22.000Z,Jennifer,Luis,"","","",Davenport
80c059c0-a9d5-416c-bb74-0f012e779800,2021-07-09T06:05:11.000Z,2021-09-05T06:16:22.000Z,Edward,Rhonda,"","","",Johnson
