[
    {
        "ClientId": "kjeRQ7Vu8uGNuXdP",
        "BaseURL": "https://api.edgraph.dev",
        "ClientSecretName": "EdFi-Client-Secret-2018",
        "DistrictId": "255901",
        "InstanceId": "04501062-5a46-4871-be59-6bd6cd3f4cd9",
        "SchoolYear": "2018",
        "IsInitialLoad": false
    },
    {
        "ClientId": "vNaqQSu6q84STOXT",
        "BaseURL": "https://api.edgraph.dev",
        "ClientSecretName": "EdFi-Client-Secret-2017",
        "DistrictId": "255901",
        "InstanceId": "a01eaead-bc82-4e18-8b63-b1aa4af3bba1",
        "SchoolYear": "2017",
        "IsInitialLoad": false
    }
]