{
    "name": "p1_data_clean_aggr",
    "properties": {
        "activities": [
            {
                "name": "Create Student Dataframe",
                "type": "SynapseNotebook",
                "dependsOn": [],
                "policy": {
                    "timeout": "7.00:00:00",
                    "retry": 0,
                    "retryIntervalInSeconds": 30,
                    "secureOutput": false,
                    "secureInput": false
                },
                "userProperties": [],
                "typeProperties": {
                    "notebook": {
                        "referenceName": "p1_create_student_df",
                        "type": "NotebookReference"
                    },
                    "snapshot": true
                }
            },
            {
                "name": "Create Attendance Dataframe",
                "type": "SynapseNotebook",
                "dependsOn": [
                    {
                        "activity": "Create Student Dataframe",
                        "dependencyConditions": [
                            "Succeeded"
                        ]
                    }
                ],
                "policy": {
                    "timeout": "7.00:00:00",
                    "retry": 0,
                    "retryIntervalInSeconds": 30,
                    "secureOutput": false,
                    "secureInput": false
                },
                "userProperties": [],
                "typeProperties": {
                    "notebook": {
                        "referenceName": "p1_create_attendance_df",
                        "type": "NotebookReference"
                    },
                    "snapshot": true
                }
            },
            {
                "name": "Create iReady Dataframe",
                "type": "SynapseNotebook",
                "dependsOn": [
                    {
                        "activity": "Create Attendance Dataframe",
                        "dependencyConditions": [
                            "Succeeded"
                        ]
                    }
                ],
                "policy": {
                    "timeout": "7.00:00:00",
                    "retry": 0,
                    "retryIntervalInSeconds": 30,
                    "secureOutput": false,
                    "secureInput": false
                },
                "userProperties": [],
                "typeProperties": {
                    "notebook": {
                        "referenceName": "p1_create_iReady_df",
                        "type": "NotebookReference"
                    },
                    "snapshot": true
                }
            },
            {
                "name": "Create M365 Activity Dataframe",
                "type": "SynapseNotebook",
                "dependsOn": [
                    {
                        "activity": "Create iReady Dataframe",
                        "dependencyConditions": [
                            "Succeeded"
                        ]
                    }
                ],
                "policy": {
                    "timeout": "7.00:00:00",
                    "retry": 0,
                    "retryIntervalInSeconds": 30,
                    "secureOutput": false,
                    "secureInput": false
                },
                "userProperties": [],
                "typeProperties": {
                    "notebook": {
                        "referenceName": "p1_create_m365activity_df",
                        "type": "NotebookReference"
                    },
                    "snapshot": true
                }
            },
            {
                "name": "Create Behavior Dataframe",
                "type": "SynapseNotebook",
                "dependsOn": [
                    {
                        "activity": "Create Clever Activity Dataframe",
                        "dependencyConditions": [
                            "Succeeded"
                        ]
                    }
                ],
                "policy": {
                    "timeout": "7.00:00:00",
                    "retry": 0,
                    "retryIntervalInSeconds": 30,
                    "secureOutput": false,
                    "secureInput": false
                },
                "userProperties": [],
                "typeProperties": {
                    "notebook": {
                        "referenceName": "p1_create_behavior_df",
                        "type": "NotebookReference"
                    },
                    "snapshot": true
                }
            },
            {
                "name": "Create Clever Activity Dataframe",
                "type": "SynapseNotebook",
                "dependsOn": [
                    {
                        "activity": "Create M365 Activity Dataframe",
                        "dependencyConditions": [
                            "Succeeded"
                        ]
                    }
                ],
                "policy": {
                    "timeout": "7.00:00:00",
                    "retry": 0,
                    "retryIntervalInSeconds": 30,
                    "secureOutput": false,
                    "secureInput": false
                },
                "userProperties": [],
                "typeProperties": {
                    "notebook": {
                        "referenceName": "p1_create_cleveractivity_df",
                        "type": "NotebookReference"
                    },
                    "snapshot": true
                }
            },
            {
                "name": "Create School Dist Dataframe",
                "type": "SynapseNotebook",
                "dependsOn": [
                    {
                        "activity": "Create Behavior Dataframe",
                        "dependencyConditions": [
                            "Succeeded"
                        ]
                    }
                ],
                "policy": {
                    "timeout": "7.00:00:00",
                    "retry": 0,
                    "retryIntervalInSeconds": 30,
                    "secureOutput": false,
                    "secureInput": false
                },
                "userProperties": [],
                "typeProperties": {
                    "notebook": {
                        "referenceName": "p1_create_stschdist_df",
                        "type": "NotebookReference"
                    },
                    "snapshot": true
                }
            }
        ],
        "folder": {
            "name": "ML_Chron_Abs"
        },
        "annotations": []
    }
}