{"$schema":"http://schema.management.azure.com/schemas/2015-01-01/deploymentTemplate.json#","contentVersion":"1.0.0.0","parameters":{"workspaceName":{"type":"string","metadata":"Workspace name","defaultValue":"syn-oea-cisdam2"},"LS_Azure_SQL_DB":{"type":"string"},"LS_ADLS_OEA":{"type":"string"}},"variables":{"workspaceId":"[concat('Microsoft.Synapse/workspaces/', parameters('workspaceName'))]"},"resources":[{"name":"[concat(parameters('workspaceName'), '/Trigger_all_increamental_query_to_Stage1np')]","type":"Microsoft.Synapse/workspaces/pipelines","apiVersion":"2019-06-01-preview","properties":{"description":"Can trigger incremental ingestion for multiple entities simultaneously.\n\nParameter Description:\nEntities_To_Ingest : Json array with the following as endpoints.\n\nEntity,\nTableName,\nDirectory,\nSource,\nWatermarkColumnName","activities":[{"name":"Trigger pipeline for individual entity","description":"For each loop for every entry in the JSON Array parameter","type":"ForEach","dependsOn":[],"userProperties":[],"typeProperties":{"items":{"value":"@pipeline().parameters.Entities_To_Ingest","type":"Expression"},"isSequential":false,"activities":[{"name":"ExecuteEntityQuery","type":"ExecutePipeline","dependsOn":[],"userProperties":[],"typeProperties":{"pipeline":{"referenceName":"Incremental_query_ingest_to_Stage1np","type":"PipelineReference"},"waitOnCompletion":true,"parameters":{"Data_Source_Table_Name":{"value":"@item().TableName","type":"Expression"},"Data_Source_WaterMarkColumn":{"value":"@item().WatermarkColumnName","type":"Expression"},"Data_Destination_Container":"stage1np","Data_Destination_Directory":{"value":"@item().Directory","type":"Expression"},"Data_Source":{"value":"@item().Source","type":"Expression"},"Entity":{"value":"@item().Entity","type":"Expression"},"DbName":"contoso_sis","DbServer":"contosoisd3a.database.windows.net","Username":"sqladmin","KeyVaultSecretValue":"sqladmin-password"}}}]}}],"policy":{"elapsedTimeMetric":{},"cancelAfter":{}},"parameters":{"Entities_To_Ingest":{"type":"array","defaultValue":[{"Entity":"Student","WatermarkColumnName":"LastModifiedDate","Source":"contoso_sis","TableName":"contoso_sis.Student","Directory":"contoso_sis"},{"Entity":"School","WatermarkColumnName":"LastModifiedDate","Source":"contoso_sis","TableName":"contoso_sis.School","Directory":"contoso_sis"}]}},"annotations":[],"lastPublishTime":"2021-11-29T13:08:04Z"},"dependsOn":["[concat(variables('workspaceId'), '/pipelines/Incremental_query_ingest_to_Stage1np')]"]},{"name":"[concat(parameters('workspaceName'), '/Incremental_query_ingest_to_Stage1np')]","type":"Microsoft.Synapse/workspaces/pipelines","apiVersion":"2019-06-01-preview","properties":{"description":"Ingest new or updated rows only from database using external watermark table\n\nParameters Description:\nData_Source_Table_Name : Table Name\nData_Source_WaterMarkColumn : Column of the table used to determine watermark (For Ex. : LastModifiedDate)\nData_Destination_Directory : Directory of the storage account where stage1np is stored.\n","activities":[{"name":"LookupCurrentWaterMark","description":"Retrieve the current maximum value in watermark column of source data store","type":"Lookup","dependsOn":[],"policy":{"timeout":"7.00:00:00","retry":0,"retryIntervalInSeconds":30},"userProperties":[],"typeProperties":{"source":{"type":"AzureSqlSource","sqlReaderQuery":{"value":"@concat('select MAX(',pipeline().parameters.Data_Source_WaterMarkColumn, ') as NewWatermarkValue from ',pipeline().parameters.Data_Source_Table_Name)","type":"Expression"},"queryTimeout":"02:00:00","partitionOption":"None"},"dataset":{"referenceName":"DS_Azure_SQL_DB","type":"DatasetReference","parameters":{"dbServer":{"value":"@pipeline().parameters.DbServer","type":"Expression"},"dbName":{"value":"@pipeline().parameters.DbName","type":"Expression"},"userName":{"value":"@pipeline().parameters.Username","type":"Expression"},"keyVaultSecretName":{"value":"@pipeline().parameters.KeyVaultSecretValue","type":"Expression"}}}}},{"name":"DeltaCopyfromDB","description":"Copy activity to use query to filter the delta data by > last high-watermark and <= current high-watermark from source database, and then only copy the changes to the destination store.","type":"Copy","dependsOn":[{"activity":"LookupCurrentWaterMark","dependencyConditions":["Succeeded"]},{"activity":"GetLastWatermark","dependencyConditions":["Succeeded"]}],"policy":{"timeout":"7.00:00:00","retry":0,"retryIntervalInSeconds":30},"userProperties":[],"typeProperties":{"source":{"type":"AzureSqlSource","sqlReaderQuery":{"value":"select * from @{pipeline().parameters.Data_Source_Table_Name} where @{pipeline().parameters.Data_Source_WaterMarkColumn} > '@{activity('GetLastWatermark').output.status.Output.result.exitValue}' and @{pipeline().parameters.Data_Source_WaterMarkColumn} <= '@{activity('LookupCurrentWaterMark').output.firstRow.NewWatermarkValue}'","type":"Expression"},"queryTimeout":"02:00:00","partitionOption":"None"},"sink":{"type":"ParquetSink","storeSettings":{"type":"AzureBlobFSWriteSettings"},"formatSettings":{"type":"ParquetWriteSettings"}},"enableStaging":false,"dataIntegrationUnits":0},"inputs":[{"referenceName":"DS_Azure_SQL_DB","type":"DatasetReference","parameters":{"dbServer":{"value":"@pipeline().parameters.DbServer","type":"Expression"},"dbName":{"value":"@pipeline().parameters.DbName","type":"Expression"},"userName":{"value":"@pipeline().parameters.Username","type":"Expression"},"keyVaultSecretName":{"value":"@pipeline().parameters.KeyVaultSecretValue","type":"Expression"}}}],"outputs":[{"referenceName":"DS_ADLS_parquet","type":"DatasetReference","parameters":{"filesystem":"stage1np","directory":{"value":"@pipeline().parameters.Data_Destination_Directory","type":"Expression"}}}]},{"name":"GetLastWatermark","description":"Gets the last watermark value available in the external control table.","type":"SynapseNotebook","dependsOn":[],"policy":{"timeout":"7.00:00:00","retry":0,"retryIntervalInSeconds":30,"secureOutput":false,"secureInput":false},"userProperties":[],"typeProperties":{"notebook":{"referenceName":"OEA_connector","type":"NotebookReference"},"parameters":{"object_name":{"value":"oea","type":"string"},"method_name":{"value":"get_last_watermark","type":"string"},"kwargs":{"value":{"value":"{'source':\"@{pipeline().parameters.Data_Source}\",'entity':\"@{pipeline().parameters.Entity}\"}","type":"Expression"},"type":"string"}},"snapshot":true}},{"name":"UpdateLastWatermark","description":"Updates the latest watermark value to the external control table.","type":"SynapseNotebook","dependsOn":[{"activity":"DeltaCopyfromDB","dependencyConditions":["Succeeded"]}],"policy":{"timeout":"7.00:00:00","retry":0,"retryIntervalInSeconds":30,"secureOutput":false,"secureInput":false},"userProperties":[],"typeProperties":{"notebook":{"referenceName":"OEA_connector","type":"NotebookReference"},"parameters":{"object_name":{"value":"oea","type":"string"},"method_name":{"value":"insert_watermark","type":"string"},"kwargs":{"value":{"value":"{'source':\"@{pipeline().parameters.Data_Source}\",'entity':\"@{pipeline().parameters.Entity}\",'watermark_datetime':\"@{activity('LookupCurrentWaterMark').output.firstRow.NewWatermarkValue}\"}","type":"Expression"},"type":"string"}},"snapshot":true}}],"policy":{"elapsedTimeMetric":{},"cancelAfter":{}},"parameters":{"Data_Source_Table_Name":{"type":"String","defaultValue":"edfi.Student"},"Data_Source_WaterMarkColumn":{"type":"String","defaultValue":"LastModifiedDate"},"Data_Destination_Container":{"type":"String","defaultValue":"stage1np"},"Data_Destination_Directory":{"type":"String","defaultValue":"contoso_sis_db/person"},"Data_Source":{"type":"string","defaultValue":"edfi"},"Entity":{"type":"string","defaultValue":"Student"},"DbName":{"type":"string","defaultValue":"contoso_sis"},"DbServer":{"type":"string","defaultValue":"contosoisd3a.database.windows.net"},"Username":{"type":"string","defaultValue":"sqladmin"},"KeyVaultSecretValue":{"type":"string","defaultValue":"sqladmin-password"}},"annotations":[],"lastPublishTime":"2021-11-29T13:02:15Z"},"dependsOn":["[concat(variables('workspaceId'), '/datasets/DS_Azure_SQL_DB')]","[concat(variables('workspaceId'), '/datasets/DS_ADLS_parquet')]","[concat(variables('workspaceId'), '/notebooks/OEA_connector')]"]},{"name":"[concat(parameters('workspaceName'), '/DS_Azure_SQL_DB')]","type":"Microsoft.Synapse/workspaces/datasets","apiVersion":"2019-06-01-preview","properties":{"linkedServiceName":{"referenceName":"[parameters('LS_Azure_SQL_DB')]","type":"LinkedServiceReference","parameters":{"dbServer":{"value":"@dataset().dbServer","type":"Expression"},"dbName":{"value":"@dataset().dbName","type":"Expression"},"userName":{"value":"@dataset().userName","type":"Expression"},"keyVaultSecretName":{"value":"@dataset().keyVaultSecretName","type":"Expression"}}},"parameters":{"dbServer":{"type":"string","defaultValue":"myserver.database.windows.net"},"dbName":{"type":"string","defaultValue":"testdb"},"userName":{"type":"string","defaultValue":"sqlAdmin"},"keyVaultSecretName":{"type":"string","defaultValue":"sqlAdminPwd"}},"folder":{"name":"OEA_Framework"},"annotations":[],"type":"AzureSqlTable","schema":[],"typeProperties":{"schema":[]}},"dependsOn":[]},{"name":"[concat(parameters('workspaceName'), '/DS_ADLS_parquet')]","type":"Microsoft.Synapse/workspaces/datasets","apiVersion":"2019-06-01-preview","properties":{"description":"Used for landing data in the data lake as in parquet format.\nDefaults to landing data in stage1np.\nNote that you cannot specify a filename because with parquet the filename should be auto-generated.\n","linkedServiceName":{"referenceName":"[parameters('LS_ADLS_OEA')]","type":"LinkedServiceReference"},"parameters":{"filesystem":{"type":"string","defaultValue":"stage1np"},"directory":{"type":"string"}},"folder":{"name":"OEA_Framework"},"annotations":[],"type":"Parquet","typeProperties":{"location":{"type":"AzureBlobFSLocation","folderPath":{"value":"@concat(dataset().directory,'/',utcnow())","type":"Expression"},"fileSystem":{"value":"@dataset().filesystem","type":"Expression"}},"compressionCodec":"snappy"},"schema":[]},"dependsOn":[]},{"name":"[concat(parameters('workspaceName'), '/OEA_connector')]","type":"Microsoft.Synapse/workspaces/notebooks","apiVersion":"2019-06-01-preview","properties":{"nbformat":4,"nbformat_minor":2,"bigDataPool":{"referenceName":"spark3p1sm","type":"BigDataPoolReference"},"sessionProperties":{"driverMemory":"28g","driverCores":4,"executorMemory":"28g","executorCores":4,"numExecutors":2,"conf":{"spark.dynamicAllocation.enabled":"false","spark.dynamicAllocation.minExecutors":"2","spark.dynamicAllocation.maxExecutors":"2","spark.autotune.trackingId":"7149363b-7803-40cc-9d89-bf67f6959404"}},"metadata":{"saveOutput":true,"synapse_widget":{"version":"0.1","state":{}},"enableDebugMode":false,"kernelspec":{"name":"synapse_pyspark","display_name":"Synapse PySpark"},"language_info":{"name":"python"},"a365ComputeOptions":{"id":"/subscriptions/7b9a4896-4541-483f-bdc7-d8f4ec6be3ee/resourceGroups/rg-oea-CISDAM2/providers/Microsoft.Synapse/workspaces/syn-oea-cisdam2/bigDataPools/spark3p1sm","name":"spark3p1sm","type":"Spark","endpoint":"https://syn-oea-cisdam2.dev.azuresynapse.net/livyApi/versions/2019-11-01-preview/sparkPools/spark3p1sm","auth":{"type":"AAD","authResource":"https://dev.azuresynapse.net"},"sparkVersion":"3.1","nodeCount":3,"cores":4,"memory":28,"extraHeader":null}},"cells":[{"cell_type":"markdown","metadata":{"nteract":{"transient":{"deleting":false}}},"source":["# OEA connector\n","This notebook provides a way for invoking methods on the OEA framework or supporting modules from a pipeline.\n","\n","When setting up a new module, be sure to include a new cell below that imports that module, so that its methods can be invoked by pipelines."],"attachments":null},{"cell_type":"code","metadata":{"jupyter":{"source_hidden":false,"outputs_hidden":false},"nteract":{"transient":{"deleting":false}},"tags":["parameters"]},"source":["# These values should be passed in from the pipeline that is using this notebook as an activity.\r\n","# Note that kwargs allows you to pass in a dict of params, but the dict has to specified as a string when invoked from a pipeline.\r\n","# Also note that you can refer to attributes of an object in the params, for example: {'path':oea.stage2np}\r\n","object_name = 'oea'\r\n","method_name = ''\r\n","kwargs = '{}'"],"attachments":null,"outputs":[],"execution_count":null},{"cell_type":"code","metadata":{"jupyter":{"outputs_hidden":false,"source_hidden":false},"nteract":{"transient":{"deleting":false}},"collapsed":true},"source":["%run /OEA_py"],"attachments":null,"outputs":[],"execution_count":null},{"cell_type":"code","metadata":{"jupyter":{"outputs_hidden":false,"source_hidden":false},"nteract":{"transient":{"deleting":false}},"collapsed":true},"source":["%run /ContosoSIS_py"],"attachments":null,"outputs":[],"execution_count":null},{"cell_type":"code","metadata":{"jupyter":{"source_hidden":false,"outputs_hidden":false},"nteract":{"transient":{"deleting":false}}},"source":["obj = eval(object_name)\r\n","kwargs = eval(kwargs)\r\n","m = getattr(obj, method_name)\r\n","result = m(**kwargs)\r\n","mssparkutils.notebook.exit(result)"],"attachments":null,"outputs":[],"execution_count":null}]},"dependsOn":[]}]}