{"$schema":"http://schema.management.azure.com/schemas/2015-01-01/deploymentTemplate.json#","contentVersion":"1.0.0.0","parameters":{"workspaceName":{"type":"string","metadata":"Workspace name","defaultValue":"syn-oea-cisd3v06kw2"},"LS_SQL_Serverless_OEA":{"type":"string"},"syn-oea-cisd3v06kw2-WorkspaceDefaultStorage":{"type":"string"},"LS_HTTP":{"type":"string"}},"variables":{"workspaceId":"[concat('Microsoft.Synapse/workspaces/', parameters('workspaceName'))]"},"resources":[{"name":"[concat(parameters('workspaceName'), '/insights_main_pipeline')]","type":"Microsoft.Synapse/workspaces/pipelines","apiVersion":"2019-06-01-preview","properties":{"activities":[{"name":"ingest into stage2p and stage2np","type":"SynapseNotebook","dependsOn":[{"activity":"If pull_k12_test_data","dependencyConditions":["Succeeded"]},{"activity":"If pull_hed_test_data","dependencyConditions":["Succeeded"]}],"policy":{"timeout":"7.00:00:00","retry":0,"retryIntervalInSeconds":30,"secureOutput":false,"secureInput":false},"userProperties":[],"typeProperties":{"notebook":{"referenceName":"Insights_module_ingestion","type":"NotebookReference"},"snapshot":true,"executorSize":null,"conf":{"spark.dynamicAllocation.enabled":null,"spark.dynamicAllocation.minExecutors":null,"spark.dynamicAllocation.maxExecutors":null},"driverSize":null,"numExecutors":null}},{"name":"If create_sql_db","type":"IfCondition","dependsOn":[{"activity":"ingest into stage2p and stage2np","dependencyConditions":["Succeeded"]}],"userProperties":[],"typeProperties":{"expression":{"value":"@pipeline().parameters.create_sql_db","type":"Expression"},"ifTrueActivities":[{"name":"create_sql_db","type":"ExecutePipeline","dependsOn":[],"userProperties":[],"typeProperties":{"pipeline":{"referenceName":"create_sql_db1","type":"PipelineReference"},"waitOnCompletion":true,"parameters":{"storageAccount":{"value":"@pipeline().parameters.storageAccount","type":"Expression"},"sourceDirectory":{"value":"@pipeline().parameters.sourceDirectory","type":"Expression"},"stage":"2"}}}]}},{"name":"If create_lake_db","type":"IfCondition","dependsOn":[{"activity":"ingest into stage2p and stage2np","dependencyConditions":["Succeeded"]}],"userProperties":[],"typeProperties":{"expression":{"value":"@pipeline().parameters.create_lake_db","type":"Expression"},"ifTrueActivities":[{"name":"create_lake_db","type":"ExecutePipeline","dependsOn":[],"userProperties":[],"typeProperties":{"pipeline":{"referenceName":"create_lake_db1","type":"PipelineReference"},"waitOnCompletion":true,"parameters":{"stageNum":"2","sourceDirectory":{"value":"@pipeline().parameters.sourceDirectory","type":"Expression"}}}}]}},{"name":"If pull_k12_test_data","description":"If pipeline parameter true, pulls K-12 test data from OEA GitHub repository.","type":"IfCondition","dependsOn":[],"userProperties":[],"typeProperties":{"expression":{"value":"@pipeline().parameters.pull_k12_test_data","type":"Expression"},"ifTrueActivities":[{"name":"Extract Insights K-12 test data from source","description":"Pulls Insights module K-12 test data on OEA GitHub Repository. Landed in stage1np.","type":"ExecutePipeline","dependsOn":[],"userProperties":[],"typeProperties":{"pipeline":{"referenceName":"insights_copy_k12_test_data","type":"PipelineReference"},"waitOnCompletion":true,"parameters":{"endpointsSet1":{"value":"@json('[{\"URL\":\"https://raw.githubusercontent.com/microsoft/OpenEduAnalytics/main/modules/module_catalog/Microsoft_Education_Insights/test_data/k12_test_data/roster/2022-01-28T06-16-22/AadGroup/aadgroup.csv\",\"sinkDirectory\":\"M365/roster\",\"sinkFilename\":\"AadGroup/AadGroup_k12_test_data.csv\"},{\"URL\":\"https://raw.githubusercontent.com/microsoft/OpenEduAnalytics/main/modules/module_catalog/Microsoft_Education_Insights/test_data/k12_test_data/roster/2022-01-28T06-16-22/AadGroupMembership/aadgroupmembership.csv\",\"sinkDirectory\":\"M365/roster\",\"sinkFilename\":\"AadGroupMembership/AadGroupMembership_k12_test_data.csv\"},{\"URL\":\"https://raw.githubusercontent.com/microsoft/OpenEduAnalytics/main/modules/module_catalog/Microsoft_Education_Insights/test_data/k12_test_data/roster/2022-01-28T06-16-22/AadUser/aaduser.csv\",\"sinkDirectory\":\"M365/roster\",\"sinkFilename\":\"AadUser/AadUser_k12_test_data.csv\"},{\"URL\":\"https://raw.githubusercontent.com/microsoft/OpenEduAnalytics/main/modules/module_catalog/Microsoft_Education_Insights/test_data/k12_test_data/roster/2022-01-28T06-16-22/AadUserPersonMapping/aaduserpersonmapping.csv\",\"sinkDirectory\":\"M365/roster\",\"sinkFilename\":\"AadUserPersonMapping/AadUserPersonMapping_k12_test_data.csv\"},{\"URL\":\"https://raw.githubusercontent.com/microsoft/OpenEduAnalytics/main/modules/module_catalog/Microsoft_Education_Insights/test_data/k12_test_data/roster/2022-01-28T06-16-22/Course/course.csv\",\"sinkDirectory\":\"M365/roster\",\"sinkFilename\":\"Course/Course_k12_test_data.csv\"},{\"URL\":\"https://raw.githubusercontent.com/microsoft/OpenEduAnalytics/main/modules/module_catalog/Microsoft_Education_Insights/test_data/k12_test_data/roster/2022-01-28T06-16-22/CourseGradeLevel/coursegradelevel.csv\",\"sinkDirectory\":\"M365/roster\",\"sinkFilename\":\"CourseGradeLevel/CourseGradeLevel_k12_test_data.csv\"},{\"URL\":\"https://raw.githubusercontent.com/microsoft/OpenEduAnalytics/main/modules/module_catalog/Microsoft_Education_Insights/test_data/k12_test_data/roster/2022-01-28T06-16-22/CourseSubject/coursesubject.csv\",\"sinkDirectory\":\"M365/roster\",\"sinkFilename\":\"CourseSubject/CourseSubject_k12_test_data.csv\"},{\"URL\":\"https://raw.githubusercontent.com/microsoft/OpenEduAnalytics/main/modules/module_catalog/Microsoft_Education_Insights/test_data/k12_test_data/roster/2022-01-28T06-16-22/Enrollment/enrollment.csv\",\"sinkDirectory\":\"M365/roster\",\"sinkFilename\":\"Enrollment/Enrollment_k12_test_data.csv\"},{\"URL\":\"https://raw.githubusercontent.com/microsoft/OpenEduAnalytics/main/modules/module_catalog/Microsoft_Education_Insights/test_data/k12_test_data/roster/2022-01-28T06-16-22/Organization/organization.csv\",\"sinkDirectory\":\"M365/roster\",\"sinkFilename\":\"Organization/Organization_k12_test_data.csv\"},{\"URL\":\"https://raw.githubusercontent.com/microsoft/OpenEduAnalytics/main/modules/module_catalog/Microsoft_Education_Insights/test_data/k12_test_data/roster/2022-01-28T06-16-22/Person/person.csv\",\"sinkDirectory\":\"M365/roster\",\"sinkFilename\":\"Person/Person_k12_test_data.csv\"},{\"URL\":\"https://raw.githubusercontent.com/microsoft/OpenEduAnalytics/main/modules/module_catalog/Microsoft_Education_Insights/test_data/k12_test_data/roster/2022-01-28T06-16-22/PersonDemographic/persondemographic.csv\",\"sinkDirectory\":\"M365/roster\",\"sinkFilename\":\"PersonDemographic/PersonDemographic_k12_test_data.csv\"},{\"URL\":\"https://raw.githubusercontent.com/microsoft/OpenEduAnalytics/main/modules/module_catalog/Microsoft_Education_Insights/test_data/k12_test_data/roster/2022-01-28T06-16-22/PersonDemographicEthnicity/persondemographicethnicity.csv\",\"sinkDirectory\":\"M365/roster\",\"sinkFilename\":\"PersonDemographicEthnicity/PersonDemographicEthnicity_k12_test_data.csv\"},{\"URL\":\"https://raw.githubusercontent.com/microsoft/OpenEduAnalytics/main/modules/module_catalog/Microsoft_Education_Insights/test_data/k12_test_data/roster/2022-01-28T06-16-22/PersonDemographicPersonFlag/persondemographicpersonflag.csv\",\"sinkDirectory\":\"M365/roster\",\"sinkFilename\":\"PersonDemographicPersonFlag/PersonDemographicPersonFlag_k12_test_data.csv\"},{\"URL\":\"https://raw.githubusercontent.com/microsoft/OpenEduAnalytics/main/modules/module_catalog/Microsoft_Education_Insights/test_data/k12_test_data/roster/2022-01-28T06-16-22/PersonDemographicRace/persondemographicrace.csv\",\"sinkDirectory\":\"M365/roster\",\"sinkFilename\":\"PersonDemographicRace/PersonDemographicRace_k12_test_data.csv\"},{\"URL\":\"https://raw.githubusercontent.com/microsoft/OpenEduAnalytics/main/modules/module_catalog/Microsoft_Education_Insights/test_data/k12_test_data/roster/2022-01-28T06-16-22/PersonEmailAddress/personemailaddress.csv\",\"sinkDirectory\":\"M365/roster\",\"sinkFilename\":\"PersonEmailAddress/PersonEmailAddress_k12_test_data.csv\"},{\"URL\":\"https://raw.githubusercontent.com/microsoft/OpenEduAnalytics/main/modules/module_catalog/Microsoft_Education_Insights/test_data/k12_test_data/roster/2022-01-28T06-16-22/PersonIdentifier/personidentifier.csv\",\"sinkDirectory\":\"M365/roster\",\"sinkFilename\":\"PersonIdentifier/PersonIdentifier_k12_test_data.csv\"},{\"URL\":\"https://raw.githubusercontent.com/microsoft/OpenEduAnalytics/main/modules/module_catalog/Microsoft_Education_Insights/test_data/k12_test_data/roster/2022-01-28T06-16-22/PersonOrganizationRole/personorganizationrole.csv\",\"sinkDirectory\":\"M365/roster\",\"sinkFilename\":\"PersonOrganizationRole/PersonOrganizationRole_k12_test_data.csv\"},{\"URL\":\"https://raw.githubusercontent.com/microsoft/OpenEduAnalytics/main/modules/module_catalog/Microsoft_Education_Insights/test_data/k12_test_data/roster/2022-01-28T06-16-22/PersonPhoneNumber/personphonenumber.csv\",\"sinkDirectory\":\"M365/roster\",\"sinkFilename\":\"PersonPhoneNumber/PersonPhoneNumber_k12_test_data.csv\"},{\"URL\":\"https://raw.githubusercontent.com/microsoft/OpenEduAnalytics/main/modules/module_catalog/Microsoft_Education_Insights/test_data/k12_test_data/roster/2022-01-28T06-16-22/PersonRelationship/personrelationship.csv\",\"sinkDirectory\":\"M365/roster\",\"sinkFilename\":\"PersonRelationship/PersonRelationship_k12_test_data.csv\"},{\"URL\":\"https://raw.githubusercontent.com/microsoft/OpenEduAnalytics/main/modules/module_catalog/Microsoft_Education_Insights/test_data/k12_test_data/roster/2022-01-28T06-16-22/RefDefinition/refdefinition.csv\",\"sinkDirectory\":\"M365/roster\",\"sinkFilename\":\"RefDefinition/RefDefinition_k12_test_data.csv\"},{\"URL\":\"https://raw.githubusercontent.com/microsoft/OpenEduAnalytics/main/modules/module_catalog/Microsoft_Education_Insights/test_data/k12_test_data/roster/2022-01-28T06-16-22/RefTranslation/reftranslation.csv\",\"sinkDirectory\":\"M365/roster\",\"sinkFilename\":\"RefTranslation/RefTranslation_k12_test_data.csv\"},{\"URL\":\"https://raw.githubusercontent.com/microsoft/OpenEduAnalytics/main/modules/module_catalog/Microsoft_Education_Insights/test_data/k12_test_data/roster/2022-01-28T06-16-22/Section/section.csv\",\"sinkDirectory\":\"M365/roster\",\"sinkFilename\":\"Section/Section_k12_test_data.csv\"},{\"URL\":\"https://raw.githubusercontent.com/microsoft/OpenEduAnalytics/main/modules/module_catalog/Microsoft_Education_Insights/test_data/k12_test_data/roster/2022-01-28T06-16-22/SectionGradeLevel/sectiongradelevel.csv\",\"sinkDirectory\":\"M365/roster\",\"sinkFilename\":\"SectionGradeLevel/SectionGradeLevel_k12_test_data.csv\"},{\"URL\":\"https://raw.githubusercontent.com/microsoft/OpenEduAnalytics/main/modules/module_catalog/Microsoft_Education_Insights/test_data/k12_test_data/roster/2022-01-28T06-16-22/SectionSession/sectionsession.csv\",\"sinkDirectory\":\"M365/roster\",\"sinkFilename\":\"SectionSession/SectionSession_k12_test_data.csv\"},{\"URL\":\"https://raw.githubusercontent.com/microsoft/OpenEduAnalytics/main/modules/module_catalog/Microsoft_Education_Insights/test_data/k12_test_data/roster/2022-01-28T06-16-22/SectionSubject/sectionsubject.csv\",\"sinkDirectory\":\"M365/roster\",\"sinkFilename\":\"SectionSubject/SectionSubject_k12_test_data.csv\"},{\"URL\":\"https://raw.githubusercontent.com/microsoft/OpenEduAnalytics/main/modules/module_catalog/Microsoft_Education_Insights/test_data/k12_test_data/roster/2022-01-28T06-16-22/Session/session.csv\",\"sinkDirectory\":\"M365/roster\",\"sinkFilename\":\"Session/Session_k12_test_data.csv\"},{\"URL\":\"https://raw.githubusercontent.com/microsoft/OpenEduAnalytics/main/modules/module_catalog/Microsoft_Education_Insights/test_data/k12_test_data/roster/2022-01-28T06-16-22/SourceSystem/sourcesystem.csv\",\"sinkDirectory\":\"M365/roster\",\"sinkFilename\":\"SourceSystem/SourceSystem_k12_test_data.csv\"}]')","type":"Expression"},"endpointsSet2":{"value":"@json('[{\"URL\":\"https://raw.githubusercontent.com/microsoft/OpenEduAnalytics/main/modules/module_catalog/Microsoft_Education_Insights/test_data/k12_test_data/schema/activity.v0.1.0.cdm.json\",\"sinkDirectory\":\"M365/schema\",\"sinkFilename\":\"activity.v0.1.0.cdm.json\"},{\"URL\":\"https://raw.githubusercontent.com/microsoft/OpenEduAnalytics/main/modules/module_catalog/Microsoft_Education_Insights/test_data/k12_test_data/schema/roster.v0.3.2.cdm.json\",\"sinkDirectory\":\"M365/schema\",\"sinkFilename\":\"roster.v0.3.2.cdm.json\"},{\"URL\":\"https://raw.githubusercontent.com/microsoft/OpenEduAnalytics/main/modules/module_catalog/Microsoft_Education_Insights/test_data/k12_test_data/current.manifest.cdm.json\",\"sinkDirectory\":\"M365\",\"sinkFilename\":\"current.manifest.cdm.json\"}]')","type":"Expression"},"endpointsSet3":{"value":"@json('[{\"URL\":\"https://raw.githubusercontent.com/microsoft/OpenEduAnalytics/main/modules/module_catalog/Microsoft_Education_Insights/test_data/k12_test_data/roster/2022-01-28T06-16-22/snapshot.roster.manifest.cdm.json\",\"sinkDirectory\":\"M365/roster\",\"sinkFilename\":\"snapshot.roster.manifest.cdm.json\"}]')","type":"Expression"},"endpointsSet4":{"value":"@json('[{\"URL\":\"https://raw.githubusercontent.com/microsoft/OpenEduAnalytics/main/modules/module_catalog/Microsoft_Education_Insights/test_data/k12_test_data/activity/2022-01-28/ApplicationUsage.csv\",\"sinkDirectory\":\"M365/activity\",\"sinkFilename\":\"ApplicationUsage_k12_test_data.csv\"}]')","type":"Expression"},"sinkFilesystem":"stage1np","timezone":"Central Standard Time"}}}]}},{"name":"If pull_hed_test_data","description":"If pipeline parameter true, pulls higher ed test data from OEA GitHub repository.","type":"IfCondition","dependsOn":[],"userProperties":[],"typeProperties":{"expression":{"value":"@pipeline().parameters.pull_hed_test_data","type":"Expression"},"ifTrueActivities":[{"name":"Extract Insights Higher Ed test data from source_copy1","description":"Pulls Insights module Higher Ed test data on OEA GitHub Repository. Landed in stage1np.","type":"ExecutePipeline","dependsOn":[],"userProperties":[],"typeProperties":{"pipeline":{"referenceName":"insights_copy_hed_test_data","type":"PipelineReference"},"waitOnCompletion":true,"parameters":{"endpointsSet1":{"value":"@json('[{\"URL\":\"https://raw.githubusercontent.com/microsoft/OpenEduAnalytics/main/modules/module_catalog/Microsoft_Education_Insights/test_data/hed_test_data/roster/2022-01-28T06-16-22/AadGroup/aadgroup.csv\",\"sinkDirectory\":\"M365/roster\",\"sinkFilename\":\"AadGroup/AadGroup_hed_test_data.csv\"},{\"URL\":\"https://raw.githubusercontent.com/microsoft/OpenEduAnalytics/main/modules/module_catalog/Microsoft_Education_Insights/test_data/hed_test_data/roster/2022-01-28T06-16-22/AadGroupMembership/aadgroupmembership.csv\",\"sinkDirectory\":\"M365/roster\",\"sinkFilename\":\"AadGroupMembership/AadGroupMembership_hed_test_data.csv\"},{\"URL\":\"https://raw.githubusercontent.com/microsoft/OpenEduAnalytics/main/modules/module_catalog/Microsoft_Education_Insights/test_data/hed_test_data/roster/2022-01-28T06-16-22/AadUser/aaduser.csv\",\"sinkDirectory\":\"M365/roster\",\"sinkFilename\":\"AadUser/AadUser_hed_test_data.csv\"},{\"URL\":\"https://raw.githubusercontent.com/microsoft/OpenEduAnalytics/main/modules/module_catalog/Microsoft_Education_Insights/test_data/hed_test_data/roster/2022-01-28T06-16-22/AadUserPersonMapping/aaduserpersonmapping.csv\",\"sinkDirectory\":\"M365/roster\",\"sinkFilename\":\"AadUserPersonMapping/AadUserPersonMapping_hed_test_data.csv\"},{\"URL\":\"https://raw.githubusercontent.com/microsoft/OpenEduAnalytics/main/modules/module_catalog/Microsoft_Education_Insights/test_data/hed_test_data/roster/2022-01-28T06-16-22/Course/course.csv\",\"sinkDirectory\":\"M365/roster\",\"sinkFilename\":\"Course/Course_hed_test_data.csv\"},{\"URL\":\"https://raw.githubusercontent.com/microsoft/OpenEduAnalytics/main/modules/module_catalog/Microsoft_Education_Insights/test_data/hed_test_data/roster/2022-01-28T06-16-22/CourseGradeLevel/coursegradelevel.csv\",\"sinkDirectory\":\"M365/roster\",\"sinkFilename\":\"CourseGradeLevel/CourseGradeLevel_hed_test_data.csv\"},{\"URL\":\"https://raw.githubusercontent.com/microsoft/OpenEduAnalytics/main/modules/module_catalog/Microsoft_Education_Insights/test_data/hed_test_data/roster/2022-01-28T06-16-22/CourseSubject/coursesubject.csv\",\"sinkDirectory\":\"M365/roster\",\"sinkFilename\":\"CourseSubject/CourseSubject_hed_test_data.csv\"},{\"URL\":\"https://raw.githubusercontent.com/microsoft/OpenEduAnalytics/main/modules/module_catalog/Microsoft_Education_Insights/test_data/hed_test_data/roster/2022-01-28T06-16-22/Enrollment/enrollment.csv\",\"sinkDirectory\":\"M365/roster\",\"sinkFilename\":\"Enrollment/Enrollment_hed_test_data.csv\"},{\"URL\":\"https://raw.githubusercontent.com/microsoft/OpenEduAnalytics/main/modules/module_catalog/Microsoft_Education_Insights/test_data/hed_test_data/roster/2022-01-28T06-16-22/Organization/organization.csv\",\"sinkDirectory\":\"M365/roster\",\"sinkFilename\":\"Organization/Organization_hed_test_data.csv\"},{\"URL\":\"https://raw.githubusercontent.com/microsoft/OpenEduAnalytics/main/modules/module_catalog/Microsoft_Education_Insights/test_data/hed_test_data/roster/2022-01-28T06-16-22/Person/person.csv\",\"sinkDirectory\":\"M365/roster\",\"sinkFilename\":\"Person/Person_hed_test_data.csv\"},{\"URL\":\"https://raw.githubusercontent.com/microsoft/OpenEduAnalytics/main/modules/module_catalog/Microsoft_Education_Insights/test_data/hed_test_data/roster/2022-01-28T06-16-22/PersonDemographic/persondemographic.csv\",\"sinkDirectory\":\"M365/roster\",\"sinkFilename\":\"PersonDemographic/PersonDemographic_hed_test_data.csv\"},{\"URL\":\"https://raw.githubusercontent.com/microsoft/OpenEduAnalytics/main/modules/module_catalog/Microsoft_Education_Insights/test_data/hed_test_data/roster/2022-01-28T06-16-22/PersonDemographicEthnicity/persondemographicethnicity.csv\",\"sinkDirectory\":\"M365/roster\",\"sinkFilename\":\"PersonDemographicEthnicity/PersonDemographicEthnicity_hed_test_data.csv\"},{\"URL\":\"https://raw.githubusercontent.com/microsoft/OpenEduAnalytics/main/modules/module_catalog/Microsoft_Education_Insights/test_data/hed_test_data/roster/2022-01-28T06-16-22/PersonDemographicPersonFlag/persondemographicpersonflag.csv\",\"sinkDirectory\":\"M365/roster\",\"sinkFilename\":\"PersonDemographicPersonFlag/PersonDemographicPersonFlag_hed_test_data.csv\"},{\"URL\":\"https://raw.githubusercontent.com/microsoft/OpenEduAnalytics/main/modules/module_catalog/Microsoft_Education_Insights/test_data/hed_test_data/roster/2022-01-28T06-16-22/PersonDemographicRace/persondemographicrace.csv\",\"sinkDirectory\":\"M365/roster\",\"sinkFilename\":\"PersonDemographicRace/PersonDemographicRace_hed_test_data.csv\"},{\"URL\":\"https://raw.githubusercontent.com/microsoft/OpenEduAnalytics/main/modules/module_catalog/Microsoft_Education_Insights/test_data/hed_test_data/roster/2022-01-28T06-16-22/PersonEmailAddress/personemailaddress.csv\",\"sinkDirectory\":\"M365/roster\",\"sinkFilename\":\"PersonEmailAddress/PersonEmailAddress_hed_test_data.csv\"},{\"URL\":\"https://raw.githubusercontent.com/microsoft/OpenEduAnalytics/main/modules/module_catalog/Microsoft_Education_Insights/test_data/hed_test_data/roster/2022-01-28T06-16-22/PersonIdentifier/personidentifier.csv\",\"sinkDirectory\":\"M365/roster\",\"sinkFilename\":\"PersonIdentifier/PersonIdentifier_hed_test_data.csv\"},{\"URL\":\"https://raw.githubusercontent.com/microsoft/OpenEduAnalytics/main/modules/module_catalog/Microsoft_Education_Insights/test_data/hed_test_data/roster/2022-01-28T06-16-22/PersonOrganizationRole/personorganizationrole.csv\",\"sinkDirectory\":\"M365/roster\",\"sinkFilename\":\"PersonOrganizationRole/PersonOrganizationRole_hed_test_data.csv\"},{\"URL\":\"https://raw.githubusercontent.com/microsoft/OpenEduAnalytics/main/modules/module_catalog/Microsoft_Education_Insights/test_data/hed_test_data/roster/2022-01-28T06-16-22/PersonPhoneNumber/personphonenumber.csv\",\"sinkDirectory\":\"M365/roster\",\"sinkFilename\":\"PersonPhoneNumber/PersonPhoneNumber_hed_test_data.csv\"},{\"URL\":\"https://raw.githubusercontent.com/microsoft/OpenEduAnalytics/main/modules/module_catalog/Microsoft_Education_Insights/test_data/hed_test_data/roster/2022-01-28T06-16-22/PersonRelationship/personrelationship.csv\",\"sinkDirectory\":\"M365/roster\",\"sinkFilename\":\"PersonRelationship/PersonRelationship_hed_test_data.csv\"},{\"URL\":\"https://raw.githubusercontent.com/microsoft/OpenEduAnalytics/main/modules/module_catalog/Microsoft_Education_Insights/test_data/hed_test_data/roster/2022-01-28T06-16-22/RefDefinition/refdefinition.csv\",\"sinkDirectory\":\"M365/roster\",\"sinkFilename\":\"RefDefinition/RefDefinition_hed_test_data.csv\"},{\"URL\":\"https://raw.githubusercontent.com/microsoft/OpenEduAnalytics/main/modules/module_catalog/Microsoft_Education_Insights/test_data/hed_test_data/roster/2022-01-28T06-16-22/RefTranslation/reftranslation.csv\",\"sinkDirectory\":\"M365/roster\",\"sinkFilename\":\"RefTranslation/RefTranslation_hed_test_data.csv\"},{\"URL\":\"https://raw.githubusercontent.com/microsoft/OpenEduAnalytics/main/modules/module_catalog/Microsoft_Education_Insights/test_data/hed_test_data/roster/2022-01-28T06-16-22/Section/section.csv\",\"sinkDirectory\":\"M365/roster\",\"sinkFilename\":\"Section/Section_hed_test_data.csv\"},{\"URL\":\"https://raw.githubusercontent.com/microsoft/OpenEduAnalytics/main/modules/module_catalog/Microsoft_Education_Insights/test_data/hed_test_data/roster/2022-01-28T06-16-22/SectionGradeLevel/sectiongradelevel.csv\",\"sinkDirectory\":\"M365/roster\",\"sinkFilename\":\"SectionGradeLevel/SectionGradeLevel_hed_test_data.csv\"},{\"URL\":\"https://raw.githubusercontent.com/microsoft/OpenEduAnalytics/main/modules/module_catalog/Microsoft_Education_Insights/test_data/hed_test_data/roster/2022-01-28T06-16-22/SectionSession/sectionsession.csv\",\"sinkDirectory\":\"M365/roster\",\"sinkFilename\":\"SectionSession/SectionSession_hed_test_data.csv\"},{\"URL\":\"https://raw.githubusercontent.com/microsoft/OpenEduAnalytics/main/modules/module_catalog/Microsoft_Education_Insights/test_data/hed_test_data/roster/2022-01-28T06-16-22/SectionSubject/sectionsubject.csv\",\"sinkDirectory\":\"M365/roster\",\"sinkFilename\":\"SectionSubject/SectionSubject_hed_test_data.csv\"},{\"URL\":\"https://raw.githubusercontent.com/microsoft/OpenEduAnalytics/main/modules/module_catalog/Microsoft_Education_Insights/test_data/hed_test_data/roster/2022-01-28T06-16-22/Session/session.csv\",\"sinkDirectory\":\"M365/roster\",\"sinkFilename\":\"Session/Session_hed_test_data.csv\"},{\"URL\":\"https://raw.githubusercontent.com/microsoft/OpenEduAnalytics/main/modules/module_catalog/Microsoft_Education_Insights/test_data/hed_test_data/roster/2022-01-28T06-16-22/SourceSystem/sourcesystem.csv\",\"sinkDirectory\":\"M365/roster\",\"sinkFilename\":\"SourceSystem/SourceSystem_hed_test_data.csv\"}]')","type":"Expression"},"endpointsSet2":{"value":"@json('[{\"URL\":\"https://raw.githubusercontent.com/microsoft/OpenEduAnalytics/main/modules/module_catalog/Microsoft_Education_Insights/test_data/hed_test_data/schema/activity.v0.1.0.cdm.json\",\"sinkDirectory\":\"M365/schema\",\"sinkFilename\":\"activity.v0.1.0.cdm.json\"},{\"URL\":\"https://raw.githubusercontent.com/microsoft/OpenEduAnalytics/main/modules/module_catalog/Microsoft_Education_Insights/test_data/hed_test_data/schema/roster.v0.3.2.cdm.json\",\"sinkDirectory\":\"M365/schema\",\"sinkFilename\":\"roster.v0.3.2.cdm.json\"},{\"URL\":\"https://raw.githubusercontent.com/microsoft/OpenEduAnalytics/main/modules/module_catalog/Microsoft_Education_Insights/test_data/hed_test_data/current.manifest.cdm.json\",\"sinkDirectory\":\"M365\",\"sinkFilename\":\"current.manifest.cdm.json\"}]')","type":"Expression"},"endpointsSet3":{"value":"@json('[{\"URL\":\"https://raw.githubusercontent.com/microsoft/OpenEduAnalytics/main/modules/module_catalog/Microsoft_Education_Insights/test_data/hed_test_data/roster/2022-01-28T06-16-22/snapshot.roster.manifest.cdm.json\",\"sinkDirectory\":\"M365/roster\",\"sinkFilename\":\"snapshot.roster.manifest.cdm.json\"}]')","type":"Expression"},"endpointsSet4":{"value":"@json('[{\"URL\":\"https://raw.githubusercontent.com/microsoft/OpenEduAnalytics/main/modules/module_catalog/Microsoft_Education_Insights/test_data/hed_test_data/activity/2022-01-28/ApplicationUsage.csv\",\"sinkDirectory\":\"M365/activity\",\"sinkFilename\":\"ApplicationUsage_hed_test_data.csv\"}]')","type":"Expression"},"sinkFilesystem":"stage1np","timezone":"Central Standard Time"}}}]}}],"policy":{"elapsedTimeMetric":{},"cancelAfter":{}},"parameters":{"pull_k12_test_data":{"type":"bool","defaultValue":true},"pull_hed_test_data":{"type":"bool","defaultValue":false},"storageAccount":{"type":"string","defaultValue":"stoeacisd3v06kw2"},"sourceDirectory":{"type":"string","defaultValue":"M365"},"create_sql_db":{"type":"bool","defaultValue":true},"create_lake_db":{"type":"bool","defaultValue":true}},"folder":{"name":"Insights Module"},"annotations":[],"lastPublishTime":"2022-10-13T17:46:55Z"},"dependsOn":["[concat(variables('workspaceId'), '/notebooks/Insights_module_ingestion')]","[concat(variables('workspaceId'), '/pipelines/create_sql_db1')]","[concat(variables('workspaceId'), '/pipelines/create_lake_db1')]","[concat(variables('workspaceId'), '/pipelines/insights_copy_k12_test_data')]","[concat(variables('workspaceId'), '/pipelines/insights_copy_hed_test_data')]"]},{"name":"[concat(parameters('workspaceName'), '/Insights_module_ingestion')]","type":"Microsoft.Synapse/workspaces/notebooks","apiVersion":"2019-06-01-preview","properties":{"folder":{"name":"Insights Module"},"nbformat":4,"nbformat_minor":2,"bigDataPool":{"referenceName":"spark3p1sm","type":"BigDataPoolReference"},"sessionProperties":{"driverMemory":"28g","driverCores":4,"executorMemory":"28g","executorCores":4,"numExecutors":2,"runAsWorkspaceSystemIdentity":false,"conf":{"spark.dynamicAllocation.enabled":"false","spark.dynamicAllocation.minExecutors":"2","spark.dynamicAllocation.maxExecutors":"2","spark.autotune.trackingId":"37fc4ab3-ddb5-4d3d-9ffc-048474cc860e"}},"metadata":{"saveOutput":true,"synapse_widget":{"version":"0.1","state":{}},"enableDebugMode":false,"kernelspec":{"name":"synapse_pyspark","display_name":"Synapse PySpark"},"language_info":{"name":"python"},"a365ComputeOptions":{"id":"/subscriptions/7b9a4896-4541-483f-bdc7-d8f4ec6be3ee/resourceGroups/rg-oea-cisd3v06kw2/providers/Microsoft.Synapse/workspaces/syn-oea-cisd3v06kw2/bigDataPools/spark3p1sm","name":"spark3p1sm","type":"Spark","endpoint":"https://syn-oea-cisd3v06kw2.dev.azuresynapse.net/livyApi/versions/2019-11-01-preview/sparkPools/spark3p1sm","auth":{"type":"AAD","authResource":"https://dev.azuresynapse.net","authHeader":null},"sparkVersion":"3.1","nodeCount":3,"cores":4,"memory":28,"extraHeader":null},"sessionKeepAliveTimeout":30},"cells":[{"cell_type":"markdown","metadata":{"nteract":{"transient":{"deleting":false}}},"source":["# Microsoft Insights Module Example Notebook"]},{"cell_type":"code","metadata":{"jupyter":{"source_hidden":false,"outputs_hidden":false},"nteract":{"transient":{"deleting":false}}},"source":["%run /OEA_py"],"outputs":[{"output_type":"display_data","data":{"application/vnd.livy.statement-meta+json":{"spark_pool":null,"session_id":"60","statement_id":-1,"state":"finished","livy_statement_state":"available","queued_time":"2022-10-05T17:02:52.3002933Z","session_start_time":null,"execution_start_time":"2022-10-05T17:11:10.1787155Z","execution_finish_time":"2022-10-05T17:11:10.1792535Z","spark_jobs":null},"text/plain":"StatementMeta(, 60, -1, Finished, Available)"},"metadata":{}},{"name":"stdout","output_type":"stream","text":"2022-10-05 17:11:08,092 - OEA - DEBUG - OEA initialized.\nOEA initialized.\n"}],"execution_count":1},{"cell_type":"code","metadata":{"jupyter":{"source_hidden":false,"outputs_hidden":false},"nteract":{"transient":{"deleting":false}}},"source":["%run /Insights_py"],"outputs":[{"output_type":"display_data","data":{"application/vnd.livy.statement-meta+json":{"spark_pool":null,"session_id":"60","statement_id":-1,"state":"finished","livy_statement_state":"available","queued_time":"2022-10-05T17:02:52.3051493Z","session_start_time":null,"execution_start_time":"2022-10-05T17:11:12.8318348Z","execution_finish_time":"2022-10-05T17:11:12.8320917Z","spark_jobs":null},"text/plain":"StatementMeta(, 60, -1, Finished, Available)"},"metadata":{}}],"execution_count":2},{"cell_type":"code","metadata":{"jupyter":{"source_hidden":false,"outputs_hidden":false},"nteract":{"transient":{"deleting":false}}},"source":["# 0) Initialize the OEA framework and Insights module class notebook.\r\n","oea = OEA()\r\n","insights = Insights()"],"outputs":[{"output_type":"display_data","data":{"application/vnd.livy.statement-meta+json":{"spark_pool":"sparkMed","session_id":"60","statement_id":3,"state":"finished","livy_statement_state":"available","queued_time":"2022-10-05T17:02:52.3112432Z","session_start_time":null,"execution_start_time":"2022-10-05T17:11:12.9606509Z","execution_finish_time":"2022-10-05T17:11:19.8420273Z","spark_jobs":null},"text/plain":"StatementMeta(sparkMed, 60, 3, Finished, Available)"},"metadata":{}},{"name":"stdout","output_type":"stream","text":"2022-10-05 17:11:19,630 - OEA - DEBUG - OEA initialized.\n2022-10-05 17:11:19,630 - OEA - DEBUG - OEA initialized.\nOEA initialized.\n"}],"execution_count":3},{"cell_type":"code","metadata":{"jupyter":{"source_hidden":false,"outputs_hidden":false},"nteract":{"transient":{"deleting":false}}},"source":["insights.ingest()"],"outputs":[{"output_type":"display_data","data":{"application/vnd.livy.statement-meta+json":{"spark_pool":"sparkMed","session_id":"60","statement_id":4,"state":"finished","livy_statement_state":"available","queued_time":"2022-10-05T17:02:52.3165892Z","session_start_time":null,"execution_start_time":"2022-10-05T17:11:19.9924844Z","execution_finish_time":"2022-10-05T17:13:04.7956983Z","spark_jobs":null},"text/plain":"StatementMeta(sparkMed, 60, 4, Finished, Available)"},"metadata":{}},{"name":"stdout","output_type":"stream","text":"2022-10-05 17:11:19,997 - OEA - INFO - Processing microsoft_insights data from: abfss://stage1np@stoeacisd3v06kw2.dfs.core.windows.net/M365\n2022-10-05 17:11:19,997 - OEA - INFO - Processing microsoft_insights data from: abfss://stage1np@stoeacisd3v06kw2.dfs.core.windows.net/M365\nProcessing microsoft_insights data from: abfss://stage1np@stoeacisd3v06kw2.dfs.core.windows.net/M365\n2022-10-05 17:11:20,030 - OEA - INFO - Processing ms_insights activity data from: abfss://stage1np@stoeacisd3v06kw2.dfs.core.windows.net/M365/activity\n2022-10-05 17:11:20,030 - OEA - INFO - Processing ms_insights activity data from: abfss://stage1np@stoeacisd3v06kw2.dfs.core.windows.net/M365/activity\nProcessing ms_insights activity data from: abfss://stage1np@stoeacisd3v06kw2.dfs.core.windows.net/M365/activity\n2022-10-05 17:11:35,466 - OEA - INFO - {'id': 'afd140fe-4c97-48a9-955c-85f8e8fc35e4', 'runId': '5b0532ba-f164-425c-be54-e789be9a0ee4', 'name': None, 'timestamp': '2022-10-05T17:11:21.369Z', 'batchId': 0, 'numInputRows': 52571, 'inputRowsPerSecond': 0.0, 'processedRowsPerSecond': 3741.9745177592713, 'durationMs': {'addBatch': 13096, 'getBatch': 78, 'latestOffset': 283, 'queryPlanning': 81, 'triggerExecution': 14048, 'walCommit': 211}, 'stateOperators': [{'numRowsTotal': 52571, 'numRowsUpdated': 52571, 'memoryUsedBytes': 13876784, 'numRowsDroppedByWatermark': 0, 'customMetrics': {'loadedMapCacheHitCount': 0, 'loadedMapCacheMissCount': 0, 'stateOnCurrentVersionSizeBytes': 13835184}}], 'sources': [{'description': 'FileStreamSource[abfss://stage1np@stoeacisd3v06kw2.dfs.core.windows.net/M365/activity/*/*.csv]', 'startOffset': None, 'endOffset': {'logOffset': 0}, 'numInputRows': 52571, 'inputRowsPerSecond': 0.0, 'processedRowsPerSecond': 3741.9745177592713}], 'sink': {'description': 'DeltaSink[abfss://stage2p@stoeacisd3v06kw2.dfs.core.windows.net/M365/TechActivity_pseudo]', 'numOutputRows': -1}}\n2022-10-05 17:11:35,466 - OEA - INFO - {'id': 'afd140fe-4c97-48a9-955c-85f8e8fc35e4', 'runId': '5b0532ba-f164-425c-be54-e789be9a0ee4', 'name': None, 'timestamp': '2022-10-05T17:11:21.369Z', 'batchId': 0, 'numInputRows': 52571, 'inputRowsPerSecond': 0.0, 'processedRowsPerSecond': 3741.9745177592713, 'durationMs': {'addBatch': 13096, 'getBatch': 78, 'latestOffset': 283, 'queryPlanning': 81, 'triggerExecution': 14048, 'walCommit': 211}, 'stateOperators': [{'numRowsTotal': 52571, 'numRowsUpdated': 52571, 'memoryUsedBytes': 13876784, 'numRowsDroppedByWatermark': 0, 'customMetrics': {'loadedMapCacheHitCount': 0, 'loadedMapCacheMissCount': 0, 'stateOnCurrentVersionSizeBytes': 13835184}}], 'sources': [{'description': 'FileStreamSource[abfss://stage1np@stoeacisd3v06kw2.dfs.core.windows.net/M365/activity/*/*.csv]', 'startOffset': None, 'endOffset': {'logOffset': 0}, 'numInputRows': 52571, 'inputRowsPerSecond': 0.0, 'processedRowsPerSecond': 3741.9745177592713}], 'sink': {'description': 'DeltaSink[abfss://stage2p@stoeacisd3v06kw2.dfs.core.windows.net/M365/TechActivity_pseudo]', 'numOutputRows': -1}}\n{'id': 'afd140fe-4c97-48a9-955c-85f8e8fc35e4', 'runId': '5b0532ba-f164-425c-be54-e789be9a0ee4', 'name': None, 'timestamp': '2022-10-05T17:11:21.369Z', 'batchId': 0, 'numInputRows': 52571, 'inputRowsPerSecond': 0.0, 'processedRowsPerSecond': 3741.9745177592713, 'durationMs': {'addBatch': 13096, 'getBatch': 78, 'latestOffset': 283, 'queryPlanning': 81, 'triggerExecution': 14048, 'walCommit': 211}, 'stateOperators': [{'numRowsTotal': 52571, 'numRowsUpdated': 52571, 'memoryUsedBytes': 13876784, 'numRowsDroppedByWatermark': 0, 'customMetrics': {'loadedMapCacheHitCount': 0, 'loadedMapCacheMissCount': 0, 'stateOnCurrentVersionSizeBytes': 13835184}}], 'sources': [{'description': 'FileStreamSource[abfss://stage1np@stoeacisd3v06kw2.dfs.core.windows.net/M365/activity/*/*.csv]', 'startOffset': None, 'endOffset': {'logOffset': 0}, 'numInputRows': 52571, 'inputRowsPerSecond': 0.0, 'processedRowsPerSecond': 3741.9745177592713}], 'sink': {'description': 'DeltaSink[abfss://stage2p@stoeacisd3v06kw2.dfs.core.windows.net/M365/TechActivity_pseudo]', 'numOutputRows': -1}}\n2022-10-05 17:11:45,821 - OEA - INFO - {'id': '239e0185-cdc2-4439-8fe8-0dfa862cb738', 'runId': '48485bc6-3cfa-411e-8ea6-e40145fbea1b', 'name': None, 'timestamp': '2022-10-05T17:11:36.110Z', 'batchId': 0, 'numInputRows': 52571, 'inputRowsPerSecond': 0.0, 'processedRowsPerSecond': 5416.898505924781, 'durationMs': {'addBatch': 8828, 'getBatch': 61, 'latestOffset': 307, 'queryPlanning': 40, 'triggerExecution': 9705, 'walCommit': 227}, 'stateOperators': [{'numRowsTotal': 52571, 'numRowsUpdated': 52571, 'memoryUsedBytes': 13876784, 'numRowsDroppedByWatermark': 0, 'customMetrics': {'loadedMapCacheHitCount': 0, 'loadedMapCacheMissCount': 0, 'stateOnCurrentVersionSizeBytes': 13835184}}], 'sources': [{'description': 'FileStreamSource[abfss://stage1np@stoeacisd3v06kw2.dfs.core.windows.net/M365/activity/*/*.csv]', 'startOffset': None, 'endOffset': {'logOffset': 0}, 'numInputRows': 52571, 'inputRowsPerSecond': 0.0, 'processedRowsPerSecond': 5416.898505924781}], 'sink': {'description': 'DeltaSink[abfss://stage2np@stoeacisd3v06kw2.dfs.core.windows.net/M365/TechActivity_lookup]', 'numOutputRows': -1}}\n2022-10-05 17:11:45,821 - OEA - INFO - {'id': '239e0185-cdc2-4439-8fe8-0dfa862cb738', 'runId': '48485bc6-3cfa-411e-8ea6-e40145fbea1b', 'name': None, 'timestamp': '2022-10-05T17:11:36.110Z', 'batchId': 0, 'numInputRows': 52571, 'inputRowsPerSecond': 0.0, 'processedRowsPerSecond': 5416.898505924781, 'durationMs': {'addBatch': 8828, 'getBatch': 61, 'latestOffset': 307, 'queryPlanning': 40, 'triggerExecution': 9705, 'walCommit': 227}, 'stateOperators': [{'numRowsTotal': 52571, 'numRowsUpdated': 52571, 'memoryUsedBytes': 13876784, 'numRowsDroppedByWatermark': 0, 'customMetrics': {'loadedMapCacheHitCount': 0, 'loadedMapCacheMissCount': 0, 'stateOnCurrentVersionSizeBytes': 13835184}}], 'sources': [{'description': 'FileStreamSource[abfss://stage1np@stoeacisd3v06kw2.dfs.core.windows.net/M365/activity/*/*.csv]', 'startOffset': None, 'endOffset': {'logOffset': 0}, 'numInputRows': 52571, 'inputRowsPerSecond': 0.0, 'processedRowsPerSecond': 5416.898505924781}], 'sink': {'description': 'DeltaSink[abfss://stage2np@stoeacisd3v06kw2.dfs.core.windows.net/M365/TechActivity_lookup]', 'numOutputRows': -1}}\n{'id': '239e0185-cdc2-4439-8fe8-0dfa862cb738', 'runId': '48485bc6-3cfa-411e-8ea6-e40145fbea1b', 'name': None, 'timestamp': '2022-10-05T17:11:36.110Z', 'batchId': 0, 'numInputRows': 52571, 'inputRowsPerSecond': 0.0, 'processedRowsPerSecond': 5416.898505924781, 'durationMs': {'addBatch': 8828, 'getBatch': 61, 'latestOffset': 307, 'queryPlanning': 40, 'triggerExecution': 9705, 'walCommit': 227}, 'stateOperators': [{'numRowsTotal': 52571, 'numRowsUpdated': 52571, 'memoryUsedBytes': 13876784, 'numRowsDroppedByWatermark': 0, 'customMetrics': {'loadedMapCacheHitCount': 0, 'loadedMapCacheMissCount': 0, 'stateOnCurrentVersionSizeBytes': 13835184}}], 'sources': [{'description': 'FileStreamSource[abfss://stage1np@stoeacisd3v06kw2.dfs.core.windows.net/M365/activity/*/*.csv]', 'startOffset': None, 'endOffset': {'logOffset': 0}, 'numInputRows': 52571, 'inputRowsPerSecond': 0.0, 'processedRowsPerSecond': 5416.898505924781}], 'sink': {'description': 'DeltaSink[abfss://stage2np@stoeacisd3v06kw2.dfs.core.windows.net/M365/TechActivity_lookup]', 'numOutputRows': -1}}\n2022-10-05 17:11:45,823 - OEA - INFO - ignoring ingestion of the manifest json\n2022-10-05 17:11:45,823 - OEA - INFO - ignoring ingestion of the manifest json\nignoring ingestion of the manifest json\n2022-10-05 17:11:45,826 - OEA - INFO - Processing ms_insights roster snapshot data from: abfss://stage1np@stoeacisd3v06kw2.dfs.core.windows.net/M365/roster\n2022-10-05 17:11:45,826 - OEA - INFO - Processing ms_insights roster snapshot data from: abfss://stage1np@stoeacisd3v06kw2.dfs.core.windows.net/M365/roster\nProcessing ms_insights roster snapshot data from: abfss://stage1np@stoeacisd3v06kw2.dfs.core.windows.net/M365/roster\n2022-10-05 17:11:53,005 - OEA - INFO - No data to be written to stage2np\n2022-10-05 17:11:53,005 - OEA - INFO - No data to be written to stage2np\nNo data to be written to stage2np\n2022-10-05 17:12:00,220 - OEA - INFO - No data to be written to stage2np\n2022-10-05 17:12:00,220 - OEA - INFO - No data to be written to stage2np\nNo data to be written to stage2np\n2022-10-05 17:12:02,564 - OEA - INFO - No data to be written to stage2np\n2022-10-05 17:12:02,564 - OEA - INFO - No data to be written to stage2np\nNo data to be written to stage2np\n2022-10-05 17:12:04,666 - OEA - INFO - No data to be written to stage2np\n2022-10-05 17:12:04,666 - OEA - INFO - No data to be written to stage2np\nNo data to be written to stage2np\n2022-10-05 17:12:06,786 - OEA - INFO - No data to be written to stage2np\n2022-10-05 17:12:06,786 - OEA - INFO - No data to be written to stage2np\nNo data to be written to stage2np\n2022-10-05 17:12:09,103 - OEA - INFO - No data to be written to stage2np\n2022-10-05 17:12:09,103 - OEA - INFO - No data to be written to stage2np\nNo data to be written to stage2np\n2022-10-05 17:12:11,235 - OEA - INFO - No data to be written to stage2np\n2022-10-05 17:12:11,235 - OEA - INFO - No data to be written to stage2np\nNo data to be written to stage2np\n2022-10-05 17:12:50,127 - OEA - INFO - No data to be written to stage2np\n2022-10-05 17:12:50,127 - OEA - INFO - No data to be written to stage2np\nNo data to be written to stage2np\n2022-10-05 17:12:52,216 - OEA - INFO - No data to be written to stage2np\n2022-10-05 17:12:52,216 - OEA - INFO - No data to be written to stage2np\nNo data to be written to stage2np\n2022-10-05 17:12:54,293 - OEA - INFO - No data to be written to stage2np\n2022-10-05 17:12:54,293 - OEA - INFO - No data to be written to stage2np\nNo data to be written to stage2np\n2022-10-05 17:12:56,284 - OEA - INFO - No data to be written to stage2np\n2022-10-05 17:12:56,284 - OEA - INFO - No data to be written to stage2np\nNo data to be written to stage2np\n2022-10-05 17:12:58,296 - OEA - INFO - No data to be written to stage2np\n2022-10-05 17:12:58,296 - OEA - INFO - No data to be written to stage2np\nNo data to be written to stage2np\n2022-10-05 17:13:00,363 - OEA - INFO - No data to be written to stage2np\n2022-10-05 17:13:00,363 - OEA - INFO - No data to be written to stage2np\nNo data to be written to stage2np\n2022-10-05 17:13:02,370 - OEA - INFO - No data to be written to stage2np\n2022-10-05 17:13:02,370 - OEA - INFO - No data to be written to stage2np\nNo data to be written to stage2np\n2022-10-05 17:13:04,359 - OEA - INFO - No data to be written to stage2np\n2022-10-05 17:13:04,359 - OEA - INFO - No data to be written to stage2np\nNo data to be written to stage2np\n2022-10-05 17:13:04,362 - OEA - INFO - No defined function for processing this insights data\n2022-10-05 17:13:04,362 - OEA - INFO - No defined function for processing this insights data\nNo defined function for processing this insights data\n2022-10-05 17:13:04,363 - OEA - INFO - Finished ingesting insights data from stage 1 to stage 2\n2022-10-05 17:13:04,363 - OEA - INFO - Finished ingesting insights data from stage 1 to stage 2\nFinished ingesting insights data from stage 1 to stage 2\n"}],"execution_count":4}]},"dependsOn":[]},{"name":"[concat(parameters('workspaceName'), '/create_sql_db1')]","type":"Microsoft.Synapse/workspaces/pipelines","apiVersion":"2019-06-01-preview","properties":{"activities":[{"name":"set sqlDBName","type":"SetVariable","dependsOn":[],"userProperties":[],"typeProperties":{"variableName":"sqlDBName","value":{"value":"sqls@{pipeline().parameters.stage}_@{pipeline().parameters.sourceDirectory}","type":"Expression"}}},{"name":"Stored procedure1","type":"SqlServerStoredProcedure","dependsOn":[{"activity":"set sqlDBName","dependencyConditions":["Succeeded"]}],"policy":{"timeout":"7.00:00:00","retry":0,"retryIntervalInSeconds":30,"secureOutput":false,"secureInput":false},"userProperties":[],"typeProperties":{"storedProcedureName":"[[dbo].[sp_executesql]","storedProcedureParameters":{"command":{"value":{"value":"IF NOT EXISTS (SELECT * FROM sys.databases WHERE name = '@{variables('sqlDBName')}') \nBEGIN\n  CREATE DATABASE @{variables('sqlDBName')}; \nEND;","type":"Expression"},"type":"String"}}},"linkedServiceName":{"referenceName":"[parameters('LS_SQL_Serverless_OEA')]","type":"LinkedServiceReference","parameters":{"dbName":"master"}}},{"name":"get folders in stageXp","type":"GetMetadata","dependsOn":[{"activity":"Stored procedure1","dependencyConditions":["Succeeded"]}],"policy":{"timeout":"7.00:00:00","retry":0,"retryIntervalInSeconds":30,"secureOutput":false,"secureInput":false},"userProperties":[],"typeProperties":{"dataset":{"referenceName":"DS_ADLS_binary_folder5","type":"DatasetReference","parameters":{"filesystem":{"value":"stage@{pipeline().parameters.stage}p","type":"Expression"},"directory":{"value":"@pipeline().parameters.sourceDirectory","type":"Expression"}}},"fieldList":["childItems"],"storeSettings":{"type":"AzureBlobFSReadSettings","recursive":true,"enablePartitionDiscovery":false},"formatSettings":{"type":"BinaryReadSettings"}}},{"name":"ForEach1","type":"ForEach","dependsOn":[{"activity":"get folders in stageXp","dependencyConditions":["Succeeded"]}],"userProperties":[],"typeProperties":{"items":{"value":"@activity('get folders in stageXp').output.childItems","type":"Expression"},"activities":[{"name":"create or alter view for pseduonymized tables","type":"SqlServerStoredProcedure","dependsOn":[],"policy":{"timeout":"7.00:00:00","retry":0,"retryIntervalInSeconds":30,"secureOutput":false,"secureInput":false},"userProperties":[{"name":"command","value":"CREATE OR ALTER VIEW @{item().name} AS SELECT * FROM OPENROWSET( BULK 'https://@{pipeline().parameters.storageAccount}.dfs.core.windows.net/stage@{pipeline().parameters.stage}p/@{pipeline().parameters.sourceDirectory}/@{item().name}', FORMAT='DELTA' ) AS [r]"}],"typeProperties":{"storedProcedureName":"[[dbo].[sp_executesql]","storedProcedureParameters":{"command":{"value":{"value":"CREATE OR ALTER VIEW @{item().name} AS\nSELECT * FROM OPENROWSET(\nBULK 'https://@{pipeline().parameters.storageAccount}.dfs.core.windows.net/stage@{pipeline().parameters.stage}p/@{pipeline().parameters.sourceDirectory}/@{item().name}',\nFORMAT='DELTA'\n) AS [r]","type":"Expression"},"type":"String"}}},"linkedServiceName":{"referenceName":"[parameters('LS_SQL_Serverless_OEA')]","type":"LinkedServiceReference","parameters":{"dbName":{"value":"@variables('sqlDBName')","type":"Expression"}}}}]}},{"name":"get folders in stageXnp","type":"GetMetadata","dependsOn":[{"activity":"Stored procedure1","dependencyConditions":["Succeeded"]}],"policy":{"timeout":"7.00:00:00","retry":0,"retryIntervalInSeconds":30,"secureOutput":false,"secureInput":false},"userProperties":[],"typeProperties":{"dataset":{"referenceName":"DS_ADLS_binary_folder5","type":"DatasetReference","parameters":{"filesystem":{"value":"stage@{pipeline().parameters.stage}np","type":"Expression"},"directory":{"value":"@pipeline().parameters.sourceDirectory","type":"Expression"}}},"fieldList":["childItems"],"storeSettings":{"type":"AzureBlobFSReadSettings","recursive":true,"enablePartitionDiscovery":false},"formatSettings":{"type":"BinaryReadSettings"}}},{"name":"ForEach2","type":"ForEach","dependsOn":[{"activity":"get folders in stageXnp","dependencyConditions":["Succeeded"]}],"userProperties":[],"typeProperties":{"items":{"value":"@activity('get folders in stageXnp').output.childItems","type":"Expression"},"activities":[{"name":"create or alter view for lookup tables","type":"SqlServerStoredProcedure","dependsOn":[],"policy":{"timeout":"7.00:00:00","retry":0,"retryIntervalInSeconds":30,"secureOutput":false,"secureInput":false},"userProperties":[{"name":"command","value":"CREATE OR ALTER VIEW @{item().name} AS SELECT * FROM OPENROWSET( BULK 'https://@{pipeline().parameters.storageAccount}.dfs.core.windows.net/stage@{pipeline().parameters.stage}p/@{pipeline().parameters.sourceDirectory}/@{item().name}', FORMAT='DELTA' ) AS [r]"}],"typeProperties":{"storedProcedureName":"[[dbo].[sp_executesql]","storedProcedureParameters":{"command":{"value":{"value":"CREATE OR ALTER VIEW @{item().name} AS\nSELECT * FROM OPENROWSET(\nBULK 'https://@{pipeline().parameters.storageAccount}.dfs.core.windows.net/stage@{pipeline().parameters.stage}np/@{pipeline().parameters.sourceDirectory}/@{item().name}',\nFORMAT='DELTA'\n) AS [r]","type":"Expression"},"type":"String"}}},"linkedServiceName":{"referenceName":"[parameters('LS_SQL_Serverless_OEA')]","type":"LinkedServiceReference","parameters":{"dbName":{"value":"@variables('sqlDBName')","type":"Expression"}}}}]}}],"policy":{"elapsedTimeMetric":{},"cancelAfter":{}},"parameters":{"storageAccount":{"type":"string","defaultValue":"stoeacisd3gg1"},"sourceDirectory":{"type":"string","defaultValue":"contoso_sis"},"stage":{"type":"string","defaultValue":"2"}},"variables":{"sqlDBName":{"type":"String","defaultValue":"sqls2_mydb"}},"folder":{"name":"OEA_Framework/Ingest"},"annotations":[],"lastPublishTime":"2022-08-17T17:06:15Z"},"dependsOn":["[concat(variables('workspaceId'), '/datasets/DS_ADLS_binary_folder5')]"]},{"name":"[concat(parameters('workspaceName'), '/create_lake_db1')]","type":"Microsoft.Synapse/workspaces/pipelines","apiVersion":"2019-06-01-preview","properties":{"activities":[{"name":"create_lake_db","type":"SynapseNotebook","dependsOn":[],"policy":{"timeout":"7.00:00:00","retry":0,"retryIntervalInSeconds":30,"secureOutput":false,"secureInput":false},"userProperties":[{"name":"kwargs","value":"{'stage_num':@{pipeline().parameters.stageNum},'source_dir':@{pipeline().parameters.sourceDirectory}"}],"typeProperties":{"notebook":{"referenceName":"OEA_connector","type":"NotebookReference"},"parameters":{"object_name":{"value":"oea","type":"string"},"method_name":{"value":"create_lake_db","type":"string"},"kwargs":{"value":{"value":"{'stage_num':@{pipeline().parameters.stageNum},'source_dir':'@{pipeline().parameters.sourceDirectory}'}","type":"Expression"},"type":"string"}},"conf":{"spark.dynamicAllocation.enabled":null,"spark.dynamicAllocation.minExecutors":null,"spark.dynamicAllocation.maxExecutors":null},"numExecutors":null}}],"policy":{"elapsedTimeMetric":{},"cancelAfter":{}},"parameters":{"stageNum":{"type":"string","defaultValue":"2"},"sourceDirectory":{"type":"string","defaultValue":"contoso_sis"}},"folder":{"name":"OEA_Framework/Ingest"},"annotations":[],"lastPublishTime":"2022-10-19T17:41:50Z"},"dependsOn":["[concat(variables('workspaceId'), '/notebooks/OEA_connector')]"]},{"name":"[concat(parameters('workspaceName'), '/insights_copy_k12_test_data')]","type":"Microsoft.Synapse/workspaces/pipelines","apiVersion":"2019-06-01-preview","properties":{"description":"Copy k-12 test data","activities":[{"name":"Set currentDateTime","type":"SetVariable","dependsOn":[],"userProperties":[],"typeProperties":{"variableName":"currentDateTime","value":{"value":"@{formatDateTime(convertTimeZone(utcnow(), 'UTC', pipeline().parameters.timezone), 'yyyy-MM-ddTHHmm_ss')}","type":"Expression"}}},{"name":"get data for each endpoint in set 1","type":"ForEach","dependsOn":[{"activity":"Set currentDateTime","dependencyConditions":["Succeeded"]},{"activity":"Set currentDate","dependencyConditions":["Succeeded"]}],"userProperties":[],"typeProperties":{"items":{"value":"@pipeline().parameters.endpointsSet1","type":"Expression"},"activities":[{"name":"ingest from url_set1","type":"Copy","dependsOn":[],"policy":{"timeout":"7.00:00:00","retry":0,"retryIntervalInSeconds":30,"secureOutput":false,"secureInput":false},"userProperties":[],"typeProperties":{"source":{"type":"BinarySource","storeSettings":{"type":"HttpReadSettings","requestMethod":"GET"},"formatSettings":{"type":"BinaryReadSettings"}},"sink":{"type":"BinarySink","storeSettings":{"type":"AzureBlobFSWriteSettings"}},"enableStaging":false},"inputs":[{"referenceName":"DS_HTTP_binary3","type":"DatasetReference","parameters":{"URL":{"value":"@item().URL","type":"Expression"}}}],"outputs":[{"referenceName":"DS_ADLS_binary_file4","type":"DatasetReference","parameters":{"filesystem":{"value":"@pipeline().parameters.sinkFilesystem","type":"Expression"},"filename":{"value":"@{item().sinkDirectory}/@{variables('currentDateTime')}/@{item().sinkFilename}","type":"Expression"}}}]}]}},{"name":"get data for each endpoint in set 2","type":"ForEach","dependsOn":[{"activity":"get data for each endpoint in set 1","dependencyConditions":["Succeeded"]}],"userProperties":[],"typeProperties":{"items":{"value":"@pipeline().parameters.endpointsSet2","type":"Expression"},"activities":[{"name":"ingest from url_set2","type":"Copy","dependsOn":[],"policy":{"timeout":"7.00:00:00","retry":0,"retryIntervalInSeconds":30,"secureOutput":false,"secureInput":false},"userProperties":[],"typeProperties":{"source":{"type":"BinarySource","storeSettings":{"type":"HttpReadSettings","requestMethod":"GET"},"formatSettings":{"type":"BinaryReadSettings"}},"sink":{"type":"BinarySink","storeSettings":{"type":"AzureBlobFSWriteSettings"}},"enableStaging":false},"inputs":[{"referenceName":"DS_HTTP_binary3","type":"DatasetReference","parameters":{"URL":{"value":"@item().URL","type":"Expression"}}}],"outputs":[{"referenceName":"DS_ADLS_binary_file4","type":"DatasetReference","parameters":{"filesystem":{"value":"@pipeline().parameters.sinkFilesystem","type":"Expression"},"filename":{"value":"@{item().sinkDirectory}/@{item().sinkFilename}","type":"Expression"}}}]}]}},{"name":"get data for each endpoint in set 3","type":"ForEach","dependsOn":[{"activity":"get data for each endpoint in set 2","dependencyConditions":["Succeeded"]}],"userProperties":[],"typeProperties":{"items":{"value":"@pipeline().parameters.endpointsSet3","type":"Expression"},"activities":[{"name":"ingest from url_set3","type":"Copy","dependsOn":[],"policy":{"timeout":"7.00:00:00","retry":0,"retryIntervalInSeconds":30,"secureOutput":false,"secureInput":false},"userProperties":[],"typeProperties":{"source":{"type":"BinarySource","storeSettings":{"type":"HttpReadSettings","requestMethod":"GET"},"formatSettings":{"type":"BinaryReadSettings"}},"sink":{"type":"BinarySink","storeSettings":{"type":"AzureBlobFSWriteSettings"}},"enableStaging":false},"inputs":[{"referenceName":"DS_HTTP_binary3","type":"DatasetReference","parameters":{"URL":{"value":"@item().URL","type":"Expression"}}}],"outputs":[{"referenceName":"DS_ADLS_binary_file4","type":"DatasetReference","parameters":{"filesystem":{"value":"@pipeline().parameters.sinkFilesystem","type":"Expression"},"filename":{"value":"@{item().sinkDirectory}/@{variables('currentDateTime')}/@{item().sinkFilename}","type":"Expression"}}}]}]}},{"name":"get data for each endpoint in set 4","type":"ForEach","dependsOn":[{"activity":"get data for each endpoint in set 3","dependencyConditions":["Succeeded"]}],"userProperties":[],"typeProperties":{"items":{"value":"@pipeline().parameters.endpointsSet4","type":"Expression"},"activities":[{"name":"ingest from url_set4","type":"Copy","dependsOn":[],"policy":{"timeout":"7.00:00:00","retry":0,"retryIntervalInSeconds":30,"secureOutput":false,"secureInput":false},"userProperties":[],"typeProperties":{"source":{"type":"BinarySource","storeSettings":{"type":"HttpReadSettings","requestMethod":"GET"},"formatSettings":{"type":"BinaryReadSettings"}},"sink":{"type":"BinarySink","storeSettings":{"type":"AzureBlobFSWriteSettings"}},"enableStaging":false},"inputs":[{"referenceName":"DS_HTTP_binary3","type":"DatasetReference","parameters":{"URL":{"value":"@item().URL","type":"Expression"}}}],"outputs":[{"referenceName":"DS_ADLS_binary_file4","type":"DatasetReference","parameters":{"filesystem":{"value":"@pipeline().parameters.sinkFilesystem","type":"Expression"},"filename":{"value":"@{item().sinkDirectory}/@{variables('currentDate')}/@{item().sinkFilename}","type":"Expression"}}}]}]}},{"name":"Set currentDate","type":"SetVariable","dependsOn":[],"userProperties":[],"typeProperties":{"variableName":"currentDate","value":{"value":"@{formatDateTime(convertTimeZone(utcnow(), 'UTC', pipeline().parameters.timezone), 'yyyy-MM-dd')}","type":"Expression"}}}],"policy":{"elapsedTimeMetric":{},"cancelAfter":{}},"parameters":{"endpointsSet1":{"type":"array","defaultValue":[{"URL":"https://raw.githubusercontent.com/microsoft/OpenEduAnalytics/main/modules/module_catalog/Microsoft_Education_Insights/test_data/k12_test_data/roster/2022-01-28T06-16-22/AadGroup/aadgroup.csv","sinkDirectory":"M365/roster","sinkFilename":"AadGroup/AadGroup_k12_test_data.csv"},{"URL":"https://raw.githubusercontent.com/microsoft/OpenEduAnalytics/main/modules/module_catalog/Microsoft_Education_Insights/test_data/k12_test_data/roster/2022-01-28T06-16-22/AadGroupMembership/aadgroupmembership.csv","sinkDirectory":"M365/roster","sinkFilename":"AadGroupMembership/AadGroupMembership_k12_test_data.csv"},{"URL":"https://raw.githubusercontent.com/microsoft/OpenEduAnalytics/main/modules/module_catalog/Microsoft_Education_Insights/test_data/k12_test_data/roster/2022-01-28T06-16-22/AadUser/aaduser.csv","sinkDirectory":"M365/roster","sinkFilename":"AadUser/AadUser_k12_test_data.csv"},{"URL":"https://raw.githubusercontent.com/microsoft/OpenEduAnalytics/main/modules/module_catalog/Microsoft_Education_Insights/test_data/k12_test_data/roster/2022-01-28T06-16-22/AadUserPersonMapping/aaduserpersonmapping.csv","sinkDirectory":"M365/roster","sinkFilename":"AadUserPersonMapping/AadUserPersonMapping_k12_test_data.csv"},{"URL":"https://raw.githubusercontent.com/microsoft/OpenEduAnalytics/main/modules/module_catalog/Microsoft_Education_Insights/test_data/k12_test_data/roster/2022-01-28T06-16-22/Course/course.csv","sinkDirectory":"M365/roster","sinkFilename":"Course/Course_k12_test_data.csv"},{"URL":"https://raw.githubusercontent.com/microsoft/OpenEduAnalytics/main/modules/module_catalog/Microsoft_Education_Insights/test_data/k12_test_data/roster/2022-01-28T06-16-22/CourseGradeLevel/coursegradelevel.csv","sinkDirectory":"M365/roster","sinkFilename":"CourseGradeLevel/CourseGradeLevel_k12_test_data.csv"},{"URL":"https://raw.githubusercontent.com/microsoft/OpenEduAnalytics/main/modules/module_catalog/Microsoft_Education_Insights/test_data/k12_test_data/roster/2022-01-28T06-16-22/CourseSubject/coursesubject.csv","sinkDirectory":"M365/roster","sinkFilename":"CourseSubject/CourseSubject_k12_test_data.csv"},{"URL":"https://raw.githubusercontent.com/microsoft/OpenEduAnalytics/main/modules/module_catalog/Microsoft_Education_Insights/test_data/k12_test_data/roster/2022-01-28T06-16-22/Enrollment/enrollment.csv","sinkDirectory":"M365/roster","sinkFilename":"Enrollment/Enrollment_k12_test_data.csv"},{"URL":"https://raw.githubusercontent.com/microsoft/OpenEduAnalytics/main/modules/module_catalog/Microsoft_Education_Insights/test_data/k12_test_data/roster/2022-01-28T06-16-22/Organization/organization.csv","sinkDirectory":"M365/roster","sinkFilename":"Organization/Organization_k12_test_data.csv"},{"URL":"https://raw.githubusercontent.com/microsoft/OpenEduAnalytics/main/modules/module_catalog/Microsoft_Education_Insights/test_data/k12_test_data/roster/2022-01-28T06-16-22/Person/person.csv","sinkDirectory":"M365/roster","sinkFilename":"Person/Person_k12_test_data.csv"},{"URL":"https://raw.githubusercontent.com/microsoft/OpenEduAnalytics/main/modules/module_catalog/Microsoft_Education_Insights/test_data/k12_test_data/roster/2022-01-28T06-16-22/PersonDemographic/persondemographic.csv","sinkDirectory":"M365/roster","sinkFilename":"PersonDemographic/PersonDemographic_k12_test_data.csv"},{"URL":"https://raw.githubusercontent.com/microsoft/OpenEduAnalytics/main/modules/module_catalog/Microsoft_Education_Insights/test_data/k12_test_data/roster/2022-01-28T06-16-22/PersonDemographicEthnicity/persondemographicethnicity.csv","sinkDirectory":"M365/roster","sinkFilename":"PersonDemographicEthnicity/PersonDemographicEthnicity_k12_test_data.csv"},{"URL":"https://raw.githubusercontent.com/microsoft/OpenEduAnalytics/main/modules/module_catalog/Microsoft_Education_Insights/test_data/k12_test_data/roster/2022-01-28T06-16-22/PersonDemographicPersonFlag/persondemographicpersonflag.csv","sinkDirectory":"M365/roster","sinkFilename":"PersonDemographicPersonFlag/PersonDemographicPersonFlag_k12_test_data.csv"},{"URL":"https://raw.githubusercontent.com/microsoft/OpenEduAnalytics/main/modules/module_catalog/Microsoft_Education_Insights/test_data/k12_test_data/roster/2022-01-28T06-16-22/PersonDemographicRace/persondemographicrace.csv","sinkDirectory":"M365/roster","sinkFilename":"PersonDemographicRace/PersonDemographicRace_k12_test_data.csv"},{"URL":"https://raw.githubusercontent.com/microsoft/OpenEduAnalytics/main/modules/module_catalog/Microsoft_Education_Insights/test_data/k12_test_data/roster/2022-01-28T06-16-22/PersonEmailAddress/personemailaddress.csv","sinkDirectory":"M365/roster","sinkFilename":"PersonEmailAddress/PersonEmailAddress_k12_test_data.csv"},{"URL":"https://raw.githubusercontent.com/microsoft/OpenEduAnalytics/main/modules/module_catalog/Microsoft_Education_Insights/test_data/k12_test_data/roster/2022-01-28T06-16-22/PersonIdentifier/personidentifier.csv","sinkDirectory":"M365/roster","sinkFilename":"PersonIdentifier/PersonIdentifier_k12_test_data.csv"},{"URL":"https://raw.githubusercontent.com/microsoft/OpenEduAnalytics/main/modules/module_catalog/Microsoft_Education_Insights/test_data/k12_test_data/roster/2022-01-28T06-16-22/PersonOrganizationRole/personorganizationrole.csv","sinkDirectory":"M365/roster","sinkFilename":"PersonOrganizationRole/PersonOrganizationRole_k12_test_data.csv"},{"URL":"https://raw.githubusercontent.com/microsoft/OpenEduAnalytics/main/modules/module_catalog/Microsoft_Education_Insights/test_data/k12_test_data/roster/2022-01-28T06-16-22/PersonPhoneNumber/personphonenumber.csv","sinkDirectory":"M365/roster","sinkFilename":"PersonPhoneNumber/PersonPhoneNumber_k12_test_data.csv"},{"URL":"https://raw.githubusercontent.com/microsoft/OpenEduAnalytics/main/modules/module_catalog/Microsoft_Education_Insights/test_data/k12_test_data/roster/2022-01-28T06-16-22/PersonRelationship/personrelationship.csv","sinkDirectory":"M365/roster","sinkFilename":"PersonRelationship/PersonRelationship_k12_test_data.csv"},{"URL":"https://raw.githubusercontent.com/microsoft/OpenEduAnalytics/main/modules/module_catalog/Microsoft_Education_Insights/test_data/k12_test_data/roster/2022-01-28T06-16-22/RefDefinition/refdefinition.csv","sinkDirectory":"M365/roster","sinkFilename":"RefDefinition/RefDefinition_k12_test_data.csv"},{"URL":"https://raw.githubusercontent.com/microsoft/OpenEduAnalytics/main/modules/module_catalog/Microsoft_Education_Insights/test_data/k12_test_data/roster/2022-01-28T06-16-22/RefTranslation/reftranslation.csv","sinkDirectory":"M365/roster","sinkFilename":"RefTranslation/RefTranslation_k12_test_data.csv"},{"URL":"https://raw.githubusercontent.com/microsoft/OpenEduAnalytics/main/modules/module_catalog/Microsoft_Education_Insights/test_data/k12_test_data/roster/2022-01-28T06-16-22/Section/section.csv","sinkDirectory":"M365/roster","sinkFilename":"Section/Section_k12_test_data.csv"},{"URL":"https://raw.githubusercontent.com/microsoft/OpenEduAnalytics/main/modules/module_catalog/Microsoft_Education_Insights/test_data/k12_test_data/roster/2022-01-28T06-16-22/SectionGradeLevel/sectiongradelevel.csv","sinkDirectory":"M365/roster","sinkFilename":"SectionGradeLevel/SectionGradeLevel_k12_test_data.csv"},{"URL":"https://raw.githubusercontent.com/microsoft/OpenEduAnalytics/main/modules/module_catalog/Microsoft_Education_Insights/test_data/k12_test_data/roster/2022-01-28T06-16-22/SectionSession/sectionsession.csv","sinkDirectory":"M365/roster","sinkFilename":"SectionSession/SectionSession_k12_test_data.csv"},{"URL":"https://raw.githubusercontent.com/microsoft/OpenEduAnalytics/main/modules/module_catalog/Microsoft_Education_Insights/test_data/k12_test_data/roster/2022-01-28T06-16-22/SectionSubject/sectionsubject.csv","sinkDirectory":"M365/roster","sinkFilename":"SectionSubject/SectionSubject_k12_test_data.csv"},{"URL":"https://raw.githubusercontent.com/microsoft/OpenEduAnalytics/main/modules/module_catalog/Microsoft_Education_Insights/test_data/k12_test_data/roster/2022-01-28T06-16-22/Session/session.csv","sinkDirectory":"M365/roster","sinkFilename":"Session/Session_k12_test_data.csv"},{"URL":"https://raw.githubusercontent.com/microsoft/OpenEduAnalytics/main/modules/module_catalog/Microsoft_Education_Insights/test_data/k12_test_data/roster/2022-01-28T06-16-22/SourceSystem/sourcesystem.csv","sinkDirectory":"M365/roster","sinkFilename":"SourceSystem/SourceSystem_k12_test_data.csv"}]},"endpointsSet2":{"type":"array","defaultValue":[{"URL":"https://raw.githubusercontent.com/microsoft/OpenEduAnalytics/main/modules/module_catalog/Microsoft_Education_Insights/test_data/k12_test_data/schema/activity.v0.1.0.cdm.json","sinkDirectory":"M365/schema","sinkFilename":"activity.v0.1.0.cdm.json"},{"URL":"https://raw.githubusercontent.com/microsoft/OpenEduAnalytics/main/modules/module_catalog/Microsoft_Education_Insights/test_data/k12_test_data/schema/roster.v0.3.2.cdm.json","sinkDirectory":"M365/schema","sinkFilename":"roster.v0.3.2.cdm.json"},{"URL":"https://raw.githubusercontent.com/microsoft/OpenEduAnalytics/main/modules/module_catalog/Microsoft_Education_Insights/test_data/k12_test_data/current.manifest.cdm.json","sinkDirectory":"M365","sinkFilename":"current.manifest.cdm.json"}]},"endpointsSet3":{"type":"array","defaultValue":[{"URL":"https://raw.githubusercontent.com/microsoft/OpenEduAnalytics/main/modules/module_catalog/Microsoft_Education_Insights/test_data/k12_test_data/roster/2022-01-28T06-16-22/snapshot.roster.manifest.cdm.json","sinkDirectory":"M365/roster","sinkFilename":"snapshot.roster.manifest.cdm.json"}]},"endpointsSet4":{"type":"array","defaultValue":[{"URL":"https://raw.githubusercontent.com/microsoft/OpenEduAnalytics/main/modules/module_catalog/Microsoft_Education_Insights/test_data/k12_test_data/activity/2022-01-28/ApplicationUsage.csv","sinkDirectory":"M365/activity","sinkFilename":"ApplicationUsage_k12_test_data.csv"}]},"sinkFilesystem":{"type":"string","defaultValue":"stage1np"},"timezone":{"type":"string","defaultValue":"Central Standard Time"}},"variables":{"currentDateTime":{"type":"String"},"currentDate":{"type":"String"}},"folder":{"name":"Insights Module/Extracts"},"annotations":[],"lastPublishTime":"2022-10-13T17:38:33Z"},"dependsOn":["[concat(variables('workspaceId'), '/datasets/DS_HTTP_binary3')]","[concat(variables('workspaceId'), '/datasets/DS_ADLS_binary_file4')]"]},{"name":"[concat(parameters('workspaceName'), '/insights_copy_hed_test_data')]","type":"Microsoft.Synapse/workspaces/pipelines","apiVersion":"2019-06-01-preview","properties":{"description":"Copy higher ed test data","activities":[{"name":"Set currentDateTime","type":"SetVariable","dependsOn":[],"userProperties":[],"typeProperties":{"variableName":"currentDateTime","value":{"value":"@{formatDateTime(convertTimeZone(utcnow(), 'UTC', pipeline().parameters.timezone), 'yyyy-MM-ddTHHmm_ss')}","type":"Expression"}}},{"name":"get data for each endpoint in set 1","type":"ForEach","dependsOn":[{"activity":"Set currentDateTime","dependencyConditions":["Succeeded"]},{"activity":"Set currentDate","dependencyConditions":["Succeeded"]}],"userProperties":[],"typeProperties":{"items":{"value":"@pipeline().parameters.endpointsSet1","type":"Expression"},"activities":[{"name":"ingest from url_set1","type":"Copy","dependsOn":[],"policy":{"timeout":"7.00:00:00","retry":0,"retryIntervalInSeconds":30,"secureOutput":false,"secureInput":false},"userProperties":[],"typeProperties":{"source":{"type":"BinarySource","storeSettings":{"type":"HttpReadSettings","requestMethod":"GET"},"formatSettings":{"type":"BinaryReadSettings"}},"sink":{"type":"BinarySink","storeSettings":{"type":"AzureBlobFSWriteSettings"}},"enableStaging":false},"inputs":[{"referenceName":"DS_HTTP_binary3","type":"DatasetReference","parameters":{"URL":{"value":"@item().URL","type":"Expression"}}}],"outputs":[{"referenceName":"DS_ADLS_binary_file4","type":"DatasetReference","parameters":{"filesystem":{"value":"@pipeline().parameters.sinkFilesystem","type":"Expression"},"filename":{"value":"@{item().sinkDirectory}/@{variables('currentDateTime')}/@{item().sinkFilename}","type":"Expression"}}}]}]}},{"name":"get data for each endpoint in set 2","type":"ForEach","dependsOn":[{"activity":"get data for each endpoint in set 1","dependencyConditions":["Succeeded"]}],"userProperties":[],"typeProperties":{"items":{"value":"@pipeline().parameters.endpointsSet2","type":"Expression"},"activities":[{"name":"ingest from url_set2","type":"Copy","dependsOn":[],"policy":{"timeout":"7.00:00:00","retry":0,"retryIntervalInSeconds":30,"secureOutput":false,"secureInput":false},"userProperties":[],"typeProperties":{"source":{"type":"BinarySource","storeSettings":{"type":"HttpReadSettings","requestMethod":"GET"},"formatSettings":{"type":"BinaryReadSettings"}},"sink":{"type":"BinarySink","storeSettings":{"type":"AzureBlobFSWriteSettings"}},"enableStaging":false},"inputs":[{"referenceName":"DS_HTTP_binary3","type":"DatasetReference","parameters":{"URL":{"value":"@item().URL","type":"Expression"}}}],"outputs":[{"referenceName":"DS_ADLS_binary_file4","type":"DatasetReference","parameters":{"filesystem":{"value":"@pipeline().parameters.sinkFilesystem","type":"Expression"},"filename":{"value":"@{item().sinkDirectory}/@{item().sinkFilename}","type":"Expression"}}}]}]}},{"name":"get data for each endpoint in set 3","type":"ForEach","dependsOn":[{"activity":"get data for each endpoint in set 2","dependencyConditions":["Succeeded"]}],"userProperties":[],"typeProperties":{"items":{"value":"@pipeline().parameters.endpointsSet3","type":"Expression"},"activities":[{"name":"ingest from url_set3","type":"Copy","dependsOn":[],"policy":{"timeout":"7.00:00:00","retry":0,"retryIntervalInSeconds":30,"secureOutput":false,"secureInput":false},"userProperties":[],"typeProperties":{"source":{"type":"BinarySource","storeSettings":{"type":"HttpReadSettings","requestMethod":"GET"},"formatSettings":{"type":"BinaryReadSettings"}},"sink":{"type":"BinarySink","storeSettings":{"type":"AzureBlobFSWriteSettings"}},"enableStaging":false},"inputs":[{"referenceName":"DS_HTTP_binary3","type":"DatasetReference","parameters":{"URL":{"value":"@item().URL","type":"Expression"}}}],"outputs":[{"referenceName":"DS_ADLS_binary_file4","type":"DatasetReference","parameters":{"filesystem":{"value":"@pipeline().parameters.sinkFilesystem","type":"Expression"},"filename":{"value":"@{item().sinkDirectory}/@{variables('currentDateTime')}/@{item().sinkFilename}","type":"Expression"}}}]}]}},{"name":"get data for each endpoint in set 4","type":"ForEach","dependsOn":[{"activity":"get data for each endpoint in set 3","dependencyConditions":["Succeeded"]}],"userProperties":[],"typeProperties":{"items":{"value":"@pipeline().parameters.endpointsSet4","type":"Expression"},"activities":[{"name":"ingest from url_set4","type":"Copy","dependsOn":[],"policy":{"timeout":"7.00:00:00","retry":0,"retryIntervalInSeconds":30,"secureOutput":false,"secureInput":false},"userProperties":[],"typeProperties":{"source":{"type":"BinarySource","storeSettings":{"type":"HttpReadSettings","requestMethod":"GET"},"formatSettings":{"type":"BinaryReadSettings"}},"sink":{"type":"BinarySink","storeSettings":{"type":"AzureBlobFSWriteSettings"}},"enableStaging":false},"inputs":[{"referenceName":"DS_HTTP_binary3","type":"DatasetReference","parameters":{"URL":{"value":"@item().URL","type":"Expression"}}}],"outputs":[{"referenceName":"DS_ADLS_binary_file4","type":"DatasetReference","parameters":{"filesystem":{"value":"@pipeline().parameters.sinkFilesystem","type":"Expression"},"filename":{"value":"@{item().sinkDirectory}/@{variables('currentDate')}/@{item().sinkFilename}","type":"Expression"}}}]}]}},{"name":"Set currentDate","type":"SetVariable","dependsOn":[],"userProperties":[],"typeProperties":{"variableName":"currentDate","value":{"value":"@{formatDateTime(convertTimeZone(utcnow(), 'UTC', pipeline().parameters.timezone), 'yyyy-MM-dd')}","type":"Expression"}}}],"policy":{"elapsedTimeMetric":{},"cancelAfter":{}},"parameters":{"endpointsSet1":{"type":"array","defaultValue":[{"URL":"https://raw.githubusercontent.com/microsoft/OpenEduAnalytics/main/modules/module_catalog/Microsoft_Education_Insights/test_data/hed_test_data/roster/2022-01-28T06-16-22/AadGroup/aadgroup.csv","sinkDirectory":"M365/roster","sinkFilename":"AadGroup/AadGroup_hed_test_data.csv"},{"URL":"https://raw.githubusercontent.com/microsoft/OpenEduAnalytics/main/modules/module_catalog/Microsoft_Education_Insights/test_data/hed_test_data/roster/2022-01-28T06-16-22/AadGroupMembership/aadgroupmembership.csv","sinkDirectory":"M365/roster","sinkFilename":"AadGroupMembership/AadGroupMembership_hed_test_data.csv"},{"URL":"https://raw.githubusercontent.com/microsoft/OpenEduAnalytics/main/modules/module_catalog/Microsoft_Education_Insights/test_data/hed_test_data/roster/2022-01-28T06-16-22/AadUser/aaduser.csv","sinkDirectory":"M365/roster","sinkFilename":"AadUser/AadUser_hed_test_data.csv"},{"URL":"https://raw.githubusercontent.com/microsoft/OpenEduAnalytics/main/modules/module_catalog/Microsoft_Education_Insights/test_data/hed_test_data/roster/2022-01-28T06-16-22/AadUserPersonMapping/aaduserpersonmapping.csv","sinkDirectory":"M365/roster","sinkFilename":"AadUserPersonMapping/AadUserPersonMapping_hed_test_data.csv"},{"URL":"https://raw.githubusercontent.com/microsoft/OpenEduAnalytics/main/modules/module_catalog/Microsoft_Education_Insights/test_data/hed_test_data/roster/2022-01-28T06-16-22/Course/course.csv","sinkDirectory":"M365/roster","sinkFilename":"Course/Course_hed_test_data.csv"},{"URL":"https://raw.githubusercontent.com/microsoft/OpenEduAnalytics/main/modules/module_catalog/Microsoft_Education_Insights/test_data/hed_test_data/roster/2022-01-28T06-16-22/CourseGradeLevel/coursegradelevel.csv","sinkDirectory":"M365/roster","sinkFilename":"CourseGradeLevel/CourseGradeLevel_hed_test_data.csv"},{"URL":"https://raw.githubusercontent.com/microsoft/OpenEduAnalytics/main/modules/module_catalog/Microsoft_Education_Insights/test_data/hed_test_data/roster/2022-01-28T06-16-22/CourseSubject/coursesubject.csv","sinkDirectory":"M365/roster","sinkFilename":"CourseSubject/CourseSubject_hed_test_data.csv"},{"URL":"https://raw.githubusercontent.com/microsoft/OpenEduAnalytics/main/modules/module_catalog/Microsoft_Education_Insights/test_data/hed_test_data/roster/2022-01-28T06-16-22/Enrollment/enrollment.csv","sinkDirectory":"M365/roster","sinkFilename":"Enrollment/Enrollment_hed_test_data.csv"},{"URL":"https://raw.githubusercontent.com/microsoft/OpenEduAnalytics/main/modules/module_catalog/Microsoft_Education_Insights/test_data/hed_test_data/roster/2022-01-28T06-16-22/Organization/organization.csv","sinkDirectory":"M365/roster","sinkFilename":"Organization/Organization_hed_test_data.csv"},{"URL":"https://raw.githubusercontent.com/microsoft/OpenEduAnalytics/main/modules/module_catalog/Microsoft_Education_Insights/test_data/hed_test_data/roster/2022-01-28T06-16-22/Person/person.csv","sinkDirectory":"M365/roster","sinkFilename":"Person/Person_hed_test_data.csv"},{"URL":"https://raw.githubusercontent.com/microsoft/OpenEduAnalytics/main/modules/module_catalog/Microsoft_Education_Insights/test_data/hed_test_data/roster/2022-01-28T06-16-22/PersonDemographic/persondemographic.csv","sinkDirectory":"M365/roster","sinkFilename":"PersonDemographic/PersonDemographic_hed_test_data.csv"},{"URL":"https://raw.githubusercontent.com/microsoft/OpenEduAnalytics/main/modules/module_catalog/Microsoft_Education_Insights/test_data/hed_test_data/roster/2022-01-28T06-16-22/PersonDemographicEthnicity/persondemographicethnicity.csv","sinkDirectory":"M365/roster","sinkFilename":"PersonDemographicEthnicity/PersonDemographicEthnicity_hed_test_data.csv"},{"URL":"https://raw.githubusercontent.com/microsoft/OpenEduAnalytics/main/modules/module_catalog/Microsoft_Education_Insights/test_data/hed_test_data/roster/2022-01-28T06-16-22/PersonDemographicPersonFlag/persondemographicpersonflag.csv","sinkDirectory":"M365/roster","sinkFilename":"PersonDemographicPersonFlag/PersonDemographicPersonFlag_hed_test_data.csv"},{"URL":"https://raw.githubusercontent.com/microsoft/OpenEduAnalytics/main/modules/module_catalog/Microsoft_Education_Insights/test_data/hed_test_data/roster/2022-01-28T06-16-22/PersonDemographicRace/persondemographicrace.csv","sinkDirectory":"M365/roster","sinkFilename":"PersonDemographicRace/PersonDemographicRace_hed_test_data.csv"},{"URL":"https://raw.githubusercontent.com/microsoft/OpenEduAnalytics/main/modules/module_catalog/Microsoft_Education_Insights/test_data/hed_test_data/roster/2022-01-28T06-16-22/PersonEmailAddress/personemailaddress.csv","sinkDirectory":"M365/roster","sinkFilename":"PersonEmailAddress/PersonEmailAddress_hed_test_data.csv"},{"URL":"https://raw.githubusercontent.com/microsoft/OpenEduAnalytics/main/modules/module_catalog/Microsoft_Education_Insights/test_data/hed_test_data/roster/2022-01-28T06-16-22/PersonIdentifier/personidentifier.csv","sinkDirectory":"M365/roster","sinkFilename":"PersonIdentifier/PersonIdentifier_hed_test_data.csv"},{"URL":"https://raw.githubusercontent.com/microsoft/OpenEduAnalytics/main/modules/module_catalog/Microsoft_Education_Insights/test_data/hed_test_data/roster/2022-01-28T06-16-22/PersonOrganizationRole/personorganizationrole.csv","sinkDirectory":"M365/roster","sinkFilename":"PersonOrganizationRole/PersonOrganizationRole_hed_test_data.csv"},{"URL":"https://raw.githubusercontent.com/microsoft/OpenEduAnalytics/main/modules/module_catalog/Microsoft_Education_Insights/test_data/hed_test_data/roster/2022-01-28T06-16-22/PersonPhoneNumber/personphonenumber.csv","sinkDirectory":"M365/roster","sinkFilename":"PersonPhoneNumber/PersonPhoneNumber_hed_test_data.csv"},{"URL":"https://raw.githubusercontent.com/microsoft/OpenEduAnalytics/main/modules/module_catalog/Microsoft_Education_Insights/test_data/hed_test_data/roster/2022-01-28T06-16-22/PersonRelationship/personrelationship.csv","sinkDirectory":"M365/roster","sinkFilename":"PersonRelationship/PersonRelationship_hed_test_data.csv"},{"URL":"https://raw.githubusercontent.com/microsoft/OpenEduAnalytics/main/modules/module_catalog/Microsoft_Education_Insights/test_data/hed_test_data/roster/2022-01-28T06-16-22/RefDefinition/refdefinition.csv","sinkDirectory":"M365/roster","sinkFilename":"RefDefinition/RefDefinition_hed_test_data.csv"},{"URL":"https://raw.githubusercontent.com/microsoft/OpenEduAnalytics/main/modules/module_catalog/Microsoft_Education_Insights/test_data/hed_test_data/roster/2022-01-28T06-16-22/RefTranslation/reftranslation.csv","sinkDirectory":"M365/roster","sinkFilename":"RefTranslation/RefTranslation_hed_test_data.csv"},{"URL":"https://raw.githubusercontent.com/microsoft/OpenEduAnalytics/main/modules/module_catalog/Microsoft_Education_Insights/test_data/hed_test_data/roster/2022-01-28T06-16-22/Section/section.csv","sinkDirectory":"M365/roster","sinkFilename":"Section/Section_hed_test_data.csv"},{"URL":"https://raw.githubusercontent.com/microsoft/OpenEduAnalytics/main/modules/module_catalog/Microsoft_Education_Insights/test_data/hed_test_data/roster/2022-01-28T06-16-22/SectionGradeLevel/sectiongradelevel.csv","sinkDirectory":"M365/roster","sinkFilename":"SectionGradeLevel/SectionGradeLevel_hed_test_data.csv"},{"URL":"https://raw.githubusercontent.com/microsoft/OpenEduAnalytics/main/modules/module_catalog/Microsoft_Education_Insights/test_data/hed_test_data/roster/2022-01-28T06-16-22/SectionSession/sectionsession.csv","sinkDirectory":"M365/roster","sinkFilename":"SectionSession/SectionSession_hed_test_data.csv"},{"URL":"https://raw.githubusercontent.com/microsoft/OpenEduAnalytics/main/modules/module_catalog/Microsoft_Education_Insights/test_data/hed_test_data/roster/2022-01-28T06-16-22/SectionSubject/sectionsubject.csv","sinkDirectory":"M365/roster","sinkFilename":"SectionSubject/SectionSubject_hed_test_data.csv"},{"URL":"https://raw.githubusercontent.com/microsoft/OpenEduAnalytics/main/modules/module_catalog/Microsoft_Education_Insights/test_data/hed_test_data/roster/2022-01-28T06-16-22/Session/session.csv","sinkDirectory":"M365/roster","sinkFilename":"Session/Session_hed_test_data.csv"},{"URL":"https://raw.githubusercontent.com/microsoft/OpenEduAnalytics/main/modules/module_catalog/Microsoft_Education_Insights/test_data/hed_test_data/roster/2022-01-28T06-16-22/SourceSystem/sourcesystem.csv","sinkDirectory":"M365/roster","sinkFilename":"SourceSystem/SourceSystem_hed_test_data.csv"}]},"endpointsSet2":{"type":"array","defaultValue":[{"URL":"https://raw.githubusercontent.com/microsoft/OpenEduAnalytics/main/modules/module_catalog/Microsoft_Education_Insights/test_data/hed_test_data/schema/activity.v0.1.0.cdm.json","sinkDirectory":"M365/schema","sinkFilename":"activity.v0.1.0.cdm.json"},{"URL":"https://raw.githubusercontent.com/microsoft/OpenEduAnalytics/main/modules/module_catalog/Microsoft_Education_Insights/test_data/hed_test_data/schema/roster.v0.3.2.cdm.json","sinkDirectory":"M365/schema","sinkFilename":"roster.v0.3.2.cdm.json"},{"URL":"https://raw.githubusercontent.com/microsoft/OpenEduAnalytics/main/modules/module_catalog/Microsoft_Education_Insights/test_data/hed_test_data/current.manifest.cdm.json","sinkDirectory":"M365","sinkFilename":"current.manifest.cdm.json"}]},"endpointsSet3":{"type":"array","defaultValue":[{"URL":"https://raw.githubusercontent.com/microsoft/OpenEduAnalytics/main/modules/module_catalog/Microsoft_Education_Insights/test_data/hed_test_data/roster/2022-01-28T06-16-22/snapshot.roster.manifest.cdm.json","sinkDirectory":"M365/roster","sinkFilename":"snapshot.roster.manifest.cdm.json"}]},"endpointsSet4":{"type":"array","defaultValue":[{"URL":"https://raw.githubusercontent.com/microsoft/OpenEduAnalytics/main/modules/module_catalog/Microsoft_Education_Insights/test_data/hed_test_data/activity/2022-01-28/ApplicationUsage.csv","sinkDirectory":"M365/activity","sinkFilename":"ApplicationUsage_hed_test_data.csv"}]},"sinkFilesystem":{"type":"string","defaultValue":"stage1np"},"timezone":{"type":"string","defaultValue":"Central Standard Time"}},"variables":{"currentDateTime":{"type":"String"},"currentDate":{"type":"String"}},"folder":{"name":"Insights Module/Extracts"},"annotations":[],"lastPublishTime":"2022-10-13T17:38:33Z"},"dependsOn":["[concat(variables('workspaceId'), '/datasets/DS_HTTP_binary3')]","[concat(variables('workspaceId'), '/datasets/DS_ADLS_binary_file4')]"]},{"name":"[concat(parameters('workspaceName'), '/DS_ADLS_binary_folder5')]","type":"Microsoft.Synapse/workspaces/datasets","apiVersion":"2019-06-01-preview","properties":{"linkedServiceName":{"referenceName":"[parameters('syn-oea-cisd3v06kw2-WorkspaceDefaultStorage')]","type":"LinkedServiceReference"},"parameters":{"filesystem":{"type":"string"},"directory":{"type":"string"}},"folder":{"name":"OEA_Framework"},"annotations":[],"type":"Binary","typeProperties":{"location":{"type":"AzureBlobFSLocation","folderPath":{"value":"@dataset().directory","type":"Expression"},"fileSystem":{"value":"@dataset().filesystem","type":"Expression"}}}},"dependsOn":[]},{"name":"[concat(parameters('workspaceName'), '/OEA_connector')]","type":"Microsoft.Synapse/workspaces/notebooks","apiVersion":"2019-06-01-preview","properties":{"nbformat":4,"nbformat_minor":2,"bigDataPool":{"referenceName":"spark3p1sm","type":"BigDataPoolReference"},"sessionProperties":{"driverMemory":"28g","driverCores":4,"executorMemory":"28g","executorCores":4,"numExecutors":2,"runAsWorkspaceSystemIdentity":false,"conf":{}},"metadata":{"kernelspec":{"name":"synapse_pyspark","display_name":"Synapse PySpark"},"language_info":{"name":"python"}},"cells":[{"cell_type":"markdown","metadata":{"nteract":{"transient":{"deleting":false}}},"source":["# OEA connector\n","This notebook provides a way for invoking methods on the OEA framework or supporting modules from a pipeline.\n","\n","When setting up a new module, be sure to include a new cell below that imports that module, so that its methods can be invoked by pipelines."]},{"cell_type":"code","metadata":{"jupyter":{"source_hidden":false,"outputs_hidden":false},"nteract":{"transient":{"deleting":false}},"tags":["parameters"]},"source":["# These values should be passed in from the pipeline that is using this notebook as an activity.\r\n","# Note that kwargs allows you to pass in a dict of params, but the dict has to specified as a string when invoked from a pipeline.\r\n","# Also note that you can refer to attributes of an object in the params, for example: {'path':oea.stage2np}\r\n","object_name = 'oea'\r\n","method_name = ''\r\n","kwargs = '{}'"],"outputs":[]},{"cell_type":"code","metadata":{"jupyter":{"outputs_hidden":false,"source_hidden":false},"nteract":{"transient":{"deleting":false}},"collapsed":true},"source":["%run /OEA_py"],"outputs":[]},{"cell_type":"code","metadata":{"jupyter":{"outputs_hidden":false,"source_hidden":false},"nteract":{"transient":{"deleting":false}},"collapsed":true},"source":["%run /ContosoSIS_py"],"outputs":[]},{"cell_type":"code","metadata":{"jupyter":{"source_hidden":false,"outputs_hidden":false},"nteract":{"transient":{"deleting":false}}},"source":["obj = eval(object_name)\r\n","kwargs = eval(kwargs)\r\n","m = getattr(obj, method_name)\r\n","result = m(**kwargs)\r\n","mssparkutils.notebook.exit(result)"],"outputs":[]}]},"dependsOn":[]},{"name":"[concat(parameters('workspaceName'), '/DS_HTTP_binary3')]","type":"Microsoft.Synapse/workspaces/datasets","apiVersion":"2019-06-01-preview","properties":{"description":"Retrieves data from an http endpoint.\nThe data can be in any format - the binary dataset allows us to pull any payload without affecting it.","linkedServiceName":{"referenceName":"[parameters('LS_HTTP')]","type":"LinkedServiceReference","parameters":{"baseURL":{"value":"@dataset().URL","type":"Expression"}}},"parameters":{"URL":{"type":"string"}},"folder":{"name":"OEA_Framework"},"annotations":[],"type":"Binary","typeProperties":{"location":{"type":"HttpServerLocation"}}},"dependsOn":[]},{"name":"[concat(parameters('workspaceName'), '/DS_ADLS_binary_file4')]","type":"Microsoft.Synapse/workspaces/datasets","apiVersion":"2019-06-01-preview","properties":{"description":"Used for landing data in the data lake.\nDefaults to landing data in stage1np.\nNote that you can specify a full path in the filename param (eg, to land a file in a specific folder filename param can be 'contoso_sis/students/students.csv').\n","linkedServiceName":{"referenceName":"[parameters('syn-oea-cisd3v06kw2-WorkspaceDefaultStorage')]","type":"LinkedServiceReference"},"parameters":{"filesystem":{"type":"string","defaultValue":"stage1np"},"filename":{"type":"string"}},"folder":{"name":"OEA_Framework"},"annotations":[],"type":"Binary","typeProperties":{"location":{"type":"AzureBlobFSLocation","fileName":{"value":"@dataset().filename","type":"Expression"},"fileSystem":{"value":"@dataset().filesystem","type":"Expression"}}}},"dependsOn":[]}]}