{"$schema":"http://schema.management.azure.com/schemas/2015-01-01/deploymentTemplate.json#","contentVersion":"1.0.0.0","parameters":{"workspaceName":{"type":"string","metadata":"Workspace name","defaultValue":"syn-oea-cisd3v06kw2"},"LS_SQL_Serverless_OEA":{"type":"string"},"LS_HTTP":{"type":"string"},"LS_ADLS_OEA":{"type":"string"}},"variables":{"workspaceId":"[concat('Microsoft.Synapse/workspaces/', parameters('workspaceName'))]"},"resources":[{"name":"[concat(parameters('workspaceName'), '/iready_pipeline_template')]","type":"Microsoft.Synapse/workspaces/pipelines","apiVersion":"2019-06-01-preview","properties":{"activities":[{"name":"iready_copy_test_data","type":"ExecutePipeline","dependsOn":[],"userProperties":[],"typeProperties":{"pipeline":{"referenceName":"iready_copy_test_data","type":"PipelineReference"},"waitOnCompletion":true,"parameters":{"endpoints":{"value":"@json('[{\"URL\":\"https://raw.githubusercontent.com/microsoft/OpenEduAnalytics/main/modules/Digital_Learning_Apps_and_Platforms/iReady/test_data/test_data/comprehensive_student_lesson_activity_with_standards_ela/ela.csv\",\"sinkDirectory\":\"iready/comprehensive_student_lesson_activity_with_standards_ela\",\"sinkFilename\":\"/ela_test_data.csv\"},{\"URL\":\"https://raw.githubusercontent.com/microsoft/OpenEduAnalytics/main/modules/Digital_Learning_Apps_and_Platforms/iReady/test_data/test_data/comprehensive_student_lesson_activity_with_standards_math/math.csv\",\"sinkDirectory\":\"iready/comprehensive_student_lesson_activity_with_standards_math\",\"sinkFilename\":\"/math_test_data.csv\"},{\"URL\":\"https://raw.githubusercontent.com/microsoft/OpenEduAnalytics/main/modules/Digital_Learning_Apps_and_Platforms/iReady/test_data/test_data/diagnostic_and_instruction_ela_ytd_window/ela.csv\",\"sinkDirectory\":\"iready/diagnostic_and_instruction_ela_ytd_window\",\"sinkFilename\":\"/ela_test_data.csv\"},{\"URL\":\"https://raw.githubusercontent.com/microsoft/OpenEduAnalytics/main/modules/Digital_Learning_Apps_and_Platforms/iReady/test_data/test_data/diagnostic_and_instruction_math_ytd_window/math.csv\",\"sinkDirectory\":\"iready/diagnostic_and_instruction_math_ytd_window\",\"sinkFilename\":\"/math_test_data.csv\"},{\"URL\":\"https://raw.githubusercontent.com/microsoft/OpenEduAnalytics/main/modules/Digital_Learning_Apps_and_Platforms/iReady/test_data/test_data/diagnostic_results_ela/ela.csv\",\"sinkDirectory\":\"iready/diagnostic_results_ela\",\"sinkFilename\":\"/ela_test_data.csv\"},{\"URL\":\"https://raw.githubusercontent.com/microsoft/OpenEduAnalytics/main/modules/Digital_Learning_Apps_and_Platforms/iReady/test_data/test_data/diagnostic_results_math/math.csv\",\"sinkDirectory\":\"iready/diagnostic_results_math\",\"sinkFilename\":\"/math_test_data.csv\"},{\"URL\":\"https://raw.githubusercontent.com/microsoft/OpenEduAnalytics/main/modules/Digital_Learning_Apps_and_Platforms/iReady/test_data/test_data/personalized_instruction_by_lesson_ela/ela.csv\",\"sinkDirectory\":\"iready/personalized_instruction_by_lesson_ela\",\"sinkFilename\":\"/ela_test_data.csv\"},{\"URL\":\"https://raw.githubusercontent.com/microsoft/OpenEduAnalytics/main/modules/Digital_Learning_Apps_and_Platforms/iReady/test_data/test_data/personalized_instruction_by_lesson_math/math.csv\",\"sinkDirectory\":\"iready/personalized_instruction_by_lesson_math\",\"sinkFilename\":\"/math_test_data.csv\"}]')","type":"Expression"},"sinkFilesystem":"stage1np","timezone":"Central Standard Time"}}},{"name":"ingest into stage2p and 2np","type":"SynapseNotebook","dependsOn":[{"activity":"iready_copy_test_data","dependencyConditions":["Succeeded"]}],"policy":{"timeout":"7.00:00:00","retry":0,"retryIntervalInSeconds":30,"secureOutput":false,"secureInput":false},"userProperties":[],"typeProperties":{"notebook":{"referenceName":"iReady_module_ingestion","type":"NotebookReference"},"snapshot":true}},{"name":"If create_sql_db","type":"IfCondition","dependsOn":[{"activity":"ingest into stage2p and 2np","dependencyConditions":["Succeeded"]}],"userProperties":[],"typeProperties":{"expression":{"value":"@pipeline().parameters.create_sql_db","type":"Expression"},"ifTrueActivities":[{"name":"create_sql_db","type":"ExecutePipeline","dependsOn":[],"userProperties":[],"typeProperties":{"pipeline":{"referenceName":"create_sql_db","type":"PipelineReference"},"waitOnCompletion":true,"parameters":{"storageAccount":{"value":"@pipeline().parameters.storageAccount","type":"Expression"},"sourceDirectory":{"value":"@pipeline().parameters.sourceDirectory","type":"Expression"},"stage":"2"}}}]}},{"name":"If create_lake_db","type":"IfCondition","dependsOn":[{"activity":"ingest into stage2p and 2np","dependencyConditions":["Succeeded"]}],"userProperties":[],"typeProperties":{"expression":{"value":"@pipeline().parameters.create_lake_db","type":"Expression"},"ifTrueActivities":[{"name":"create_lake_db","type":"ExecutePipeline","dependsOn":[],"userProperties":[],"typeProperties":{"pipeline":{"referenceName":"create_lake_db","type":"PipelineReference"},"waitOnCompletion":true,"parameters":{"stageNum":"2","sourceDirectory":{"value":"@pipeline().parameters.sourceDirectory","type":"Expression"}}}}]}}],"policy":{"elapsedTimeMetric":{},"cancelAfter":{}},"parameters":{"storageAccount":{"type":"string","defaultValue":"stoeacisd3v06kw2"},"sourceDirectory":{"type":"string","defaultValue":"iready"},"create_sql_db":{"type":"bool","defaultValue":true},"create_lake_db":{"type":"bool","defaultValue":true}},"folder":{"name":"iReady Module"},"annotations":[],"lastPublishTime":"2022-08-11T18:03:53Z"},"dependsOn":["[concat(variables('workspaceId'), '/pipelines/iready_copy_test_data')]","[concat(variables('workspaceId'), '/notebooks/iReady_module_ingestion')]","[concat(variables('workspaceId'), '/pipelines/create_sql_db')]","[concat(variables('workspaceId'), '/pipelines/create_lake_db')]"]},{"name":"[concat(parameters('workspaceName'), '/iready_copy_test_data')]","type":"Microsoft.Synapse/workspaces/pipelines","apiVersion":"2019-06-01-preview","properties":{"activities":[{"name":"get data for each endpoint","type":"ForEach","dependsOn":[{"activity":"Set currentDateTime","dependencyConditions":["Succeeded"]}],"userProperties":[],"typeProperties":{"items":{"value":"@pipeline().parameters.endpoints","type":"Expression"},"activities":[{"name":"ingest data from url","type":"Copy","dependsOn":[],"policy":{"timeout":"7.00:00:00","retry":0,"retryIntervalInSeconds":30,"secureOutput":false,"secureInput":false},"userProperties":[],"typeProperties":{"source":{"type":"BinarySource","storeSettings":{"type":"HttpReadSettings","requestMethod":"GET"},"formatSettings":{"type":"BinaryReadSettings"}},"sink":{"type":"BinarySink","storeSettings":{"type":"AzureBlobFSWriteSettings"}},"enableStaging":false},"inputs":[{"referenceName":"DS_HTTP_binary","type":"DatasetReference","parameters":{"URL":{"value":"@item().URL","type":"Expression"}}}],"outputs":[{"referenceName":"DS_ADLS_binary","type":"DatasetReference","parameters":{"filesystem":{"value":"@pipeline().parameters.sinkFilesystem","type":"Expression"},"directory":{"value":"@{item().sinkDirectory}/@{variables('currentDateTime')}","type":"Expression"},"file":{"value":"@{item().sinkFilename}","type":"Expression"}}}]}]}},{"name":"Set currentDateTime","type":"SetVariable","dependsOn":[],"userProperties":[],"typeProperties":{"variableName":"currentDateTime","value":{"value":"@{formatDateTime(convertTimeZone(utcnow(), 'UTC', pipeline().parameters.timezone), 'yyyy-MM-ddTHH-mm-ss')}","type":"Expression"}}}],"policy":{"elapsedTimeMetric":{},"cancelAfter":{}},"parameters":{"endpoints":{"type":"array","defaultValue":[{"URL":"https://raw.githubusercontent.com/microsoft/OpenEduAnalytics/main/modules/Digital_Learning_Apps_and_Platforms/iReady/test_data/test_data/comprehensive_student_lesson_activity_with_standards_ela/ela.csv","sinkDirectory":"iready/comprehensive_student_lesson_activity_with_standards_ela","sinkFilename":"/ela_test_data.csv"},{"URL":"https://raw.githubusercontent.com/microsoft/OpenEduAnalytics/main/modules/Digital_Learning_Apps_and_Platforms/iReady/test_data/test_data/comprehensive_student_lesson_activity_with_standards_math/math.csv","sinkDirectory":"iready/comprehensive_student_lesson_activity_with_standards_math","sinkFilename":"/math_test_data.csv"},{"URL":"https://raw.githubusercontent.com/microsoft/OpenEduAnalytics/main/modules/Digital_Learning_Apps_and_Platforms/iReady/test_data/test_data/diagnostic_and_instruction_ela_ytd_window/ela.csv","sinkDirectory":"iready/diagnostic_and_instruction_ela_ytd_window","sinkFilename":"/ela_test_data.csv"},{"URL":"https://raw.githubusercontent.com/microsoft/OpenEduAnalytics/main/modules/Digital_Learning_Apps_and_Platforms/iReady/test_data/test_data/diagnostic_and_instruction_math_ytd_window/math.csv","sinkDirectory":"iready/diagnostic_and_instruction_math_ytd_window","sinkFilename":"/math_test_data.csv"},{"URL":"https://raw.githubusercontent.com/microsoft/OpenEduAnalytics/main/modules/Digital_Learning_Apps_and_Platforms/iReady/test_data/test_data/diagnostic_results_ela/ela.csv","sinkDirectory":"iready/diagnostic_results_ela","sinkFilename":"/ela_test_data.csv"},{"URL":"https://raw.githubusercontent.com/microsoft/OpenEduAnalytics/main/modules/Digital_Learning_Apps_and_Platforms/iReady/test_data/test_data/diagnostic_results_math/math.csv","sinkDirectory":"iready/diagnostic_results_math","sinkFilename":"/math_test_data.csv"},{"URL":"https://raw.githubusercontent.com/microsoft/OpenEduAnalytics/main/modules/Digital_Learning_Apps_and_Platforms/iReady/test_data/test_data/personalized_instruction_by_lesson_ela/ela.csv","sinkDirectory":"iready/personalized_instruction_by_lesson_ela","sinkFilename":"/ela_test_data.csv"},{"URL":"https://raw.githubusercontent.com/microsoft/OpenEduAnalytics/main/modules/Digital_Learning_Apps_and_Platforms/iReady/test_data/test_data/personalized_instruction_by_lesson_math/math.csv","sinkDirectory":"iready/personalized_instruction_by_lesson_math","sinkFilename":"/math_test_data.csv"}]},"sinkFilesystem":{"type":"string","defaultValue":"stage1np"},"timezone":{"type":"string","defaultValue":"Central Standard Time"}},"variables":{"currentDateTime":{"type":"String"}},"folder":{"name":"iReady Module/Extracts"},"annotations":[],"lastPublishTime":"2022-08-11T17:52:54Z"},"dependsOn":["[concat(variables('workspaceId'), '/datasets/DS_HTTP_binary')]","[concat(variables('workspaceId'), '/datasets/DS_ADLS_binary')]"]},{"name":"[concat(parameters('workspaceName'), '/iReady_module_ingestion')]","type":"Microsoft.Synapse/workspaces/notebooks","apiVersion":"2019-06-01-preview","properties":{"folder":{"name":"iReady Module"},"nbformat":4,"nbformat_minor":2,"bigDataPool":{"referenceName":"spark3p1sm","type":"BigDataPoolReference"},"sessionProperties":{"driverMemory":"28g","driverCores":4,"executorMemory":"28g","executorCores":4,"numExecutors":2,"runAsWorkspaceSystemIdentity":false,"conf":{"spark.dynamicAllocation.enabled":"false","spark.dynamicAllocation.minExecutors":"2","spark.dynamicAllocation.maxExecutors":"2","spark.autotune.trackingId":"df419f44-1f9d-4e2a-b8ad-dcd26d9c882f"}},"metadata":{"saveOutput":true,"synapse_widget":{"version":"0.1","state":{}},"enableDebugMode":false,"kernelspec":{"name":"synapse_pyspark","display_name":"Synapse PySpark"},"language_info":{"name":"python"},"a365ComputeOptions":{"id":"/subscriptions/7b9a4896-4541-483f-bdc7-d8f4ec6be3ee/resourceGroups/rg-oea-cisd3v06kw2/providers/Microsoft.Synapse/workspaces/syn-oea-cisd3v06kw2/bigDataPools/spark3p1sm","name":"spark3p1sm","type":"Spark","endpoint":"https://syn-oea-cisd3v06kw2.dev.azuresynapse.net/livyApi/versions/2019-11-01-preview/sparkPools/spark3p1sm","auth":{"type":"AAD","authResource":"https://dev.azuresynapse.net"},"sparkVersion":"3.1","nodeCount":3,"cores":4,"memory":28,"automaticScaleJobs":false},"sessionKeepAliveTimeout":30},"cells":[{"cell_type":"markdown","metadata":{"nteract":{"transient":{"deleting":false}}},"source":["# iReady_module_ingestion.ipynb\r\n","\r\n","This notebook illustrates use of the OEA_py and iReady_py python classes for processing iReady Reports from Stage 1np to Stages 2p and 2np."]},{"cell_type":"code","metadata":{"jupyter":{"source_hidden":false,"outputs_hidden":false},"nteract":{"transient":{"deleting":false}}},"source":["%run /OEA_py"],"outputs":[{"output_type":"display_data","data":{"application/vnd.livy.statement-meta+json":{"spark_pool":null,"session_id":"15","statement_id":-1,"state":"finished","livy_statement_state":"available","queued_time":"2022-08-11T18:29:53.2322624Z","session_start_time":null,"execution_start_time":"2022-08-11T18:35:13.2443473Z","execution_finish_time":"2022-08-11T18:35:13.2446256Z","spark_jobs":null},"text/plain":"StatementMeta(, 15, -1, Finished, Available)"},"metadata":{}},{"name":"stdout","output_type":"stream","text":"2022-08-11 18:35:12,144 - OEA - DEBUG - OEA initialized.\nOEA initialized.\n"}],"execution_count":14},{"cell_type":"code","metadata":{"jupyter":{"source_hidden":false,"outputs_hidden":false},"nteract":{"transient":{"deleting":false}}},"source":["%run /iReady_py"],"outputs":[{"output_type":"display_data","data":{"application/vnd.livy.statement-meta+json":{"spark_pool":null,"session_id":"15","statement_id":-1,"state":"finished","livy_statement_state":"available","queued_time":"2022-08-11T18:29:55.5462689Z","session_start_time":null,"execution_start_time":"2022-08-11T18:35:13.864778Z","execution_finish_time":"2022-08-11T18:35:13.865186Z","spark_jobs":null},"text/plain":"StatementMeta(, 15, -1, Finished, Available)"},"metadata":{}}],"execution_count":15},{"cell_type":"code","metadata":{"jupyter":{"source_hidden":false,"outputs_hidden":false},"nteract":{"transient":{"deleting":false}}},"source":["oea = OEA()\r\n","iready = iReady()"],"outputs":[{"output_type":"display_data","data":{"application/vnd.livy.statement-meta+json":{"spark_pool":"spark3p1sm","session_id":"15","statement_id":4,"state":"finished","livy_statement_state":"available","queued_time":"2022-08-11T18:29:57.2426465Z","session_start_time":null,"execution_start_time":"2022-08-11T18:35:13.9824208Z","execution_finish_time":"2022-08-11T18:35:22.7605722Z","spark_jobs":null},"text/plain":"StatementMeta(spark3p1sm, 15, 4, Finished, Available)"},"metadata":{}},{"name":"stdout","output_type":"stream","text":"2022-08-11 18:35:22,319 - OEA - DEBUG - OEA initialized.\n2022-08-11 18:35:22,319 - OEA - DEBUG - OEA initialized.\nOEA initialized.\n"}],"execution_count":16},{"cell_type":"code","metadata":{"jupyter":{"source_hidden":false,"outputs_hidden":false},"nteract":{"transient":{"deleting":false}}},"source":["iready.ingest()"],"outputs":[{"output_type":"display_data","data":{"application/vnd.livy.statement-meta+json":{"spark_pool":"spark3p1sm","session_id":"15","statement_id":5,"state":"finished","livy_statement_state":"available","queued_time":"2022-08-11T18:29:58.4739084Z","session_start_time":null,"execution_start_time":"2022-08-11T18:35:22.8800337Z","execution_finish_time":"2022-08-11T18:37:51.0990921Z","spark_jobs":null},"text/plain":"StatementMeta(spark3p1sm, 15, 5, Finished, Available)"},"metadata":{}},{"name":"stdout","output_type":"stream","text":"2022-08-11 18:35:22,876 - OEA - INFO - Processing iready data from: abfss://stage1np@stoeacisd3v06kw2.dfs.core.windows.net/iready\n2022-08-11 18:35:22,876 - OEA - INFO - Processing iready data from: abfss://stage1np@stoeacisd3v06kw2.dfs.core.windows.net/iready\nProcessing iready data from: abfss://stage1np@stoeacisd3v06kw2.dfs.core.windows.net/iready\n2022-08-11 18:35:22,913 - OEA - INFO - Processing incremental data from: abfss://stage1np@stoeacisd3v06kw2.dfs.core.windows.net/iready/comprehensive_student_lesson_activity_with_standards_ela and writing out to: abfss://stage2p@stoeacisd3v06kw2.dfs.core.windows.net/iready/comprehensive_student_lesson_activity_with_standards_ela_pseudo\n2022-08-11 18:35:22,913 - OEA - INFO - Processing incremental data from: abfss://stage1np@stoeacisd3v06kw2.dfs.core.windows.net/iready/comprehensive_student_lesson_activity_with_standards_ela and writing out to: abfss://stage2p@stoeacisd3v06kw2.dfs.core.windows.net/iready/comprehensive_student_lesson_activity_with_standards_ela_pseudo\nProcessing incremental data from: abfss://stage1np@stoeacisd3v06kw2.dfs.core.windows.net/iready/comprehensive_student_lesson_activity_with_standards_ela and writing out to: abfss://stage2p@stoeacisd3v06kw2.dfs.core.windows.net/iready/comprehensive_student_lesson_activity_with_standards_ela_pseudo\n2022-08-11 18:35:53,746 - OEA - INFO - Processing incremental data from: abfss://stage1np@stoeacisd3v06kw2.dfs.core.windows.net/iready/comprehensive_student_lesson_activity_with_standards_math and writing out to: abfss://stage2p@stoeacisd3v06kw2.dfs.core.windows.net/iready/comprehensive_student_lesson_activity_with_standards_math_pseudo\n2022-08-11 18:35:53,746 - OEA - INFO - Processing incremental data from: abfss://stage1np@stoeacisd3v06kw2.dfs.core.windows.net/iready/comprehensive_student_lesson_activity_with_standards_math and writing out to: abfss://stage2p@stoeacisd3v06kw2.dfs.core.windows.net/iready/comprehensive_student_lesson_activity_with_standards_math_pseudo\nProcessing incremental data from: abfss://stage1np@stoeacisd3v06kw2.dfs.core.windows.net/iready/comprehensive_student_lesson_activity_with_standards_math and writing out to: abfss://stage2p@stoeacisd3v06kw2.dfs.core.windows.net/iready/comprehensive_student_lesson_activity_with_standards_math_pseudo\n2022-08-11 18:36:15,046 - OEA - INFO - Processing snapshot data from: abfss://stage1np@stoeacisd3v06kw2.dfs.core.windows.net/iready/diagnostic_and_instruction_ela_ytd_window/2022-08-10T0144 and writing out to: abfss://stage2p@stoeacisd3v06kw2.dfs.core.windows.net/iready/diagnostic_and_instruction_ela_ytd_window_pseudo\n2022-08-11 18:36:15,046 - OEA - INFO - Processing snapshot data from: abfss://stage1np@stoeacisd3v06kw2.dfs.core.windows.net/iready/diagnostic_and_instruction_ela_ytd_window/2022-08-10T0144 and writing out to: abfss://stage2p@stoeacisd3v06kw2.dfs.core.windows.net/iready/diagnostic_and_instruction_ela_ytd_window_pseudo\nProcessing snapshot data from: abfss://stage1np@stoeacisd3v06kw2.dfs.core.windows.net/iready/diagnostic_and_instruction_ela_ytd_window/2022-08-10T0144 and writing out to: abfss://stage2p@stoeacisd3v06kw2.dfs.core.windows.net/iready/diagnostic_and_instruction_ela_ytd_window_pseudo\n2022-08-11 18:36:40,538 - OEA - INFO - Processing snapshot data from: abfss://stage1np@stoeacisd3v06kw2.dfs.core.windows.net/iready/diagnostic_and_instruction_math_ytd_window/2022-08-10T0144 and writing out to: abfss://stage2p@stoeacisd3v06kw2.dfs.core.windows.net/iready/diagnostic_and_instruction_math_ytd_window_pseudo\n2022-08-11 18:36:40,538 - OEA - INFO - Processing snapshot data from: abfss://stage1np@stoeacisd3v06kw2.dfs.core.windows.net/iready/diagnostic_and_instruction_math_ytd_window/2022-08-10T0144 and writing out to: abfss://stage2p@stoeacisd3v06kw2.dfs.core.windows.net/iready/diagnostic_and_instruction_math_ytd_window_pseudo\nProcessing snapshot data from: abfss://stage1np@stoeacisd3v06kw2.dfs.core.windows.net/iready/diagnostic_and_instruction_math_ytd_window/2022-08-10T0144 and writing out to: abfss://stage2p@stoeacisd3v06kw2.dfs.core.windows.net/iready/diagnostic_and_instruction_math_ytd_window_pseudo\n2022-08-11 18:36:57,976 - OEA - INFO - Processing incremental data from: abfss://stage1np@stoeacisd3v06kw2.dfs.core.windows.net/iready/diagnostic_results_ela and writing out to: abfss://stage2p@stoeacisd3v06kw2.dfs.core.windows.net/iready/diagnostic_results_ela_pseudo\n2022-08-11 18:36:57,976 - OEA - INFO - Processing incremental data from: abfss://stage1np@stoeacisd3v06kw2.dfs.core.windows.net/iready/diagnostic_results_ela and writing out to: abfss://stage2p@stoeacisd3v06kw2.dfs.core.windows.net/iready/diagnostic_results_ela_pseudo\nProcessing incremental data from: abfss://stage1np@stoeacisd3v06kw2.dfs.core.windows.net/iready/diagnostic_results_ela and writing out to: abfss://stage2p@stoeacisd3v06kw2.dfs.core.windows.net/iready/diagnostic_results_ela_pseudo\n2022-08-11 18:37:10,089 - OEA - INFO - Processing incremental data from: abfss://stage1np@stoeacisd3v06kw2.dfs.core.windows.net/iready/diagnostic_results_math and writing out to: abfss://stage2p@stoeacisd3v06kw2.dfs.core.windows.net/iready/diagnostic_results_math_pseudo\n2022-08-11 18:37:10,089 - OEA - INFO - Processing incremental data from: abfss://stage1np@stoeacisd3v06kw2.dfs.core.windows.net/iready/diagnostic_results_math and writing out to: abfss://stage2p@stoeacisd3v06kw2.dfs.core.windows.net/iready/diagnostic_results_math_pseudo\nProcessing incremental data from: abfss://stage1np@stoeacisd3v06kw2.dfs.core.windows.net/iready/diagnostic_results_math and writing out to: abfss://stage2p@stoeacisd3v06kw2.dfs.core.windows.net/iready/diagnostic_results_math_pseudo\n2022-08-11 18:37:21,084 - OEA - INFO - Processing incremental data from: abfss://stage1np@stoeacisd3v06kw2.dfs.core.windows.net/iready/personalized_instruction_by_lesson_ela and writing out to: abfss://stage2p@stoeacisd3v06kw2.dfs.core.windows.net/iready/personalized_instruction_by_lesson_ela_pseudo\n2022-08-11 18:37:21,084 - OEA - INFO - Processing incremental data from: abfss://stage1np@stoeacisd3v06kw2.dfs.core.windows.net/iready/personalized_instruction_by_lesson_ela and writing out to: abfss://stage2p@stoeacisd3v06kw2.dfs.core.windows.net/iready/personalized_instruction_by_lesson_ela_pseudo\nProcessing incremental data from: abfss://stage1np@stoeacisd3v06kw2.dfs.core.windows.net/iready/personalized_instruction_by_lesson_ela and writing out to: abfss://stage2p@stoeacisd3v06kw2.dfs.core.windows.net/iready/personalized_instruction_by_lesson_ela_pseudo\n2022-08-11 18:37:36,795 - OEA - INFO - Processing incremental data from: abfss://stage1np@stoeacisd3v06kw2.dfs.core.windows.net/iready/personalized_instruction_by_lesson_math and writing out to: abfss://stage2p@stoeacisd3v06kw2.dfs.core.windows.net/iready/personalized_instruction_by_lesson_math_pseudo\n2022-08-11 18:37:36,795 - OEA - INFO - Processing incremental data from: abfss://stage1np@stoeacisd3v06kw2.dfs.core.windows.net/iready/personalized_instruction_by_lesson_math and writing out to: abfss://stage2p@stoeacisd3v06kw2.dfs.core.windows.net/iready/personalized_instruction_by_lesson_math_pseudo\nProcessing incremental data from: abfss://stage1np@stoeacisd3v06kw2.dfs.core.windows.net/iready/personalized_instruction_by_lesson_math and writing out to: abfss://stage2p@stoeacisd3v06kw2.dfs.core.windows.net/iready/personalized_instruction_by_lesson_math_pseudo\n2022-08-11 18:37:50,155 - OEA - INFO - Finished processing iready data from stage 1 to stage 2\n2022-08-11 18:37:50,155 - OEA - INFO - Finished processing iready data from stage 1 to stage 2\nFinished processing iready data from stage 1 to stage 2\n"}],"execution_count":17}]},"dependsOn":[]},{"name":"[concat(parameters('workspaceName'), '/create_sql_db')]","type":"Microsoft.Synapse/workspaces/pipelines","apiVersion":"2019-06-01-preview","properties":{"activities":[{"name":"set sqlDBName","type":"SetVariable","dependsOn":[],"userProperties":[],"typeProperties":{"variableName":"sqlDBName","value":{"value":"sqls@{pipeline().parameters.stage}_@{pipeline().parameters.sourceDirectory}","type":"Expression"}}},{"name":"Stored procedure1","type":"SqlServerStoredProcedure","dependsOn":[{"activity":"set sqlDBName","dependencyConditions":["Succeeded"]}],"policy":{"timeout":"7.00:00:00","retry":0,"retryIntervalInSeconds":30,"secureOutput":false,"secureInput":false},"userProperties":[],"typeProperties":{"storedProcedureName":"[[dbo].[sp_executesql]","storedProcedureParameters":{"command":{"value":{"value":"IF NOT EXISTS (SELECT * FROM sys.databases WHERE name = '@{variables('sqlDBName')}') \nBEGIN\n  CREATE DATABASE @{variables('sqlDBName')}; \nEND;","type":"Expression"},"type":"String"}}},"linkedServiceName":{"referenceName":"[parameters('LS_SQL_Serverless_OEA')]","type":"LinkedServiceReference","parameters":{"dbName":"master"}}},{"name":"get folders in stageXp","type":"GetMetadata","dependsOn":[{"activity":"Stored procedure1","dependencyConditions":["Succeeded"]}],"policy":{"timeout":"7.00:00:00","retry":0,"retryIntervalInSeconds":30,"secureOutput":false,"secureInput":false},"userProperties":[],"typeProperties":{"dataset":{"referenceName":"DS_ADLS_binary_folder","type":"DatasetReference","parameters":{"filesystem":{"value":"stage@{pipeline().parameters.stage}p","type":"Expression"},"directory":{"value":"@pipeline().parameters.sourceDirectory","type":"Expression"}}},"fieldList":["childItems"],"storeSettings":{"type":"AzureBlobFSReadSettings","recursive":true,"enablePartitionDiscovery":false},"formatSettings":{"type":"BinaryReadSettings"}}},{"name":"ForEach1","type":"ForEach","dependsOn":[{"activity":"get folders in stageXp","dependencyConditions":["Succeeded"]}],"userProperties":[],"typeProperties":{"items":{"value":"@activity('get folders in stageXp').output.childItems","type":"Expression"},"activities":[{"name":"create or alter view for pseduonymized tables","type":"SqlServerStoredProcedure","dependsOn":[],"policy":{"timeout":"7.00:00:00","retry":0,"retryIntervalInSeconds":30,"secureOutput":false,"secureInput":false},"userProperties":[{"name":"command","value":"CREATE OR ALTER VIEW @{item().name} AS SELECT * FROM OPENROWSET( BULK 'https://@{pipeline().parameters.storageAccount}.dfs.core.windows.net/stage@{pipeline().parameters.stage}p/@{pipeline().parameters.sourceDirectory}/@{item().name}', FORMAT='DELTA' ) AS [r]"}],"typeProperties":{"storedProcedureName":"[[dbo].[sp_executesql]","storedProcedureParameters":{"command":{"value":{"value":"CREATE OR ALTER VIEW @{item().name} AS\nSELECT * FROM OPENROWSET(\nBULK 'https://@{pipeline().parameters.storageAccount}.dfs.core.windows.net/stage@{pipeline().parameters.stage}p/@{pipeline().parameters.sourceDirectory}/@{item().name}',\nFORMAT='DELTA'\n) AS [r]","type":"Expression"},"type":"String"}}},"linkedServiceName":{"referenceName":"[parameters('LS_SQL_Serverless_OEA')]","type":"LinkedServiceReference","parameters":{"dbName":{"value":"@variables('sqlDBName')","type":"Expression"}}}}]}},{"name":"get folders in stageXnp","type":"GetMetadata","dependsOn":[{"activity":"Stored procedure1","dependencyConditions":["Succeeded"]}],"policy":{"timeout":"7.00:00:00","retry":0,"retryIntervalInSeconds":30,"secureOutput":false,"secureInput":false},"userProperties":[],"typeProperties":{"dataset":{"referenceName":"DS_ADLS_binary_folder","type":"DatasetReference","parameters":{"filesystem":{"value":"stage@{pipeline().parameters.stage}np","type":"Expression"},"directory":{"value":"@pipeline().parameters.sourceDirectory","type":"Expression"}}},"fieldList":["childItems"],"storeSettings":{"type":"AzureBlobFSReadSettings","recursive":true,"enablePartitionDiscovery":false},"formatSettings":{"type":"BinaryReadSettings"}}},{"name":"ForEach2","type":"ForEach","dependsOn":[{"activity":"get folders in stageXnp","dependencyConditions":["Succeeded"]}],"userProperties":[],"typeProperties":{"items":{"value":"@activity('get folders in stageXnp').output.childItems","type":"Expression"},"activities":[{"name":"create or alter view for lookup tables","type":"SqlServerStoredProcedure","dependsOn":[],"policy":{"timeout":"7.00:00:00","retry":0,"retryIntervalInSeconds":30,"secureOutput":false,"secureInput":false},"userProperties":[{"name":"command","value":"CREATE OR ALTER VIEW @{item().name} AS SELECT * FROM OPENROWSET( BULK 'https://@{pipeline().parameters.storageAccount}.dfs.core.windows.net/stage@{pipeline().parameters.stage}p/@{pipeline().parameters.sourceDirectory}/@{item().name}', FORMAT='DELTA' ) AS [r]"}],"typeProperties":{"storedProcedureName":"[[dbo].[sp_executesql]","storedProcedureParameters":{"command":{"value":{"value":"CREATE OR ALTER VIEW @{item().name} AS\nSELECT * FROM OPENROWSET(\nBULK 'https://@{pipeline().parameters.storageAccount}.dfs.core.windows.net/stage@{pipeline().parameters.stage}np/@{pipeline().parameters.sourceDirectory}/@{item().name}',\nFORMAT='DELTA'\n) AS [r]","type":"Expression"},"type":"String"}}},"linkedServiceName":{"referenceName":"[parameters('LS_SQL_Serverless_OEA')]","type":"LinkedServiceReference","parameters":{"dbName":{"value":"@variables('sqlDBName')","type":"Expression"}}}}]}}],"policy":{"elapsedTimeMetric":{},"cancelAfter":{}},"parameters":{"storageAccount":{"type":"string","defaultValue":"@pipeline().parameters.storageAccount"},"sourceDirectory":{"type":"string","defaultValue":"@pipeline().parameters.sourceDirectory"},"stage":{"type":"string","defaultValue":"2"}},"variables":{"sqlDBName":{"type":"String","defaultValue":"sqls2_mydb"}},"folder":{"name":"OEA_Framework/Ingest"},"annotations":[],"lastPublishTime":"2022-08-09T19:57:11Z"},"dependsOn":["[concat(variables('workspaceId'), '/datasets/DS_ADLS_binary_folder')]"]},{"name":"[concat(parameters('workspaceName'), '/create_lake_db')]","type":"Microsoft.Synapse/workspaces/pipelines","apiVersion":"2019-06-01-preview","properties":{"activities":[{"name":"create_lake_db","type":"SynapseNotebook","dependsOn":[],"policy":{"timeout":"7.00:00:00","retry":0,"retryIntervalInSeconds":30,"secureOutput":false,"secureInput":false},"userProperties":[{"name":"kwargs","value":"{'stage_num':@{pipeline().parameters.stageNum},'source_dir':@{pipeline().parameters.sourceDirectory}"}],"typeProperties":{"notebook":{"referenceName":"OEA_connector_gene","type":"NotebookReference"},"parameters":{"object_name":{"value":"oea","type":"string"},"method_name":{"value":"create_lake_db","type":"string"},"kwargs":{"value":{"value":"{'stage_num':@{pipeline().parameters.stageNum},'source_dir':'@{pipeline().parameters.sourceDirectory}'}","type":"Expression"},"type":"string"}},"sparkPool":{"referenceName":"spark3p1sm","type":"BigDataPoolReference"}}}],"policy":{"elapsedTimeMetric":{},"cancelAfter":{}},"parameters":{"stageNum":{"type":"string","defaultValue":"2"},"sourceDirectory":{"type":"string","defaultValue":"@pipeline().parameters.sourceDirectory"}},"folder":{"name":"OEA_Framework/Ingest"},"annotations":[],"lastPublishTime":"2022-08-09T19:57:06Z"},"dependsOn":["[concat(variables('workspaceId'), '/notebooks/OEA_connector_gene')]","[concat(variables('workspaceId'), '/bigDataPools/spark3p1sm')]"]},{"name":"[concat(parameters('workspaceName'), '/DS_HTTP_binary')]","type":"Microsoft.Synapse/workspaces/datasets","apiVersion":"2019-06-01-preview","properties":{"description":"Retrieves data from an http endpoint.\nThe data can be in any format - the binary dataset allows us to pull any payload without affecting it.","linkedServiceName":{"referenceName":"[parameters('LS_HTTP')]","type":"LinkedServiceReference","parameters":{"baseURL":{"value":"@dataset().URL","type":"Expression"}}},"parameters":{"URL":{"type":"string"}},"folder":{"name":"OEA_Framework"},"annotations":[],"type":"Binary","typeProperties":{"location":{"type":"HttpServerLocation"}}},"dependsOn":[]},{"name":"[concat(parameters('workspaceName'), '/DS_ADLS_binary')]","type":"Microsoft.Synapse/workspaces/datasets","apiVersion":"2019-06-01-preview","properties":{"linkedServiceName":{"referenceName":"[parameters('LS_ADLS_OEA')]","type":"LinkedServiceReference"},"parameters":{"filesystem":{"type":"string","defaultValue":"stage1np"},"directory":{"type":"string"},"file":{"type":"string"}},"annotations":[],"type":"Binary","typeProperties":{"location":{"type":"AzureBlobFSLocation","fileName":{"value":"@dataset().file","type":"Expression"},"folderPath":{"value":"@dataset().directory","type":"Expression"},"fileSystem":{"value":"@dataset().filesystem","type":"Expression"}}}},"dependsOn":[]},{"name":"[concat(parameters('workspaceName'), '/DS_ADLS_binary_folder')]","type":"Microsoft.Synapse/workspaces/datasets","apiVersion":"2019-06-01-preview","properties":{"linkedServiceName":{"referenceName":"[parameters('LS_ADLS_OEA')]","type":"LinkedServiceReference"},"parameters":{"filesystem":{"type":"string"},"directory":{"type":"string"}},"folder":{"name":"OEA_Framework"},"annotations":[],"type":"Binary","typeProperties":{"location":{"type":"AzureBlobFSLocation","folderPath":{"value":"@dataset().directory","type":"Expression"},"fileSystem":{"value":"@dataset().filesystem","type":"Expression"}}}},"dependsOn":[]},{"name":"[concat(parameters('workspaceName'), '/OEA_connector_gene')]","type":"Microsoft.Synapse/workspaces/notebooks","apiVersion":"2019-06-01-preview","properties":{"nbformat":4,"nbformat_minor":2,"bigDataPool":{"referenceName":"spark3p1sm","type":"BigDataPoolReference"},"sessionProperties":{"driverMemory":"28g","driverCores":4,"executorMemory":"28g","executorCores":4,"numExecutors":2,"runAsWorkspaceSystemIdentity":false,"conf":{}},"metadata":{"kernelspec":{"name":"synapse_pyspark","display_name":"Synapse PySpark"},"language_info":{"name":"python"}},"cells":[{"cell_type":"markdown","metadata":{"nteract":{"transient":{"deleting":false}}},"source":["# OEA connector\n","This notebook provides a way for invoking methods on the OEA framework or supporting modules from a pipeline.\n","\n","When setting up a new module, be sure to include a new cell below that imports that module, so that its methods can be invoked by pipelines."],"attachments":null},{"cell_type":"code","metadata":{"jupyter":{"source_hidden":false,"outputs_hidden":false},"nteract":{"transient":{"deleting":false}},"tags":["parameters"]},"source":["# These values should be passed in from the pipeline that is using this notebook as an activity.\r\n","# Note that kwargs allows you to pass in a dict of params, but the dict has to specified as a string when invoked from a pipeline.\r\n","# Also note that you can refer to attributes of an object in the params, for example: {'path':oea.stage2np}\r\n","object_name = 'oea'\r\n","method_name = ''\r\n","kwargs = '{}'"],"attachments":null,"outputs":[],"execution_count":null},{"cell_type":"code","metadata":{"jupyter":{"outputs_hidden":false,"source_hidden":false},"nteract":{"transient":{"deleting":false}},"collapsed":true},"source":["%run /OEA_py"],"attachments":null,"outputs":[],"execution_count":null},{"cell_type":"code","metadata":{"jupyter":{"outputs_hidden":false,"source_hidden":false},"nteract":{"transient":{"deleting":false}},"collapsed":true},"source":["%run /ContosoSIS_py"],"attachments":null,"outputs":[],"execution_count":null},{"cell_type":"code","metadata":{"jupyter":{"source_hidden":false,"outputs_hidden":false},"nteract":{"transient":{"deleting":false}}},"source":["obj = eval(object_name)\r\n","kwargs = eval(kwargs)\r\n","m = getattr(obj, method_name)\r\n","result = m(**kwargs)\r\n","mssparkutils.notebook.exit(result)"],"attachments":null,"outputs":[],"execution_count":null}]},"dependsOn":[]},{"name":"[concat(parameters('workspaceName'), '/spark3p1sm')]","type":"Microsoft.Synapse/workspaces/bigDataPools","apiVersion":"2019-06-01-preview","properties":{"autoPause":{"enabled":true,"delayInMinutes":15},"autoScale":{"enabled":true,"maxNodeCount":5,"minNodeCount":3},"nodeCount":3,"nodeSize":"Small","nodeSizeFamily":"MemoryOptimized","sparkVersion":"3.1","libraryRequirements":{"content":"opencensus-ext-azure >= 1.0.8\r\nFaker >= 8.0","filename":"/usr/csuser/clouddrive/OpenEduAnalytics/framework/requirements.txt","time":"2022-02-03T19:05:46.617302Z"},"isComputeIsolationEnabled":false,"sessionLevelPackagesEnabled":false,"annotations":[]},"dependsOn":[],"location":"westus"}]}