{
    "name": "ml_main_pipeline",
    "properties": {
        "activities": [
            {
                "name": "Serve to PowerBI",
                "type": "ExecutePipeline",
                "dependsOn": [
                    {
                        "activity": "AutoML Trigger",
                        "dependencyConditions": [
                            "Succeeded"
                        ]
                    }
                ],
                "userProperties": [],
                "typeProperties": {
                    "pipeline": {
                        "referenceName": "p4_pbi_serve",
                        "type": "PipelineReference"
                    },
                    "waitOnCompletion": true
                }
            },
            {
                "name": "Data Cleaning and Aggregation",
                "type": "ExecutePipeline",
                "dependsOn": [],
                "userProperties": [],
                "typeProperties": {
                    "pipeline": {
                        "referenceName": "p1_data_clean_aggr",
                        "type": "PipelineReference"
                    },
                    "waitOnCompletion": true
                }
            },
            {
                "name": "AutoML Trigger",
                "type": "ExecutePipeline",
                "dependsOn": [
                    {
                        "activity": "Join To Model Table",
                        "dependencyConditions": [
                            "Succeeded"
                        ]
                    }
                ],
                "userProperties": [],
                "typeProperties": {
                    "pipeline": {
                        "referenceName": "p3_feature_eng_automl",
                        "type": "PipelineReference"
                    },
                    "waitOnCompletion": true
                }
            },
            {
                "name": "Join To Model Table",
                "type": "ExecutePipeline",
                "dependsOn": [
                    {
                        "activity": "Data Cleaning and Aggregation",
                        "dependencyConditions": [
                            "Succeeded"
                        ]
                    }
                ],
                "userProperties": [],
                "typeProperties": {
                    "pipeline": {
                        "referenceName": "p2_join_model_table",
                        "type": "PipelineReference"
                    },
                    "waitOnCompletion": true
                }
            }
        ],
        "folder": {
            "name": "ML_Chron_Abs"
        },
        "annotations": []
    }
}