{
    "name": "p3_feature_eng_automl",
    "properties": {
        "activities": [
            {
                "name": "Prepare model table for automl",
                "type": "SynapseNotebook",
                "dependsOn": [],
                "policy": {
                    "timeout": "7.00:00:00",
                    "retry": 0,
                    "retryIntervalInSeconds": 30,
                    "secureOutput": false,
                    "secureInput": false
                },
                "userProperties": [],
                "typeProperties": {
                    "notebook": {
                        "referenceName": "p3_create_model_df_automl",
                        "type": "NotebookReference"
                    },
                    "snapshot": true
                }
            },
            {
                "name": "Trigger AutoML Run",
                "type": "SynapseNotebook",
                "dependsOn": [
                    {
                        "activity": "Prepare model table for automl",
                        "dependencyConditions": [
                            "Succeeded"
                        ]
                    }
                ],
                "policy": {
                    "timeout": "7.00:00:00",
                    "retry": 0,
                    "retryIntervalInSeconds": 30,
                    "secureOutput": false,
                    "secureInput": false
                },
                "userProperties": [],
                "typeProperties": {
                    "notebook": {
                        "referenceName": "p3_trigger_automl_run",
                        "type": "NotebookReference"
                    },
                    "snapshot": true
                }
            },
            {
                "name": "Generate Explanations Table",
                "type": "SynapseNotebook",
                "dependsOn": [
                    {
                        "activity": "Trigger AutoML Run",
                        "dependencyConditions": [
                            "Succeeded"
                        ]
                    }
                ],
                "policy": {
                    "timeout": "7.00:00:00",
                    "retry": 0,
                    "retryIntervalInSeconds": 30,
                    "secureOutput": false,
                    "secureInput": false
                },
                "userProperties": [],
                "typeProperties": {
                    "notebook": {
                        "referenceName": "p3_run_automl_model",
                        "type": "NotebookReference"
                    },
                    "snapshot": true
                }
            },
            {
                "name": "Log Modelling Results",
                "type": "SynapseNotebook",
                "dependsOn": [
                    {
                        "activity": "Generate Explanations Table",
                        "dependencyConditions": [
                            "Succeeded"
                        ]
                    }
                ],
                "policy": {
                    "timeout": "7.00:00:00",
                    "retry": 0,
                    "retryIntervalInSeconds": 30,
                    "secureOutput": false,
                    "secureInput": false
                },
                "userProperties": [],
                "typeProperties": {
                    "notebook": {
                        "referenceName": "p3_log_results_new",
                        "type": "NotebookReference"
                    },
                    "snapshot": true
                }
            }
        ],
        "folder": {
            "name": "ML_Chron_Abs"
        },
        "annotations": []
    }
}