{
    "name": "p4_pbi_serve",
    "properties": {
        "activities": [
            {
                "name": "attendance code groupings",
                "type": "SynapseNotebook",
                "dependsOn": [
                    {
                        "activity": "school locations",
                        "dependencyConditions": [
                            "Succeeded"
                        ]
                    }
                ],
                "policy": {
                    "timeout": "7.00:00:00",
                    "retry": 0,
                    "retryIntervalInSeconds": 30,
                    "secureOutput": false,
                    "secureInput": false
                },
                "userProperties": [],
                "typeProperties": {
                    "notebook": {
                        "referenceName": "p4_att_code_groupings",
                        "type": "NotebookReference"
                    },
                    "snapshot": true
                }
            },
            {
                "name": "model table for powerBI",
                "type": "SynapseNotebook",
                "dependsOn": [
                    {
                        "activity": "attendance code groupings",
                        "dependencyConditions": [
                            "Succeeded"
                        ]
                    }
                ],
                "policy": {
                    "timeout": "7.00:00:00",
                    "retry": 0,
                    "retryIntervalInSeconds": 30,
                    "secureOutput": false,
                    "secureInput": false
                },
                "userProperties": [],
                "typeProperties": {
                    "notebook": {
                        "referenceName": "p4_model_table_pbi",
                        "type": "NotebookReference"
                    },
                    "snapshot": true
                }
            },
            {
                "name": "school locations",
                "type": "SynapseNotebook",
                "dependsOn": [],
                "policy": {
                    "timeout": "7.00:00:00",
                    "retry": 0,
                    "retryIntervalInSeconds": 30,
                    "secureOutput": false,
                    "secureInput": false
                },
                "userProperties": [],
                "typeProperties": {
                    "notebook": {
                        "referenceName": "p4_school_locations",
                        "type": "NotebookReference"
                    },
                    "snapshot": true
                }
            },
            {
                "name": "attendance table for powerBI",
                "type": "SynapseNotebook",
                "dependsOn": [
                    {
                        "activity": "model table for powerBI",
                        "dependencyConditions": [
                            "Succeeded"
                        ]
                    }
                ],
                "policy": {
                    "timeout": "7.00:00:00",
                    "retry": 0,
                    "retryIntervalInSeconds": 30,
                    "secureOutput": false,
                    "secureInput": false
                },
                "userProperties": [],
                "typeProperties": {
                    "notebook": {
                        "referenceName": "p4_attendance_table_pbi",
                        "type": "NotebookReference"
                    },
                    "snapshot": true
                }
            }
        ],
        "folder": {
            "name": "ML_Chron_Abs"
        },
        "annotations": []
    }
}