{
    "now": "2022-04-26T17:41:16.619Z",
    "perfNow": 15088490.5,
    "diagnosticCorrelation": "96c1f71c-e918-45d4-a00d-20bdc080cd31",
    "source": "DownloadSupportFiles",
    "environment": {
        "productName": "a365",
        "buildVersion": "22.0418.12",
        "environmentType": 9,
        "resourceName": "eduanalyticsfusd2",
        "resourceRegion": "westus2",
        "resourceGroup": "EduAnalytics",
        "subscriptionId": "f16d97ba-b733-4436-9564-554a1452b258",
        "sessionId": "i2iOC",
        "operationId": "9MIcF",
        "gitType": "VSTS"
    },
    "additionalInfo": {
        "selectedResource": "p1_data_clean_aggr",
        "selectedResourceType": "pipeline"
    }
}