{
    "name": "DS_JSON_File",
    "properties": {
        "linkedServiceName": {
            "referenceName": "LS_Datalake",
            "type": "LinkedServiceReference"
        },
        "parameters": {
            "stage": {
                "type": "string",
                "defaultValue": "1"
            },
            "path": {
                "type": "string"
            },
            "fileName": {
                "type": "string",
                "defaultValue": "data.json"
            }
        },
        "annotations": [],
        "type": "Json",
        "typeProperties": {
            "location": {
                "type": "AzureBlobFSLocation",
                "fileName": {
                    "value": "@dataset().fileName",
                    "type": "Expression"
                },
                "folderPath": {
                    "value": "@dataset().path",
                    "type": "Expression"
                },
                "fileSystem": {
                    "value": "stage@{dataset().stage}",
                    "type": "Expression"
                }
            }
        },
        "schema": {}
    },
    "type": "Microsoft.Synapse/workspaces/datasets"
}