{
	"name": "M365_py",
	"properties": {
		"nbformat": 4,
		"nbformat_minor": 2,
		"sessionProperties": {
			"driverMemory": "28g",
			"driverCores": 4,
			"executorMemory": "28g",
			"executorCores": 4,
			"numExecutors": 2,
			"conf": {
				"spark.dynamicAllocation.enabled": "false",
				"spark.dynamicAllocation.minExecutors": "2",
				"spark.dynamicAllocation.maxExecutors": "2",
				"spark.autotune.trackingId": "78e74986-bebc-45dc-bd02-e7fab7f2fc39"
			}
		},
		"metadata": {
			"saveOutput": true,
			"synapse_widget": {
				"version": "0.1"
			},
			"enableDebugMode": false,
			"kernelspec": {
				"name": "synapse_pyspark",
				"display_name": "python"
			},
			"language_info": {
				"name": "python"
			}
		},
		"cells": [
			{
				"cell_type": "code",
				"source": [
					"class M365(BaseOEAModule):\n",
					"    \"\"\"\n",
					"    Provides data processing methods for MS Insights data v0.2 format.\n",
					"    \"\"\"\n",
					"\n",
					"    def __init__(self, source_folder='m365', pseudonymize = False):\n",
					"        BaseOEAModule.__init__(self, source_folder, pseudonymize)\n",
					"\n",
					"        self.schemas['Activity'] = [['SignalType', 'string', 'no-op'],\n",
					"                                            ['StartTime', 'timestamp', 'no-op'],\n",
					"                                            ['UserAgent', 'string', 'no-op'],\n",
					"                                            ['SignalId', 'string', 'no-op'],\n",
					"                                            ['SISClassId', 'string', 'no-op'],\n",
					"                                            ['OfficeClassId', 'string', 'no-op'],\n",
					"                                            ['ChannelId', 'string', 'no-op'],\n",
					"                                            ['AppName', 'string', 'no-op'],\n",
					"                                            ['ActorId', 'string', 'hash-no-lookup'],\n",
					"                                            ['ActorRole', 'string', 'no-op'],\n",
					"                                            ['SchemaVersion', 'string', 'no-op'],\n",
					"                                            ['AssignmentId', 'string', 'no-op'],\n",
					"                                            ['SubmissionId', 'string', 'no-op'],\n",
					"                                            ['Action', 'string', 'no-op'],\n",
					"                                            ['AssginmentDueDate', 'string', 'no-op'],\n",
					"                                            ['ClassCreationDate', 'string', 'no-op'],\n",
					"                                            ['Grade', 'string', 'no-op'],\n",
					"                                            ['SourceFileExtension', 'string', 'no-op'],\n",
					"                                            ['MeetingDuration', 'string', 'no-op']]\n",
					"        self.schemas['Calendar'] = [['Id', 'string', 'no-op'],\n",
					"                                            ['Name', 'string', 'no-op'],\n",
					"                                            ['Description', 'string', 'no-op'],\n",
					"                                            ['SchoolYear', 'integer', 'no-op'],\n",
					"                                            ['IsCurrent', 'boolean', 'no-op'],\n",
					"                                            ['ExternalId', 'string', 'no-op'],\n",
					"                                            ['CreateDate', 'timestamp', 'no-op'],\n",
					"                                            ['LastModifiedDate', 'timestamp', 'no-op'],\n",
					"                                            ['IsActive', 'boolean', 'no-op'],\n",
					"                                            ['OrgId', 'string', 'no-op']]\n",
					"        self.schemas['Course'] = [['Id', 'string', 'no-op'],\n",
					"                                            ['Name', 'string', 'no-op'],\n",
					"                                            ['Code', 'string', 'no-op'],\n",
					"                                            ['Description', 'string', 'no-op'],\n",
					"                                            ['ExternalId', 'string', 'no-op'],\n",
					"                                            ['CreateDate', 'timestamp', 'no-op'],\n",
					"                                            ['LastModifiedDate', 'timestamp', 'no-op'],\n",
					"                                            ['IsActive', 'boolean', 'no-op'],\n",
					"                                            ['CalendarId', 'string', 'no-op']]\n",
					"        self.schemas['Org'] = [['Id', 'string', 'no-op'],\n",
					"                                            ['Name', 'string', 'no-op'],\n",
					"                                            ['Identifier', 'string', 'no-op'],\n",
					"                                            ['ExternalId', 'string', 'no-op'],\n",
					"                                            ['CreateDate', 'timestamp', 'no-op'],\n",
					"                                            ['LastModifiedDate', 'timestamp', 'no-op'],\n",
					"                                            ['IsActive', 'boolean', 'no-op'],\n",
					"                                            ['ParentOrgId', 'string', 'no-op'],\n",
					"                                            ['RefOrgTypeId', 'string', 'no-op'],\n",
					"                                            ['SourceSystemId', 'string', 'no-op']]\n",
					"        self.schemas['Person'] = [['Id', 'string', 'hash'],\n",
					"                                            ['FirstName', 'string', 'mask'],\n",
					"                                            ['MiddleName', 'string', 'mask'],\n",
					"                                            ['LastName', 'string', 'mask'],\n",
					"                                            ['GenerationCode', 'string', 'no-op'],\n",
					"                                            ['Prefix', 'string', 'no-op'],\n",
					"                                            ['EnabledUser', 'string', 'no-op'],\n",
					"                                            ['ExternalId', 'string', 'hash'],\n",
					"                                            ['CreateDate', 'timestamp', 'no-op'],\n",
					"                                            ['LastModifiedDate', 'timestamp', 'no-op'],\n",
					"                                            ['IsActive', 'boolean', 'no-op'],\n",
					"                                            ['SourceSystemId', 'string', 'no-op']]\n",
					"        self.schemas['PersonIdentifier'] = [['Id', 'string', 'hash'],\n",
					"                                            ['Identifier', 'string', 'hash'],\n",
					"                                            ['Description', 'string', 'no-op'],\n",
					"                                            ['RefIdentifierTypeId', 'string', 'no-op'],\n",
					"                                            ['ExternalId', 'string', 'hash'],\n",
					"                                            ['CreateDate', 'timestamp', 'no-op'],\n",
					"                                            ['LastModifiedDate', 'timestamp', 'no-op'],\n",
					"                                            ['IsActive', 'boolean', 'no-op'],\n",
					"                                            ['PersonId', 'string', 'hash'],\n",
					"                                            ['SourceSystemId', 'string', 'no-op']]\n",
					"        self.schemas['RefDefinition'] = [['Id', 'string', 'no-op'],\n",
					"                                            ['RefType', 'string', 'no-op'],\n",
					"                                            ['Namespace', 'string', 'no-op'],\n",
					"                                            ['Code', 'string', 'no-op'],\n",
					"                                            ['SortOrder', 'integer', 'no-op'],\n",
					"                                            ['Description', 'string', 'no-op'],\n",
					"                                            ['IsActive', 'boolean', 'no-op']]\n",
					"        self.schemas['Section'] = [['Id', 'string', 'no-op'],\n",
					"                                            ['Name', 'string', 'no-op'],\n",
					"                                            ['Code', 'string', 'no-op'],\n",
					"                                            ['Location', 'string', 'no-op'],\n",
					"                                            ['ExternalId', 'string', 'no-op'],\n",
					"                                            ['CreateDate', 'timestamp', 'no-op'],\n",
					"                                            ['LastModifiedDate', 'timestamp', 'no-op'],\n",
					"                                            ['IsActive', 'boolean', 'no-op'],\n",
					"                                            ['CourseId', 'string', 'no-op'],\n",
					"                                            ['RefSectionTypeId', 'string', 'no-op'],\n",
					"                                            ['SessionId', 'string', 'no-op'],\n",
					"                                            ['OrgId', 'string', 'no-op']]\n",
					"        self.schemas['Session'] = [['Id', 'string', 'no-op'],\n",
					"                                            ['Name', 'string', 'no-op'],\n",
					"                                            ['BeginDate', 'timestamp', 'no-op'],\n",
					"                                            ['EndDate', 'timestamp', 'no-op'],\n",
					"                                            ['ExternalId', 'string', 'no-op'],\n",
					"                                            ['CreateDate', 'timestamp', 'no-op'],\n",
					"                                            ['LastModifiedDate', 'timestamp', 'no-op'],\n",
					"                                            ['IsActive', 'boolean', 'no-op'],\n",
					"                                            ['CalendarId', 'string', 'no-op'],\n",
					"                                            ['ParentSessionId', 'string', 'no-op'],\n",
					"                                            ['RefSessionTypeId', 'string', 'no-op']]\n",
					"        self.schemas['StaffOrgAffiliation'] = [['Id', 'string', 'no-op'],\n",
					"                                            ['IsPrimary', 'boolean', 'no-op'],\n",
					"                                            ['EntryDate', 'timestamp', 'no-op'],\n",
					"                                            ['ExitDate', 'timestamp', 'no-op'],\n",
					"                                            ['ExternalId', 'string', 'no-op'],\n",
					"                                            ['CreateDate', 'timestamp', 'no-op'],\n",
					"                                            ['LastModifiedDate', 'timestamp', 'no-op'],\n",
					"                                            ['IsActive', 'boolean', 'no-op'],\n",
					"                                            ['OrgId', 'string', 'no-op'],\n",
					"                                            ['PersonId', 'string', 'hash'],\n",
					"                                            ['RefStaffOrgRoleId', 'string', 'no-op']]\n",
					"        self.schemas['StaffSectionMembership'] = [['Id', 'string', 'no-op'],\n",
					"                                            ['IsPrimaryStaffForSection', 'boolean', 'no-op'],\n",
					"                                            ['EntryDate', 'timestamp', 'no-op'],\n",
					"                                            ['ExitDate', 'timestamp', 'no-op'],\n",
					"                                            ['ExternalId', 'string', 'no-op'],\n",
					"                                            ['CreateDate', 'timestamp', 'no-op'],\n",
					"                                            ['LastModifiedDate', 'timestamp', 'no-op'],\n",
					"                                            ['IsActive', 'boolean', 'no-op'],\n",
					"                                            ['PersonId', 'string', 'hash'],\n",
					"                                            ['RefStaffSectionRoleId', 'string', 'no-op'],\n",
					"                                            ['SectionId', 'string', 'no-op']]\n",
					"        self.schemas['StudentOrgAffiliation'] = [['Id', 'string', 'no-op'],\n",
					"                                            ['IsPrimary', 'boolean', 'no-op'],\n",
					"                                            ['EntryDate', 'timestamp', 'no-op'],\n",
					"                                            ['ExitDate', 'timestamp', 'no-op'],\n",
					"                                            ['ExternalId', 'string', 'no-op'],\n",
					"                                            ['CreateDate', 'timestamp', 'no-op'],\n",
					"                                            ['LastModifiedDate', 'timestamp', 'no-op'],\n",
					"                                            ['IsActive', 'boolean', 'no-op'],\n",
					"                                            ['OrgId', 'string', 'no-op'],\n",
					"                                            ['PersonId', 'string', 'hash'],\n",
					"                                            ['RefGradeLevelId', 'string', 'no-op'],\n",
					"                                            ['RefStudentOrgRoleId', 'string', 'no-op'],\n",
					"                                            ['RefEnrollmentStatusId', 'string', 'no-op']]\n",
					"        self.schemas['StudentSectionMembership'] = [['Id', 'string', 'no-op'],\n",
					"                                            ['EntryDate', 'timestamp', 'no-op'],\n",
					"                                            ['ExitDate', 'timestamp', 'no-op'],\n",
					"                                            ['ExternalId', 'string', 'no-op'],\n",
					"                                            ['CreateDate', 'timestamp', 'no-op'],\n",
					"                                            ['LastModifiedDate', 'timestamp', 'no-op'],\n",
					"                                            ['IsActive', 'boolean', 'no-op'],\n",
					"                                            ['PersonId', 'string', 'hash'],\n",
					"                                            ['RefGradeLevelWhenCourseTakenId', 'string', 'no-op'],\n",
					"                                            ['RefStudentSectionRoleId', 'string', 'no-op'],\n",
					"                                            ['SectionId', 'string', 'no-op']]\n",
					"    \n",
					"    def process_activity_data_from_stage1(self):\n",
					"        \"\"\" Processes activity data from stage1 into stage2 using structured streaming. \n",
					"            https://spark.apache.org/docs/latest/structured-streaming-programming-guide.html\n",
					"        \"\"\"\n",
					"        latest = oea.get_latest_folder(self.stage1np)\n",
					"        logger.info(\"Processing activity data from: \" + self.stage1np + '/' + latest)\n",
					"\n",
					"        sqlContext.registerDataFrameAsTable(spark.read.format('delta').load(oea.stage2p + '/m365/Activity_pseudo'), 'Activity')\n",
					"        sqlContext.registerDataFrameAsTable(spark.read.format('delta').load(oea.stage2p + '/m365/PersonIdentifier_pseudo'), 'PersonIdentifier')\n",
					"        sqlContext.registerDataFrameAsTable(spark.read.format('delta').load(oea.stage2p + '/m365/RefDefinition_pseudo'), 'RefDefinition')\n",
					"\n",
					"        df = spark.sql( \n",
					"            \"select act.SignalType, act.StartTime, act.UserAgent, act.SignalId, act.SISClassId, act.OfficeClassId, act.ChannelId, \\\n",
					"            act.AppName, act.ActorId_pseudonym, act.ActorRole, act.SchemaVersion, act.AssignmentId, act.SubmissionId, act.Action, act.AssginmentDueDate, \\\n",
					"            act.ClassCreationDate, act.Grade, act.SourceFileExtension, act.MeetingDuration, pi.PersonId_pseudonym \\\n",
					"            from PersonIdentifier pi, RefDefinition rd, Activity act \\\n",
					"            where \\\n",
					"                pi.RefIdentifierTypeId = rd.Id \\\n",
					"                and rd.RefType = 'RefIdentifierType' \\\n",
					"                and rd.Code = 'ActiveDirectoryId' \\\n",
					"                and pi.Identifier_pseudonym = act.ActorId_pseudonym\")\n",
					"\n",
					"        df = df.dropDuplicates(['SignalId'])\n",
					"        df = df.withColumn('year', F.year(F.col('StartTime'))).withColumn('month', F.month(F.col('StartTime')))\n",
					"        df = oea.fix_column_names(df)\n",
					"        df.write.format('delta').mode('overwrite').option(\"mergeSchema\", \"true\").save(self.stage2p + '/TechActivity')\n",
					"\n",
					"    def process_roster_from_stage1(self):\n",
					"        items = mssparkutils.fs.ls(self.stage1np)\n",
					"        for item in items:  \n",
					"            oea.ingest_snapshot_data(self.source_folder, item.name, self.schemas[item.name], None, primary_key= ('SignalId' if item.name=='Activity' else 'Id')) \n",
					"\n",
					"    def ingest(self):\n",
					"        self.process_roster_from_stage1()\n",
					"        self.process_activity_data_from_stage1()\n",
					"\n",
					"m365 = M365()\n",
					""
				],
				"attachments": null,
				"execution_count": null
			}
		]
	}
}