3546348a-9c55-4255-b925-79e12d7a5884,2021-07-09T06:05:11.000Z,Student_st20,true,f252a43e-78b0-4eba-b644-363643836bf0,203,a644a836-3b7d-4f02-8faf-1b2091258163
fb078384-2ec9-4f4d-902d-df3ce0d522a8,2021-08-03T06:13:39.000Z,st20,true,f252a43e-78b0-4eba-b644-363643836bf0,198,a644a836-3b7d-4f02-8faf-1b2091258163
8dada437-56e7-4228-aefd-72ea7dc228b5,2021-08-03T06:13:39.000Z,School Data Sync_Student_st20,true,f252a43e-78b0-4eba-b644-363643836bf0,257,a644a836-3b7d-4f02-8faf-1b2091258163
3db06848-a2b7-4c50-9054-d8fe5d364d7c,2021-07-09T06:05:11.000Z,20,true,f252a43e-78b0-4eba-b644-363643836bf0,200,a644a836-3b7d-4f02-8faf-1b2091258163
c9d8e54e-a6bf-462c-8487-736dd7bd61f0,2021-08-03T06:13:39.000Z,st20,true,f252a43e-78b0-4eba-b644-363643836bf0,201,a644a836-3b7d-4f02-8faf-1b2091258163
5a32fa56-179c-464e-a0bf-2664df05f914,2021-08-03T06:13:39.000Z,ashleytodd20,true,f252a43e-78b0-4eba-b644-363643836bf0,197,a644a836-3b7d-4f02-8faf-1b2091258163
5df01b5f-ef1e-4604-9b60-6c7b59042116,2021-07-09T06:05:11.000Z,21,true,879d84b3-d7b0-4d17-9b6d-b4699f3f4bc6,200,a644a836-3b7d-4f02-8faf-1b2091258163
6c7226ca-226d-448c-b9e9-f992764c97ec,2021-07-09T06:05:11.000Z,School Data Sync_Student_st21,true,879d84b3-d7b0-4d17-9b6d-b4699f3f4bc6,257,a644a836-3b7d-4f02-8faf-1b2091258163
4326151a-5140-4d59-9d01-7566b61278e2,2021-07-09T06:05:11.000Z,lisamckee21,true,879d84b3-d7b0-4d17-9b6d-b4699f3f4bc6,197,a644a836-3b7d-4f02-8faf-1b2091258163
da270e3c-506f-457e-9754-16e503e3eb3f,2021-07-09T06:05:11.000Z,st21,true,879d84b3-d7b0-4d17-9b6d-b4699f3f4bc6,201,a644a836-3b7d-4f02-8faf-1b2091258163
eb0186e9-f2f3-48aa-93e0-aa5b240cb72f,2021-07-09T06:05:11.000Z,st21,true,879d84b3-d7b0-4d17-9b6d-b4699f3f4bc6,198,a644a836-3b7d-4f02-8faf-1b2091258163
be668355-0f0a-4f3b-8798-44eaf92f615e,2021-07-09T06:05:11.000Z,Student_st21,true,879d84b3-d7b0-4d17-9b6d-b4699f3f4bc6,203,a644a836-3b7d-4f02-8faf-1b2091258163
1f24ae08-13c6-4776-a5b5-fdaad6303440,2021-08-03T06:13:39.000Z,Student_st35,true,f023b7f7-a8c9-480e-b2e4-05113ba42b70,203,a644a836-3b7d-4f02-8faf-1b2091258163
9fbcc055-e8cd-4a64-9871-17579570a771,2021-08-03T06:13:39.000Z,35,true,f023b7f7-a8c9-480e-b2e4-05113ba42b70,200,a644a836-3b7d-4f02-8faf-1b2091258163
d063f076-637d-4d05-8109-39b48b9622e3,2021-08-03T06:13:39.000Z,st35,true,f023b7f7-a8c9-480e-b2e4-05113ba42b70,201,a644a836-3b7d-4f02-8faf-1b2091258163
96d2507b-db13-43f4-9e84-15e3deb1457e,2021-07-09T06:05:11.000Z,abigailsmith35,true,f023b7f7-a8c9-480e-b2e4-05113ba42b70,197,a644a836-3b7d-4f02-8faf-1b2091258163
7dcad05f-3d50-475a-8efb-da19ee7a430f,2021-08-03T06:13:39.000Z,st35,true,f023b7f7-a8c9-480e-b2e4-05113ba42b70,198,a644a836-3b7d-4f02-8faf-1b2091258163
627bcb61-50c8-4985-9046-53820835a887,2021-07-09T06:05:11.000Z,School Data Sync_Student_st35,true,f023b7f7-a8c9-480e-b2e4-05113ba42b70,257,a644a836-3b7d-4f02-8faf-1b2091258163
00fafadd-1d7c-4b94-ba79-dfd7fcfeed70,2021-07-09T06:05:11.000Z,Student_st100,true,cfb1b2a2-a380-485b-a70e-a717465eeda9,203,a644a836-3b7d-4f02-8faf-1b2091258163
ae0d566d-f340-4280-9e98-603e738c020e,2021-08-03T06:13:39.000Z,100,true,cfb1b2a2-a380-485b-a70e-a717465eeda9,200,a644a836-3b7d-4f02-8faf-1b2091258163
14249a9b-58cf-44cc-a711-615dcb340ed2,2021-08-03T06:13:39.000Z,st100,true,cfb1b2a2-a380-485b-a70e-a717465eeda9,201,a644a836-3b7d-4f02-8faf-1b2091258163
90542df5-c8ab-47a5-957a-0426529d045d,2021-07-09T06:05:11.000Z,School Data Sync_Student_st100,true,cfb1b2a2-a380-485b-a70e-a717465eeda9,257,a644a836-3b7d-4f02-8faf-1b2091258163
77ffaf82-8671-4d5b-8580-e30880c412e1,2021-07-09T06:05:11.000Z,heatherarmstrong100,true,cfb1b2a2-a380-485b-a70e-a717465eeda9,197,a644a836-3b7d-4f02-8faf-1b2091258163
25e01df0-6022-464c-9bd9-c651f7fb6f00,2021-08-03T06:13:39.000Z,st100,true,cfb1b2a2-a380-485b-a70e-a717465eeda9,198,a644a836-3b7d-4f02-8faf-1b2091258163
c8d40c83-af9b-4652-8a14-38cea4ffa926,2021-08-03T06:13:39.000Z,st39,true,5ff995d9-15c5-4ba3-91cc-44598d645006,201,a644a836-3b7d-4f02-8faf-1b2091258163
c22ac999-3512-45a7-8008-1fe8ed5fb490,2021-08-03T06:13:39.000Z,st39,true,5ff995d9-15c5-4ba3-91cc-44598d645006,198,a644a836-3b7d-4f02-8faf-1b2091258163
bc70a291-4112-4f81-83d2-46c6a4fe1925,2021-08-03T06:13:39.000Z,School Data Sync_Student_st39,true,5ff995d9-15c5-4ba3-91cc-44598d645006,257,a644a836-3b7d-4f02-8faf-1b2091258163
f93661f9-38ed-483d-a38f-a8c5b5df7934,2021-07-09T06:05:11.000Z,39,true,5ff995d9-15c5-4ba3-91cc-44598d645006,200,a644a836-3b7d-4f02-8faf-1b2091258163
43880f78-9025-4c9d-a738-c93c3bc25b3d,2021-08-03T06:13:39.000Z,lydiahunt39,true,5ff995d9-15c5-4ba3-91cc-44598d645006,197,a644a836-3b7d-4f02-8faf-1b2091258163
b933b900-3a17-4a04-a14a-34c93efa45fa,2021-07-09T06:05:11.000Z,Student_st39,true,5ff995d9-15c5-4ba3-91cc-44598d645006,203,a644a836-3b7d-4f02-8faf-1b2091258163
f5013c52-c452-4d70-ac18-18ee6cbe2546,2021-08-03T06:13:39.000Z,54,true,bc2a2a30-1ad7-473e-a3cc-bbdaa7d811a0,200,a644a836-3b7d-4f02-8faf-1b2091258163
a727c841-4fea-493b-8479-f3fa96c08a49,2021-07-09T06:05:11.000Z,School Data Sync_Student_st54,true,bc2a2a30-1ad7-473e-a3cc-bbdaa7d811a0,257,a644a836-3b7d-4f02-8faf-1b2091258163
a2213751-6a0f-40aa-8509-9fff6554e730,2021-07-09T06:05:11.000Z,johnhampton54,true,bc2a2a30-1ad7-473e-a3cc-bbdaa7d811a0,197,a644a836-3b7d-4f02-8faf-1b2091258163
9afba1db-d997-46e4-b594-76fc0981cde5,2021-08-03T06:13:39.000Z,st54,true,bc2a2a30-1ad7-473e-a3cc-bbdaa7d811a0,198,a644a836-3b7d-4f02-8faf-1b2091258163
850453b4-e21e-44b5-8930-7f7e25f85803,2021-08-03T06:13:39.000Z,st54,true,bc2a2a30-1ad7-473e-a3cc-bbdaa7d811a0,201,a644a836-3b7d-4f02-8faf-1b2091258163
803b22de-022c-4bdd-a533-180f85a0f442,2021-07-09T06:05:11.000Z,Student_st54,true,bc2a2a30-1ad7-473e-a3cc-bbdaa7d811a0,203,a644a836-3b7d-4f02-8faf-1b2091258163
0dd5b1d7-3f61-40aa-9bcb-c49dfe05be97,2021-07-09T06:05:11.000Z,Student_st63,true,e3022d97-6185-468d-b348-bd26462f4013,203,a644a836-3b7d-4f02-8faf-1b2091258163
a2a425c0-3001-4f25-9972-7bc9f46d8beb,2021-08-03T06:13:39.000Z,st63,true,e3022d97-6185-468d-b348-bd26462f4013,201,a644a836-3b7d-4f02-8faf-1b2091258163
bedba604-74b7-4038-9138-a3e013090021,2021-07-09T06:05:11.000Z,School Data Sync_Student_st63,true,e3022d97-6185-468d-b348-bd26462f4013,257,a644a836-3b7d-4f02-8faf-1b2091258163
25ffdd20-9bd5-4ace-8f91-b463c85bce3f,2021-07-09T06:05:11.000Z,st63,true,e3022d97-6185-468d-b348-bd26462f4013,198,a644a836-3b7d-4f02-8faf-1b2091258163
da031d57-62ae-4560-be7c-718cb68a2f59,2021-07-09T06:05:11.000Z,andreaberry63,true,e3022d97-6185-468d-b348-bd26462f4013,197,a644a836-3b7d-4f02-8faf-1b2091258163
c3773158-eb4d-4fb5-ad74-f3b3c6f6e267,2021-08-03T06:13:39.000Z,63,true,e3022d97-6185-468d-b348-bd26462f4013,200,a644a836-3b7d-4f02-8faf-1b2091258163
7a455fff-70f6-40b1-8bd3-8f7282e1ca00,2021-08-03T06:13:39.000Z,69,true,6ede45d3-d107-4a47-aa25-83f26eb4c76d,200,a644a836-3b7d-4f02-8faf-1b2091258163
2ce3337e-900f-42d2-97b8-cf0fb6886d13,2021-08-03T06:13:39.000Z,kristinberg69,true,6ede45d3-d107-4a47-aa25-83f26eb4c76d,197,a644a836-3b7d-4f02-8faf-1b2091258163
1cba6fa3-41f0-48dc-ab13-54d098defa49,2021-08-03T06:13:39.000Z,Student_st69,true,6ede45d3-d107-4a47-aa25-83f26eb4c76d,203,a644a836-3b7d-4f02-8faf-1b2091258163
b99baade-348f-4973-be9a-c08eecbd2124,2021-07-09T06:05:11.000Z,st69,true,6ede45d3-d107-4a47-aa25-83f26eb4c76d,198,a644a836-3b7d-4f02-8faf-1b2091258163
35afe7b7-fab4-4f80-95cf-6238fd59a607,2021-07-09T06:05:11.000Z,st69,true,6ede45d3-d107-4a47-aa25-83f26eb4c76d,201,a644a836-3b7d-4f02-8faf-1b2091258163
e5a681a6-e481-45f2-9f2c-5d3c6b7169f7,2021-07-09T06:05:11.000Z,School Data Sync_Student_st69,true,6ede45d3-d107-4a47-aa25-83f26eb4c76d,257,a644a836-3b7d-4f02-8faf-1b2091258163
b6a1fe46-b071-4eda-986a-3fa7133ca9d8,2021-08-03T06:13:39.000Z,markhoward75,true,5f752110-d58b-4242-a934-2933697c5c9a,197,a644a836-3b7d-4f02-8faf-1b2091258163
40e14881-7689-410c-a3e0-6ba56c62e796,2021-08-03T06:13:39.000Z,School Data Sync_Student_st75,true,5f752110-d58b-4242-a934-2933697c5c9a,257,a644a836-3b7d-4f02-8faf-1b2091258163
8099918a-83a7-4161-81dd-786db15bd490,2021-07-09T06:05:11.000Z,Student_st75,true,5f752110-d58b-4242-a934-2933697c5c9a,203,a644a836-3b7d-4f02-8faf-1b2091258163
630aa3be-22a5-4880-8277-bd85f8b2cc4c,2021-07-09T06:05:11.000Z,st75,true,5f752110-d58b-4242-a934-2933697c5c9a,201,a644a836-3b7d-4f02-8faf-1b2091258163
4cecdae5-b1e4-439a-9d77-4dc979bf210d,2021-07-09T06:05:11.000Z,st75,true,5f752110-d58b-4242-a934-2933697c5c9a,198,a644a836-3b7d-4f02-8faf-1b2091258163
9fd24fc8-6996-4e73-a52c-0aaaacecaf92,2021-07-09T06:05:11.000Z,75,true,5f752110-d58b-4242-a934-2933697c5c9a,200,a644a836-3b7d-4f02-8faf-1b2091258163
668cf9da-2810-42a2-8a8f-54d5df9e1f50,2021-08-03T06:13:39.000Z,st85,true,f9d0448d-d62a-4a93-9e6a-a4d9fe2757e3,201,a644a836-3b7d-4f02-8faf-1b2091258163
d23ba87d-0932-4eca-8675-2e16f4ff55cd,2021-08-03T06:13:39.000Z,School Data Sync_Student_st85,true,f9d0448d-d62a-4a93-9e6a-a4d9fe2757e3,257,a644a836-3b7d-4f02-8faf-1b2091258163
8308e6b1-f56f-4834-b405-ea977a2c717a,2021-08-03T06:13:39.000Z,Student_st85,true,f9d0448d-d62a-4a93-9e6a-a4d9fe2757e3,203,a644a836-3b7d-4f02-8faf-1b2091258163
f329af55-2299-4dd9-a365-2f69b3eecfaf,2021-08-03T06:13:39.000Z,85,true,f9d0448d-d62a-4a93-9e6a-a4d9fe2757e3,200,a644a836-3b7d-4f02-8faf-1b2091258163
7393887c-6a1e-494d-93e6-3117a79f722a,2021-08-03T06:13:39.000Z,melissajohnson85,true,f9d0448d-d62a-4a93-9e6a-a4d9fe2757e3,197,a644a836-3b7d-4f02-8faf-1b2091258163
c1b6c6fd-fca5-40c6-b7e3-ccb6959c31e6,2021-08-03T06:13:39.000Z,st85,true,f9d0448d-d62a-4a93-9e6a-a4d9fe2757e3,198,a644a836-3b7d-4f02-8faf-1b2091258163
1696be23-487e-41ad-9347-eb34a88020b0,2021-08-03T06:13:39.000Z,School Data Sync_Student_st14,true,3301a575-02de-485d-95d0-42b56bf29317,257,a644a836-3b7d-4f02-8faf-1b2091258163
aa8c0c9c-7d73-4cbc-a8fc-321c560a7cc0,2021-07-09T06:05:11.000Z,patriciadillon14,true,3301a575-02de-485d-95d0-42b56bf29317,197,a644a836-3b7d-4f02-8faf-1b2091258163
d8973938-8fa6-4ffc-bec6-0dfe0b9d5ee0,2021-08-03T06:13:39.000Z,st14,true,3301a575-02de-485d-95d0-42b56bf29317,201,a644a836-3b7d-4f02-8faf-1b2091258163
1ebaa530-0028-4166-b17e-1e95464c78ad,2021-08-03T06:13:39.000Z,14,true,3301a575-02de-485d-95d0-42b56bf29317,200,a644a836-3b7d-4f02-8faf-1b2091258163
527904b4-23e7-41eb-9ff2-5e329f32e238,2021-07-09T06:05:11.000Z,st14,true,3301a575-02de-485d-95d0-42b56bf29317,198,a644a836-3b7d-4f02-8faf-1b2091258163
5c22ef67-e163-4216-aa0e-fb123687844d,2021-08-03T06:13:39.000Z,Student_st14,true,3301a575-02de-485d-95d0-42b56bf29317,203,a644a836-3b7d-4f02-8faf-1b2091258163
01ce12ed-55ec-411c-b366-f2b3c309fb5e,2021-08-03T06:13:39.000Z,School Data Sync_Student_st86,true,53bffab5-c064-445a-b2cf-bd7c47c2a56b,257,a644a836-3b7d-4f02-8faf-1b2091258163
a6e0fb27-fbb9-4707-903b-1f7ed4e251f8,2021-08-03T06:13:39.000Z,86,true,53bffab5-c064-445a-b2cf-bd7c47c2a56b,200,a644a836-3b7d-4f02-8faf-1b2091258163
2bd1a214-f649-44dc-a9d9-f5261b94fc54,2021-08-03T06:13:39.000Z,st86,true,53bffab5-c064-445a-b2cf-bd7c47c2a56b,201,a644a836-3b7d-4f02-8faf-1b2091258163
6ce4255f-da99-4275-97d2-438e6d85894f,2021-08-03T06:13:39.000Z,Student_st86,true,53bffab5-c064-445a-b2cf-bd7c47c2a56b,203,a644a836-3b7d-4f02-8faf-1b2091258163
3d327228-263f-4e66-ba25-4e1d837231ad,2021-08-03T06:13:39.000Z,st86,true,53bffab5-c064-445a-b2cf-bd7c47c2a56b,198,a644a836-3b7d-4f02-8faf-1b2091258163
340c0826-6aa2-45ba-90b1-04d926de4793,2021-07-09T06:05:11.000Z,brianmcdonald86,true,53bffab5-c064-445a-b2cf-bd7c47c2a56b,197,a644a836-3b7d-4f02-8faf-1b2091258163
8fa578e7-fe8b-45df-944f-ed660d781897,2021-07-09T06:05:11.000Z,ryanstokes90,true,8db2c273-a6da-438c-ab1b-d0e78bd7cf82,197,a644a836-3b7d-4f02-8faf-1b2091258163
28c013c2-0583-4c0a-9aa9-5d48b1bdb6f8,2021-07-09T06:05:11.000Z,School Data Sync_Student_st90,true,8db2c273-a6da-438c-ab1b-d0e78bd7cf82,257,a644a836-3b7d-4f02-8faf-1b2091258163
ee2f8f49-0b1c-423d-bd75-9de435202347,2021-07-09T06:05:11.000Z,st90,true,8db2c273-a6da-438c-ab1b-d0e78bd7cf82,198,a644a836-3b7d-4f02-8faf-1b2091258163
5eeb4231-d169-4a6c-b64d-9418ceb53d25,2021-07-09T06:05:11.000Z,Student_st90,true,8db2c273-a6da-438c-ab1b-d0e78bd7cf82,203,a644a836-3b7d-4f02-8faf-1b2091258163
81c45fd0-d2e8-4a6b-8590-5908461765c8,2021-08-03T06:13:39.000Z,st90,true,8db2c273-a6da-438c-ab1b-d0e78bd7cf82,201,a644a836-3b7d-4f02-8faf-1b2091258163
9499d27c-cde6-46e5-b93c-f050a9984efe,2021-07-09T06:05:11.000Z,90,true,8db2c273-a6da-438c-ab1b-d0e78bd7cf82,200,a644a836-3b7d-4f02-8faf-1b2091258163
d86d6745-e170-46b1-afaf-45e07f6735f6,2021-07-09T06:05:11.000Z,Student_st15,true,981afe2a-1561-49f1-9102-e05fb643a11f,203,a644a836-3b7d-4f02-8faf-1b2091258163
79d864d7-53b2-4590-9ce5-10a3768cd2de,2021-08-03T06:13:39.000Z,15,true,981afe2a-1561-49f1-9102-e05fb643a11f,200,a644a836-3b7d-4f02-8faf-1b2091258163
9f81e243-9ab3-4514-bf8c-bcf2f4d7fa4b,2021-08-03T06:13:39.000Z,sandrasanchez15,true,981afe2a-1561-49f1-9102-e05fb643a11f,197,a644a836-3b7d-4f02-8faf-1b2091258163
8dcb2d57-4209-42b6-9191-53b6a1e5e679,2021-07-09T06:05:11.000Z,st15,true,981afe2a-1561-49f1-9102-e05fb643a11f,201,a644a836-3b7d-4f02-8faf-1b2091258163
d1347971-8e23-4bc2-99b8-b6f1c04db08a,2021-07-09T06:05:11.000Z,School Data Sync_Student_st15,true,981afe2a-1561-49f1-9102-e05fb643a11f,257,a644a836-3b7d-4f02-8faf-1b2091258163
00482042-7ed6-4fac-b31f-b42ca1cb87f0,2021-07-09T06:05:11.000Z,st15,true,981afe2a-1561-49f1-9102-e05fb643a11f,198,a644a836-3b7d-4f02-8faf-1b2091258163
9e4fc118-f121-4c76-9fe1-f46fe6852359,2021-07-09T06:05:11.000Z,School Data Sync_Student_st26,true,a6e2a89c-f353-47d9-896b-18861b7230fe,257,a644a836-3b7d-4f02-8faf-1b2091258163
240f61d3-e7ec-45f1-998a-2dfa21713699,2021-07-09T06:05:11.000Z,josephlynch26,true,a6e2a89c-f353-47d9-896b-18861b7230fe,197,a644a836-3b7d-4f02-8faf-1b2091258163
03979306-da5d-47bb-81da-730abffe6e38,2021-08-03T06:13:39.000Z,26,true,a6e2a89c-f353-47d9-896b-18861b7230fe,200,a644a836-3b7d-4f02-8faf-1b2091258163
9f598686-887f-4571-9592-f6489b3d0048,2021-07-09T06:05:11.000Z,st26,true,a6e2a89c-f353-47d9-896b-18861b7230fe,198,a644a836-3b7d-4f02-8faf-1b2091258163
a2363877-0d66-469b-9251-dcba4a6ad3d6,2021-08-03T06:13:39.000Z,Student_st26,true,a6e2a89c-f353-47d9-896b-18861b7230fe,203,a644a836-3b7d-4f02-8faf-1b2091258163
da5b247c-f962-4553-b3da-5c6bcd99c1c9,2021-07-09T06:05:11.000Z,st26,true,a6e2a89c-f353-47d9-896b-18861b7230fe,201,a644a836-3b7d-4f02-8faf-1b2091258163
c080f86c-aacc-4bf9-952b-31945ccd09d8,2021-07-09T06:05:11.000Z,46,true,bfd966cb-3e0b-49eb-8a4d-a582a02ca1b6,200,a644a836-3b7d-4f02-8faf-1b2091258163
e1ae5264-6134-4401-b54e-48440b7a8746,2021-08-03T06:13:39.000Z,School Data Sync_Student_st46,true,bfd966cb-3e0b-49eb-8a4d-a582a02ca1b6,257,a644a836-3b7d-4f02-8faf-1b2091258163
347ab7ce-56ad-4397-8858-b7b835a64fe5,2021-07-09T06:05:11.000Z,nathancortez46,true,bfd966cb-3e0b-49eb-8a4d-a582a02ca1b6,197,a644a836-3b7d-4f02-8faf-1b2091258163
b5b3a872-461c-458c-9e32-723f0857e8f0,2021-07-09T06:05:11.000Z,st46,true,bfd966cb-3e0b-49eb-8a4d-a582a02ca1b6,198,a644a836-3b7d-4f02-8faf-1b2091258163
3ba7b092-3009-423c-bfb3-1a9d075f8019,2021-07-09T06:05:11.000Z,Student_st46,true,bfd966cb-3e0b-49eb-8a4d-a582a02ca1b6,203,a644a836-3b7d-4f02-8faf-1b2091258163
ee9fa4de-797b-44c7-b267-39c35d269b53,2021-08-03T06:13:39.000Z,st46,true,bfd966cb-3e0b-49eb-8a4d-a582a02ca1b6,201,a644a836-3b7d-4f02-8faf-1b2091258163
a7a98689-c0f8-4ae3-a86e-9b8822e16b4f,2021-07-09T06:05:11.000Z,17,true,a21c5c33-b3a4-4334-b912-4dcee2391cab,200,a644a836-3b7d-4f02-8faf-1b2091258163
e9438285-64f2-41cd-ac73-fe7ec919b162,2021-07-09T06:05:11.000Z,st17,true,a21c5c33-b3a4-4334-b912-4dcee2391cab,198,a644a836-3b7d-4f02-8faf-1b2091258163
a7c12343-0715-47f9-8c66-5c04e80bf0e4,2021-08-03T06:13:39.000Z,School Data Sync_Student_st17,true,a21c5c33-b3a4-4334-b912-4dcee2391cab,257,a644a836-3b7d-4f02-8faf-1b2091258163
9e454e18-9284-4fe7-95c0-40c3b18e525f,2021-07-09T06:05:11.000Z,elizabethking17,true,a21c5c33-b3a4-4334-b912-4dcee2391cab,197,a644a836-3b7d-4f02-8faf-1b2091258163
4d98806f-3803-4873-8b30-60d1c979bd6b,2021-07-09T06:05:11.000Z,st17,true,a21c5c33-b3a4-4334-b912-4dcee2391cab,201,a644a836-3b7d-4f02-8faf-1b2091258163
8dee6db3-cb96-41be-a849-5a45f2ae0c20,2021-07-09T06:05:11.000Z,Student_st17,true,a21c5c33-b3a4-4334-b912-4dcee2391cab,203,a644a836-3b7d-4f02-8faf-1b2091258163
36f30414-864c-4ddc-b471-be501120a596,2021-08-03T06:13:39.000Z,School Data Sync_Student_st37,true,17217ba2-f9f9-4797-a02b-53ad5e0c54ad,257,a644a836-3b7d-4f02-8faf-1b2091258163
7a58313a-12a5-4594-ab00-0f850162f7a5,2021-08-03T06:13:39.000Z,37,true,17217ba2-f9f9-4797-a02b-53ad5e0c54ad,200,a644a836-3b7d-4f02-8faf-1b2091258163
d4225157-91ba-4389-9533-a64db4abc7d9,2021-07-09T06:05:11.000Z,Student_st37,true,17217ba2-f9f9-4797-a02b-53ad5e0c54ad,203,a644a836-3b7d-4f02-8faf-1b2091258163
df87b5cc-84c8-4f35-a1cb-22fc5bfa32cb,2021-08-03T06:13:39.000Z,jamesjones37,true,17217ba2-f9f9-4797-a02b-53ad5e0c54ad,197,a644a836-3b7d-4f02-8faf-1b2091258163
b474e487-e7d8-4f8e-b614-6457af2cc81c,2021-08-03T06:13:39.000Z,st37,true,17217ba2-f9f9-4797-a02b-53ad5e0c54ad,201,a644a836-3b7d-4f02-8faf-1b2091258163
70be39e1-ceda-4a7f-aa55-c38afc3d592f,2021-07-09T06:05:11.000Z,st37,true,17217ba2-f9f9-4797-a02b-53ad5e0c54ad,198,a644a836-3b7d-4f02-8faf-1b2091258163
36716d54-db6e-4136-8acf-728d712987d0,2021-08-03T06:13:39.000Z,st71,true,9f260de6-e98f-42a2-8394-7fc772269d16,198,a644a836-3b7d-4f02-8faf-1b2091258163
7b6d0eb6-83b5-46d1-ada4-3e69bdd81326,2021-08-03T06:13:39.000Z,angelabaxter71,true,9f260de6-e98f-42a2-8394-7fc772269d16,197,a644a836-3b7d-4f02-8faf-1b2091258163
99fe0018-e0c7-4ca8-8afd-a7bfdff32c81,2021-08-03T06:13:39.000Z,st71,true,9f260de6-e98f-42a2-8394-7fc772269d16,201,a644a836-3b7d-4f02-8faf-1b2091258163
c34a91f1-95a9-437e-a428-95cef9eb4fcd,2021-08-03T06:13:39.000Z,Student_st71,true,9f260de6-e98f-42a2-8394-7fc772269d16,203,a644a836-3b7d-4f02-8faf-1b2091258163
463c4628-f017-4254-822b-cb72184e8ffe,2021-08-03T06:13:39.000Z,71,true,9f260de6-e98f-42a2-8394-7fc772269d16,200,a644a836-3b7d-4f02-8faf-1b2091258163
6d88b48f-5d30-4e62-8b22-dee1201e6a9a,2021-08-03T06:13:39.000Z,School Data Sync_Student_st71,true,9f260de6-e98f-42a2-8394-7fc772269d16,257,a644a836-3b7d-4f02-8faf-1b2091258163
c58fab02-57b9-44ee-85f0-5a7dcef110ac,2021-07-09T06:05:11.000Z,Student_st10,true,a89b5ea7-e534-472d-abda-ec72d736a3ba,203,a644a836-3b7d-4f02-8faf-1b2091258163
1763cc76-7591-420f-a9f1-1a4d6de53ddc,2021-08-03T06:13:39.000Z,st10,true,a89b5ea7-e534-472d-abda-ec72d736a3ba,201,a644a836-3b7d-4f02-8faf-1b2091258163
70f2f580-a2c8-4c11-b095-b822d4255e51,2021-08-03T06:13:39.000Z,mauricekhan10,true,a89b5ea7-e534-472d-abda-ec72d736a3ba,197,a644a836-3b7d-4f02-8faf-1b2091258163
877993e8-7cde-4fbf-853d-fc723df3a324,2021-08-03T06:13:39.000Z,10,true,a89b5ea7-e534-472d-abda-ec72d736a3ba,200,a644a836-3b7d-4f02-8faf-1b2091258163
f0cf1273-1eef-4aaf-92b7-526a5e46f821,2021-07-09T06:05:11.000Z,School Data Sync_Student_st10,true,a89b5ea7-e534-472d-abda-ec72d736a3ba,257,a644a836-3b7d-4f02-8faf-1b2091258163
274d5ad0-73a1-45bb-851e-34a13272636b,2021-07-09T06:05:11.000Z,st10,true,a89b5ea7-e534-472d-abda-ec72d736a3ba,198,a644a836-3b7d-4f02-8faf-1b2091258163
85f04c3c-0e72-40ce-8017-a70f620ff431,2021-08-03T06:13:39.000Z,School Data Sync_Student_st43,true,12611c82-aaed-4b7f-bfa7-89d9e884dd80,257,a644a836-3b7d-4f02-8faf-1b2091258163
42f8da6c-ff33-40db-a992-5b0729436cf6,2021-07-09T06:05:11.000Z,43,true,12611c82-aaed-4b7f-bfa7-89d9e884dd80,200,a644a836-3b7d-4f02-8faf-1b2091258163
4ab3f435-9301-413b-a043-0f5324e306f5,2021-07-09T06:05:11.000Z,Student_st43,true,12611c82-aaed-4b7f-bfa7-89d9e884dd80,203,a644a836-3b7d-4f02-8faf-1b2091258163
1f42d2cc-4800-480d-a3f2-b595854c1e0f,2021-08-03T06:13:39.000Z,st43,true,12611c82-aaed-4b7f-bfa7-89d9e884dd80,201,a644a836-3b7d-4f02-8faf-1b2091258163
63c3fb46-d1e9-451a-9ba1-3175ceec3e59,2021-07-09T06:05:11.000Z,st43,true,12611c82-aaed-4b7f-bfa7-89d9e884dd80,198,a644a836-3b7d-4f02-8faf-1b2091258163
b3bdb052-2e37-420d-b123-303f55baac56,2021-08-03T06:13:39.000Z,robertramirez43,true,12611c82-aaed-4b7f-bfa7-89d9e884dd80,197,a644a836-3b7d-4f02-8faf-1b2091258163
a09f1ad5-1068-4b21-b607-0bfe78272a64,2021-08-03T06:13:39.000Z,Student_st59,true,f2b51df1-2eb6-46ab-a8b1-213935a1937b,203,a644a836-3b7d-4f02-8faf-1b2091258163
b51dcd19-e964-4598-a03f-400f5cd154c8,2021-07-09T06:05:11.000Z,59,true,f2b51df1-2eb6-46ab-a8b1-213935a1937b,200,a644a836-3b7d-4f02-8faf-1b2091258163
88842863-e3bb-40de-85cc-ee1ad8278dd1,2021-08-03T06:13:39.000Z,st59,true,f2b51df1-2eb6-46ab-a8b1-213935a1937b,198,a644a836-3b7d-4f02-8faf-1b2091258163
6a815b03-adb9-46cf-8a72-32d335fabece,2021-08-03T06:13:39.000Z,st59,true,f2b51df1-2eb6-46ab-a8b1-213935a1937b,201,a644a836-3b7d-4f02-8faf-1b2091258163
30424b57-6a42-4a24-a0fb-250e83fb055b,2021-07-09T06:05:11.000Z,ernestanderson59,true,f2b51df1-2eb6-46ab-a8b1-213935a1937b,197,a644a836-3b7d-4f02-8faf-1b2091258163
d9289abc-c645-49d2-822c-28b94f699943,2021-07-09T06:05:11.000Z,School Data Sync_Student_st59,true,f2b51df1-2eb6-46ab-a8b1-213935a1937b,257,a644a836-3b7d-4f02-8faf-1b2091258163
96a552bb-516c-4eb3-a932-d412d296066d,2021-07-09T06:05:11.000Z,st13,true,0649e319-e984-4614-a39d-ccc69af3d1cb,201,a644a836-3b7d-4f02-8faf-1b2091258163
77a7b5d0-4fef-4440-9918-0d5e91b6f5b2,2021-08-03T06:13:39.000Z,st13,true,0649e319-e984-4614-a39d-ccc69af3d1cb,198,a644a836-3b7d-4f02-8faf-1b2091258163
a8fbfc31-674c-4110-b339-f59f8b4200c8,2021-08-03T06:13:39.000Z,reginacarter13,true,0649e319-e984-4614-a39d-ccc69af3d1cb,197,a644a836-3b7d-4f02-8faf-1b2091258163
b859e906-d544-475c-911a-3ddc70263ade,2021-08-03T06:13:39.000Z,Student_st13,true,0649e319-e984-4614-a39d-ccc69af3d1cb,203,a644a836-3b7d-4f02-8faf-1b2091258163
a802a32e-17ea-4eab-a642-6d7f59b2cebb,2021-07-09T06:05:11.000Z,School Data Sync_Student_st13,true,0649e319-e984-4614-a39d-ccc69af3d1cb,257,a644a836-3b7d-4f02-8faf-1b2091258163
f2ad8fc1-f59c-4e92-93e3-aec80ea68fda,2021-07-09T06:05:11.000Z,13,true,0649e319-e984-4614-a39d-ccc69af3d1cb,200,a644a836-3b7d-4f02-8faf-1b2091258163
607a07eb-ce03-42fd-a2fb-c5fc3cdb17c9,2021-07-09T06:05:11.000Z,30,true,9601cd5a-2644-4d0c-951b-b12c0ad70bc4,200,a644a836-3b7d-4f02-8faf-1b2091258163
283e4e6e-bfd0-4213-88e6-1782758c0f43,2021-07-09T06:05:11.000Z,stevenlarsen30,true,9601cd5a-2644-4d0c-951b-b12c0ad70bc4,197,a644a836-3b7d-4f02-8faf-1b2091258163
7042ea30-9532-44d9-8045-2d97a29a5bae,2021-08-03T06:13:39.000Z,Student_st30,true,9601cd5a-2644-4d0c-951b-b12c0ad70bc4,203,a644a836-3b7d-4f02-8faf-1b2091258163
3edbe644-24b6-4db2-95f5-abc8adb64304,2021-07-09T06:05:11.000Z,st30,true,9601cd5a-2644-4d0c-951b-b12c0ad70bc4,198,a644a836-3b7d-4f02-8faf-1b2091258163
9f717f17-b148-420a-af7a-a197c6773c4d,2021-07-09T06:05:11.000Z,st30,true,9601cd5a-2644-4d0c-951b-b12c0ad70bc4,201,a644a836-3b7d-4f02-8faf-1b2091258163
f027c850-eb1b-43c8-8016-accf2388d677,2021-08-03T06:13:39.000Z,School Data Sync_Student_st30,true,9601cd5a-2644-4d0c-951b-b12c0ad70bc4,257,a644a836-3b7d-4f02-8faf-1b2091258163
a3b6735a-1a67-48d2-b99d-9331c6443550,2021-07-09T06:05:11.000Z,debrasmith1,true,a3d936cd-57c9-41b7-a113-d53b42c57c7c,197,a644a836-3b7d-4f02-8faf-1b2091258163
5354ccf5-502b-4d4f-abdf-785adfa82d4c,2021-07-09T06:05:11.000Z,Student_st1,true,a3d936cd-57c9-41b7-a113-d53b42c57c7c,203,a644a836-3b7d-4f02-8faf-1b2091258163
68b45355-7935-4c88-a2df-158afd742f06,2021-08-03T06:13:39.000Z,School Data Sync_Student_st1,true,a3d936cd-57c9-41b7-a113-d53b42c57c7c,257,a644a836-3b7d-4f02-8faf-1b2091258163
6181d204-ff3f-4884-b754-0ec4667caa98,2021-08-03T06:13:39.000Z,st1,true,a3d936cd-57c9-41b7-a113-d53b42c57c7c,201,a644a836-3b7d-4f02-8faf-1b2091258163
46a7f18a-3ff1-48b7-8101-9ed633ec79da,2021-08-03T06:13:39.000Z,st1,true,a3d936cd-57c9-41b7-a113-d53b42c57c7c,198,a644a836-3b7d-4f02-8faf-1b2091258163
f930bbcc-8ffd-45d3-a45b-0fae6a3cbe27,2021-07-09T06:05:11.000Z,1,true,a3d936cd-57c9-41b7-a113-d53b42c57c7c,200,a644a836-3b7d-4f02-8faf-1b2091258163
ff51c954-17d4-454d-bc9e-03b59b7dfdf9,2021-07-09T06:05:11.000Z,Student_st23,true,d60bb946-ebf3-47fc-a143-986bb7068cc3,203,a644a836-3b7d-4f02-8faf-1b2091258163
bd925ccb-2ce8-4853-881a-9c5f26c18e03,2021-08-03T06:13:39.000Z,st23,true,d60bb946-ebf3-47fc-a143-986bb7068cc3,198,a644a836-3b7d-4f02-8faf-1b2091258163
7d5840c6-c8a9-4de1-a290-dad320755c53,2021-07-09T06:05:11.000Z,jacquelinecole23,true,d60bb946-ebf3-47fc-a143-986bb7068cc3,197,a644a836-3b7d-4f02-8faf-1b2091258163
910c38ff-8620-442b-88fb-85a9ffb656ca,2021-08-03T06:13:39.000Z,st23,true,d60bb946-ebf3-47fc-a143-986bb7068cc3,201,a644a836-3b7d-4f02-8faf-1b2091258163
eaed925b-72b8-43ae-bbd6-5ebdfd854015,2021-07-09T06:05:11.000Z,23,true,d60bb946-ebf3-47fc-a143-986bb7068cc3,200,a644a836-3b7d-4f02-8faf-1b2091258163
8f45d004-785f-457e-bae8-830b213b4708,2021-08-03T06:13:39.000Z,School Data Sync_Student_st23,true,d60bb946-ebf3-47fc-a143-986bb7068cc3,257,a644a836-3b7d-4f02-8faf-1b2091258163
8b603cf5-db18-40f3-9db0-de394661736d,2021-08-03T06:13:39.000Z,School Data Sync_Student_st31,true,6933c6a3-6325-4df8-9307-14f9a98acdbf,257,a644a836-3b7d-4f02-8faf-1b2091258163
4356aa32-fafd-4e56-b652-72bf640d9009,2021-07-09T06:05:11.000Z,st31,true,6933c6a3-6325-4df8-9307-14f9a98acdbf,198,a644a836-3b7d-4f02-8faf-1b2091258163
efc9e630-912b-4e2c-a221-5fbfaa94c276,2021-08-03T06:13:39.000Z,johnbrown31,true,6933c6a3-6325-4df8-9307-14f9a98acdbf,197,a644a836-3b7d-4f02-8faf-1b2091258163
49276775-e0e7-44af-b668-ccba3a2e58cc,2021-07-09T06:05:11.000Z,31,true,6933c6a3-6325-4df8-9307-14f9a98acdbf,200,a644a836-3b7d-4f02-8faf-1b2091258163
3b616ba3-d68c-4c10-948b-69c3c852f3a2,2021-07-09T06:05:11.000Z,Student_st31,true,6933c6a3-6325-4df8-9307-14f9a98acdbf,203,a644a836-3b7d-4f02-8faf-1b2091258163
beec6c5b-b74b-4e96-a7e5-c3110cbac868,2021-08-03T06:13:39.000Z,st31,true,6933c6a3-6325-4df8-9307-14f9a98acdbf,201,a644a836-3b7d-4f02-8faf-1b2091258163
019e791c-bb4b-4d17-9b48-7c405b34c0f4,2021-08-03T06:13:39.000Z,st36,true,828594d9-944b-4245-b6cf-0fb6761b637a,198,a644a836-3b7d-4f02-8faf-1b2091258163
165c5afb-650c-4c0a-b0cb-96f32bf66328,2021-08-03T06:13:39.000Z,School Data Sync_Student_st36,true,828594d9-944b-4245-b6cf-0fb6761b637a,257,a644a836-3b7d-4f02-8faf-1b2091258163
bf78c60f-764d-41b7-a6c6-4a49f45c45ed,2021-07-09T06:05:11.000Z,36,true,828594d9-944b-4245-b6cf-0fb6761b637a,200,a644a836-3b7d-4f02-8faf-1b2091258163
06572a65-3953-4238-9c5f-67567f7af9de,2021-07-09T06:05:11.000Z,johnberry36,true,828594d9-944b-4245-b6cf-0fb6761b637a,197,a644a836-3b7d-4f02-8faf-1b2091258163
344698f0-3837-474b-8dde-1a497f46f697,2021-08-03T06:13:39.000Z,st36,true,828594d9-944b-4245-b6cf-0fb6761b637a,201,a644a836-3b7d-4f02-8faf-1b2091258163
b6c09f24-ca5c-45f9-bf61-e8f36f20d5ac,2021-08-03T06:13:39.000Z,Student_st36,true,828594d9-944b-4245-b6cf-0fb6761b637a,203,a644a836-3b7d-4f02-8faf-1b2091258163
77e8e21d-bc2b-458c-a785-f4fe4606e49b,2021-08-03T06:13:39.000Z,joshuaelliott18,true,7176f0ba-1f59-4a24-b6c0-c9d7bc2554d4,197,a644a836-3b7d-4f02-8faf-1b2091258163
af571604-c89d-41e3-b046-792fdc66e810,2021-08-03T06:13:39.000Z,Student_st18,true,7176f0ba-1f59-4a24-b6c0-c9d7bc2554d4,203,a644a836-3b7d-4f02-8faf-1b2091258163
d1b69886-1e5b-49b9-b5ee-dde450338df8,2021-07-09T06:05:11.000Z,18,true,7176f0ba-1f59-4a24-b6c0-c9d7bc2554d4,200,a644a836-3b7d-4f02-8faf-1b2091258163
944ec0f3-d0b0-4bd0-96f6-3723fabd3b6f,2021-07-09T06:05:11.000Z,st18,true,7176f0ba-1f59-4a24-b6c0-c9d7bc2554d4,198,a644a836-3b7d-4f02-8faf-1b2091258163
2c237cbd-1c70-493c-832e-cba0cffed18b,2021-07-09T06:05:11.000Z,School Data Sync_Student_st18,true,7176f0ba-1f59-4a24-b6c0-c9d7bc2554d4,257,a644a836-3b7d-4f02-8faf-1b2091258163
c3af82f1-f664-4aaa-8a68-2e97641e4e94,2021-07-09T06:05:11.000Z,st18,true,7176f0ba-1f59-4a24-b6c0-c9d7bc2554d4,201,a644a836-3b7d-4f02-8faf-1b2091258163
a2a811ed-5ec1-4b13-97d5-e6a458c4d9a0,2021-07-09T06:05:11.000Z,st33,true,3c920d37-3829-4d3c-a566-9c45abf05d48,201,a644a836-3b7d-4f02-8faf-1b2091258163
1295303e-7a57-4be7-a95c-d264b885df68,2021-08-03T06:13:39.000Z,Student_st33,true,3c920d37-3829-4d3c-a566-9c45abf05d48,203,a644a836-3b7d-4f02-8faf-1b2091258163
f69f141d-a38e-4d44-9e80-59e316c77aad,2021-08-03T06:13:39.000Z,School Data Sync_Student_st33,true,3c920d37-3829-4d3c-a566-9c45abf05d48,257,a644a836-3b7d-4f02-8faf-1b2091258163
fc4e4548-5c31-45c0-8397-d883daf4aa9b,2021-07-09T06:05:11.000Z,33,true,3c920d37-3829-4d3c-a566-9c45abf05d48,200,a644a836-3b7d-4f02-8faf-1b2091258163
820e1610-cafd-4caf-9ac3-57a824b19907,2021-08-03T06:13:39.000Z,st33,true,3c920d37-3829-4d3c-a566-9c45abf05d48,198,a644a836-3b7d-4f02-8faf-1b2091258163
1289901a-5d3c-4e2d-b418-5bdc83679723,2021-07-09T06:05:11.000Z,jessicaedwards33,true,3c920d37-3829-4d3c-a566-9c45abf05d48,197,a644a836-3b7d-4f02-8faf-1b2091258163
ebad9b02-afaa-4924-9df9-6be9ad25dad7,2021-08-03T06:13:39.000Z,st6,true,cf763144-f33b-45d6-854d-d4ce4e3d83c5,198,a644a836-3b7d-4f02-8faf-1b2091258163
e210534b-2ea4-42cf-af56-7ac0ff50837a,2021-08-03T06:13:39.000Z,6,true,cf763144-f33b-45d6-854d-d4ce4e3d83c5,200,a644a836-3b7d-4f02-8faf-1b2091258163
1a622ef0-6c1c-4b15-b4d5-67765e633965,2021-07-09T06:05:11.000Z,Student_st6,true,cf763144-f33b-45d6-854d-d4ce4e3d83c5,203,a644a836-3b7d-4f02-8faf-1b2091258163
b6c30a3b-702f-4d3a-8ddc-5ba1647b99a4,2021-08-03T06:13:39.000Z,maxwelljones6,true,cf763144-f33b-45d6-854d-d4ce4e3d83c5,197,a644a836-3b7d-4f02-8faf-1b2091258163
04cc26f2-3bf5-48d0-9a62-96bc30b8e95d,2021-08-03T06:13:39.000Z,st6,true,cf763144-f33b-45d6-854d-d4ce4e3d83c5,201,a644a836-3b7d-4f02-8faf-1b2091258163
7cc4d8a7-28c8-40b5-b1d7-d10f3563206c,2021-08-03T06:13:39.000Z,School Data Sync_Student_st6,true,cf763144-f33b-45d6-854d-d4ce4e3d83c5,257,a644a836-3b7d-4f02-8faf-1b2091258163
916f24f8-fa26-4aca-a77b-6f492d5f0086,2021-08-03T06:13:39.000Z,st78,true,e15ba905-dfa8-42a5-9bae-e155dd336b36,198,a644a836-3b7d-4f02-8faf-1b2091258163
27844da4-0505-419f-b627-00ba44911139,2021-07-09T06:05:11.000Z,78,true,e15ba905-dfa8-42a5-9bae-e155dd336b36,200,a644a836-3b7d-4f02-8faf-1b2091258163
9d621f67-19e3-4436-8ac5-cc89a0b80cf3,2021-08-03T06:13:39.000Z,School Data Sync_Student_st78,true,e15ba905-dfa8-42a5-9bae-e155dd336b36,257,a644a836-3b7d-4f02-8faf-1b2091258163
875a2067-567e-4b0d-8a0f-ff9ad83615eb,2021-08-03T06:13:39.000Z,Student_st78,true,e15ba905-dfa8-42a5-9bae-e155dd336b36,203,a644a836-3b7d-4f02-8faf-1b2091258163
e861155a-406d-4b87-ae34-269d72a8542a,2021-07-09T06:05:11.000Z,christinahanna78,true,e15ba905-dfa8-42a5-9bae-e155dd336b36,197,a644a836-3b7d-4f02-8faf-1b2091258163
7b990153-48b2-407d-baa7-6e55414e6166,2021-08-03T06:13:39.000Z,st78,true,e15ba905-dfa8-42a5-9bae-e155dd336b36,201,a644a836-3b7d-4f02-8faf-1b2091258163
693ceb73-09ac-4126-93ae-bc445d0c72ec,2021-07-09T06:05:11.000Z,jeremywright52,true,6d684361-6a01-448c-ae4d-090b048842d7,197,a644a836-3b7d-4f02-8faf-1b2091258163
0f57b419-fceb-41d3-9238-9e2007980c8b,2021-08-03T06:13:39.000Z,School Data Sync_Student_st52,true,6d684361-6a01-448c-ae4d-090b048842d7,257,a644a836-3b7d-4f02-8faf-1b2091258163
b8ccbac9-d299-49e9-8755-59962a02cae8,2021-08-03T06:13:39.000Z,Student_st52,true,6d684361-6a01-448c-ae4d-090b048842d7,203,a644a836-3b7d-4f02-8faf-1b2091258163
6d5144af-9996-42b2-863e-130b293fcc45,2021-08-03T06:13:39.000Z,st52,true,6d684361-6a01-448c-ae4d-090b048842d7,198,a644a836-3b7d-4f02-8faf-1b2091258163
98ab4d40-a5bc-401a-bb15-f929ae8143a5,2021-08-03T06:13:39.000Z,52,true,6d684361-6a01-448c-ae4d-090b048842d7,200,a644a836-3b7d-4f02-8faf-1b2091258163
498d97b1-6a31-46ad-b19e-c9aba815fcf8,2021-08-03T06:13:39.000Z,st52,true,6d684361-6a01-448c-ae4d-090b048842d7,201,a644a836-3b7d-4f02-8faf-1b2091258163
46aa3355-9c8a-48d1-9781-32d99267cddf,2021-08-03T06:13:39.000Z,chadjones8,true,b6102c00-e898-44d7-9afa-12ba2704bfdf,197,a644a836-3b7d-4f02-8faf-1b2091258163
339e48f2-036b-4ebf-be73-f9ee643bdae5,2021-08-03T06:13:39.000Z,Student_st8,true,b6102c00-e898-44d7-9afa-12ba2704bfdf,203,a644a836-3b7d-4f02-8faf-1b2091258163
1958d2ec-219e-4fbd-87b9-e6763e4c2703,2021-07-09T06:05:11.000Z,School Data Sync_Student_st8,true,b6102c00-e898-44d7-9afa-12ba2704bfdf,257,a644a836-3b7d-4f02-8faf-1b2091258163
d50499a7-d95f-4fd5-9b76-3330f55284ca,2021-08-03T06:13:39.000Z,8,true,b6102c00-e898-44d7-9afa-12ba2704bfdf,200,a644a836-3b7d-4f02-8faf-1b2091258163
60c7012b-6a83-4add-9d81-8ee67734671d,2021-08-03T06:13:39.000Z,st8,true,b6102c00-e898-44d7-9afa-12ba2704bfdf,201,a644a836-3b7d-4f02-8faf-1b2091258163
331893fa-6a56-42cc-bbe9-936032ff3077,2021-07-09T06:05:11.000Z,st8,true,b6102c00-e898-44d7-9afa-12ba2704bfdf,198,a644a836-3b7d-4f02-8faf-1b2091258163
489c06e9-8c7e-41f9-a069-f6f415f2a177,2021-07-09T06:05:11.000Z,School Data Sync_Student_st29,true,b4950541-1b29-4c0e-9708-f162422c1c7f,257,a644a836-3b7d-4f02-8faf-1b2091258163
0e332614-54eb-49af-80c8-0d8bdf35ac51,2021-08-03T06:13:39.000Z,Student_st29,true,b4950541-1b29-4c0e-9708-f162422c1c7f,203,a644a836-3b7d-4f02-8faf-1b2091258163
06943654-ff48-46b1-90f0-930ffb98fd7e,2021-07-09T06:05:11.000Z,amyprice29,true,b4950541-1b29-4c0e-9708-f162422c1c7f,197,a644a836-3b7d-4f02-8faf-1b2091258163
cee86478-0b24-456a-b7da-91eafaca8c5e,2021-08-03T06:13:39.000Z,st29,true,b4950541-1b29-4c0e-9708-f162422c1c7f,201,a644a836-3b7d-4f02-8faf-1b2091258163
50fe5dc9-db26-4606-9a2d-9cabd03156fc,2021-07-09T06:05:11.000Z,29,true,b4950541-1b29-4c0e-9708-f162422c1c7f,200,a644a836-3b7d-4f02-8faf-1b2091258163
fb1a8672-ac57-4b24-9c5f-c599ed090dff,2021-08-03T06:13:39.000Z,st29,true,b4950541-1b29-4c0e-9708-f162422c1c7f,198,a644a836-3b7d-4f02-8faf-1b2091258163
f5ebf529-38d6-4b5e-827d-6643aecf681f,2021-07-09T06:05:11.000Z,Teacher_t3,true,e05a57f3-7a84-480a-881b-88b3d803cf87,203,a644a836-3b7d-4f02-8faf-1b2091258163
ed147e77-fc35-4152-9705-393a20a60cbd,2021-07-09T06:05:11.000Z,t3,true,e05a57f3-7a84-480a-881b-88b3d803cf87,201,a644a836-3b7d-4f02-8faf-1b2091258163
e7ba0256-cefc-41cb-9cca-1ddcd7aecb40,2021-08-03T06:13:39.000Z,jessicashort3,true,e05a57f3-7a84-480a-881b-88b3d803cf87,197,a644a836-3b7d-4f02-8faf-1b2091258163
82da41e7-16c9-4df2-b8b4-e74b45696d8d,2021-08-03T06:13:39.000Z,3,true,e05a57f3-7a84-480a-881b-88b3d803cf87,200,a644a836-3b7d-4f02-8faf-1b2091258163
91f0e879-81f7-493d-9cb8-7f572a5d49bf,2021-08-03T06:13:39.000Z,School Data Sync_Teacher_t3,true,e05a57f3-7a84-480a-881b-88b3d803cf87,257,a644a836-3b7d-4f02-8faf-1b2091258163
c3f73810-3171-466a-8621-e2ddf9f7f81a,2021-07-09T06:05:11.000Z,t3,true,e05a57f3-7a84-480a-881b-88b3d803cf87,198,a644a836-3b7d-4f02-8faf-1b2091258163
49eed8a5-d202-4561-9c75-a459d5d9733b,2021-08-03T06:13:39.000Z,Student_st19,true,548a6a40-c3d3-4f20-abcc-48661e264654,203,a644a836-3b7d-4f02-8faf-1b2091258163
5d92652d-4575-4865-a9d5-63efc80d1a7f,2021-07-09T06:05:11.000Z,teresarobinson19,true,548a6a40-c3d3-4f20-abcc-48661e264654,197,a644a836-3b7d-4f02-8faf-1b2091258163
67ea9698-7e3e-4262-bf30-f280d68d93aa,2021-07-09T06:05:11.000Z,19,true,548a6a40-c3d3-4f20-abcc-48661e264654,200,a644a836-3b7d-4f02-8faf-1b2091258163
6ec3fd20-6daf-4e6e-9783-bc94c180eed0,2021-07-09T06:05:11.000Z,st19,true,548a6a40-c3d3-4f20-abcc-48661e264654,201,a644a836-3b7d-4f02-8faf-1b2091258163
339b97f7-6a5b-4751-835b-6c2750eb17c0,2021-07-09T06:05:11.000Z,st19,true,548a6a40-c3d3-4f20-abcc-48661e264654,198,a644a836-3b7d-4f02-8faf-1b2091258163
3c37345d-e52e-4fef-b589-d8b085ddbf3e,2021-08-03T06:13:39.000Z,School Data Sync_Student_st19,true,548a6a40-c3d3-4f20-abcc-48661e264654,257,a644a836-3b7d-4f02-8faf-1b2091258163
a4914258-8dd8-467c-a098-3527ddce4e08,2021-07-09T06:05:11.000Z,annaalvarado60,true,a85432e5-acde-4ca4-8b41-359897834814,197,a644a836-3b7d-4f02-8faf-1b2091258163
af37122e-770b-4c7e-ae1e-14a0b1577a45,2021-07-09T06:05:11.000Z,Student_st60,true,a85432e5-acde-4ca4-8b41-359897834814,203,a644a836-3b7d-4f02-8faf-1b2091258163
1c4a71c8-e5cb-4f3c-8e7f-b3a6b1f07f7f,2021-08-03T06:13:39.000Z,st60,true,a85432e5-acde-4ca4-8b41-359897834814,198,a644a836-3b7d-4f02-8faf-1b2091258163
d018768b-935d-494c-9b6d-3ed23ef83220,2021-08-03T06:13:39.000Z,st60,true,a85432e5-acde-4ca4-8b41-359897834814,201,a644a836-3b7d-4f02-8faf-1b2091258163
5c0472ab-0482-4773-9af7-dc37ce959312,2021-08-03T06:13:39.000Z,School Data Sync_Student_st60,true,a85432e5-acde-4ca4-8b41-359897834814,257,a644a836-3b7d-4f02-8faf-1b2091258163
3dcc8739-c3a1-4741-b245-44b76028ae3a,2021-08-03T06:13:39.000Z,60,true,a85432e5-acde-4ca4-8b41-359897834814,200,a644a836-3b7d-4f02-8faf-1b2091258163
ec1bf609-695a-400d-82ed-82c66adf5329,2021-08-03T06:13:39.000Z,st77,true,0d8e1e71-0fea-41df-a35e-393585f4f972,198,a644a836-3b7d-4f02-8faf-1b2091258163
504e4836-20f3-4dce-8107-30fb0e07b945,2021-07-09T06:05:11.000Z,oliviahendricks77,true,0d8e1e71-0fea-41df-a35e-393585f4f972,197,a644a836-3b7d-4f02-8faf-1b2091258163
f51e3765-df3d-4690-a3e8-eed03577d1de,2021-07-09T06:05:11.000Z,st77,true,0d8e1e71-0fea-41df-a35e-393585f4f972,201,a644a836-3b7d-4f02-8faf-1b2091258163
b8f80ad6-dc1b-4df9-9787-62a309b4207e,2021-08-03T06:13:39.000Z,77,true,0d8e1e71-0fea-41df-a35e-393585f4f972,200,a644a836-3b7d-4f02-8faf-1b2091258163
0ca29bed-d21f-40ed-bf29-eaaade1ee309,2021-08-03T06:13:39.000Z,School Data Sync_Student_st77,true,0d8e1e71-0fea-41df-a35e-393585f4f972,257,a644a836-3b7d-4f02-8faf-1b2091258163
962b908e-0993-47be-9cd4-b4c073aab8c8,2021-08-03T06:13:39.000Z,Student_st77,true,0d8e1e71-0fea-41df-a35e-393585f4f972,203,a644a836-3b7d-4f02-8faf-1b2091258163
93c00cc8-3a1d-435e-bc94-d6832f436144,2021-08-03T06:13:39.000Z,st83,true,f3071a6f-68e9-488f-b781-9ec01155ba6f,201,a644a836-3b7d-4f02-8faf-1b2091258163
606ee5bc-fcb4-46e0-b809-66f76524e45c,2021-07-09T06:05:11.000Z,Student_st83,true,f3071a6f-68e9-488f-b781-9ec01155ba6f,203,a644a836-3b7d-4f02-8faf-1b2091258163
4debadf3-2eba-4ff7-b585-0b20c386ac57,2021-07-09T06:05:11.000Z,School Data Sync_Student_st83,true,f3071a6f-68e9-488f-b781-9ec01155ba6f,257,a644a836-3b7d-4f02-8faf-1b2091258163
b522d8ca-5cca-4a63-b89b-200654aedff1,2021-07-09T06:05:11.000Z,st83,true,f3071a6f-68e9-488f-b781-9ec01155ba6f,198,a644a836-3b7d-4f02-8faf-1b2091258163
cbbb0e06-7b7e-46bb-93bb-e347197323a2,2021-08-03T06:13:39.000Z,seanmartin83,true,f3071a6f-68e9-488f-b781-9ec01155ba6f,197,a644a836-3b7d-4f02-8faf-1b2091258163
2df00a1d-2fba-45bb-8bf2-c1e41e5a4d93,2021-07-09T06:05:11.000Z,83,true,f3071a6f-68e9-488f-b781-9ec01155ba6f,200,a644a836-3b7d-4f02-8faf-1b2091258163
924feb8d-7d20-4e6d-9d34-58b1819f3810,2021-07-09T06:05:11.000Z,School Data Sync_Student_st51,true,94c11740-1908-4dfc-8f36-50c10b8730fe,257,a644a836-3b7d-4f02-8faf-1b2091258163
e8e26148-4467-40a0-82ea-2b908137e9e9,2021-07-09T06:05:11.000Z,51,true,94c11740-1908-4dfc-8f36-50c10b8730fe,200,a644a836-3b7d-4f02-8faf-1b2091258163
6bf44e7e-c6d2-41b7-88fc-cb12552af40e,2021-07-09T06:05:11.000Z,st51,true,94c11740-1908-4dfc-8f36-50c10b8730fe,201,a644a836-3b7d-4f02-8faf-1b2091258163
b1972208-5974-4b0f-85bc-2fbc7c55ace6,2021-07-09T06:05:11.000Z,Student_st51,true,94c11740-1908-4dfc-8f36-50c10b8730fe,203,a644a836-3b7d-4f02-8faf-1b2091258163
616f2b14-fd33-436a-bd8e-9c6940c6e21c,2021-07-09T06:05:11.000Z,lisaalexander51,true,94c11740-1908-4dfc-8f36-50c10b8730fe,197,a644a836-3b7d-4f02-8faf-1b2091258163
b38fd66f-2fd3-4c96-ac27-7028dde705ec,2021-08-03T06:13:39.000Z,st51,true,94c11740-1908-4dfc-8f36-50c10b8730fe,198,a644a836-3b7d-4f02-8faf-1b2091258163
a424b8ad-5300-48a3-8361-56bf4012ef5c,2021-07-09T06:05:11.000Z,rubenwiggins57,true,648cdf4d-146f-41fc-bf70-4e2cb85a8edb,197,a644a836-3b7d-4f02-8faf-1b2091258163
cac13e33-bfb0-4121-8a59-59865d4fcc0b,2021-08-03T06:13:39.000Z,st57,true,648cdf4d-146f-41fc-bf70-4e2cb85a8edb,198,a644a836-3b7d-4f02-8faf-1b2091258163
31be1ca4-cd82-42f2-a47c-78f56b4db862,2021-08-03T06:13:39.000Z,School Data Sync_Student_st57,true,648cdf4d-146f-41fc-bf70-4e2cb85a8edb,257,a644a836-3b7d-4f02-8faf-1b2091258163
1dbe31ae-380b-41c7-ac7f-4403f8c5f904,2021-07-09T06:05:11.000Z,Student_st57,true,648cdf4d-146f-41fc-bf70-4e2cb85a8edb,203,a644a836-3b7d-4f02-8faf-1b2091258163
d343cb2f-7a06-4bd7-b11b-7fb4ec0ac1e4,2021-08-03T06:13:39.000Z,57,true,648cdf4d-146f-41fc-bf70-4e2cb85a8edb,200,a644a836-3b7d-4f02-8faf-1b2091258163
c4410702-bc7a-4b5a-8379-096f12f88119,2021-08-03T06:13:39.000Z,st57,true,648cdf4d-146f-41fc-bf70-4e2cb85a8edb,201,a644a836-3b7d-4f02-8faf-1b2091258163
8c83a405-2bb6-4a4d-b44e-23d13133fca5,2021-07-09T06:05:11.000Z,61,true,64cce073-cf03-4078-810b-759e8b03dcd6,200,a644a836-3b7d-4f02-8faf-1b2091258163
af7275e9-9b33-40dd-ab0b-f7bb13f6b8a9,2021-07-09T06:05:11.000Z,st61,true,64cce073-cf03-4078-810b-759e8b03dcd6,198,a644a836-3b7d-4f02-8faf-1b2091258163
494353b3-19db-4e79-8bb6-e47e9f0b4dbb,2021-07-09T06:05:11.000Z,Student_st61,true,64cce073-cf03-4078-810b-759e8b03dcd6,203,a644a836-3b7d-4f02-8faf-1b2091258163
3f082634-dcc2-48ea-8053-7fa1e0366d6f,2021-08-03T06:13:39.000Z,School Data Sync_Student_st61,true,64cce073-cf03-4078-810b-759e8b03dcd6,257,a644a836-3b7d-4f02-8faf-1b2091258163
d70a7b9e-97d1-4c75-9164-8a84d5230a6c,2021-08-03T06:13:39.000Z,caitlinpeters61,true,64cce073-cf03-4078-810b-759e8b03dcd6,197,a644a836-3b7d-4f02-8faf-1b2091258163
a703e90f-7244-4f4c-a812-09d31b75b631,2021-07-09T06:05:11.000Z,st61,true,64cce073-cf03-4078-810b-759e8b03dcd6,201,a644a836-3b7d-4f02-8faf-1b2091258163
18a49bda-5002-4fe6-8bd6-b21b207b7b6a,2021-08-03T06:13:39.000Z,School Data Sync_Student_st65,true,f7dcd01a-30dd-4389-a03f-4fcb4c0b8b1b,257,a644a836-3b7d-4f02-8faf-1b2091258163
8ad51b88-3319-48b2-9115-beab11afda1c,2021-07-09T06:05:11.000Z,Student_st65,true,f7dcd01a-30dd-4389-a03f-4fcb4c0b8b1b,203,a644a836-3b7d-4f02-8faf-1b2091258163
ce68b6eb-82db-4080-91f8-00d1d92c03f9,2021-08-03T06:13:39.000Z,michaelbryant65,true,f7dcd01a-30dd-4389-a03f-4fcb4c0b8b1b,197,a644a836-3b7d-4f02-8faf-1b2091258163
97c853d5-5744-40eb-bafe-5e981a362c91,2021-07-09T06:05:11.000Z,st65,true,f7dcd01a-30dd-4389-a03f-4fcb4c0b8b1b,198,a644a836-3b7d-4f02-8faf-1b2091258163
945e7d57-f3fb-4b07-88cd-58c8e2a9b666,2021-08-03T06:13:39.000Z,65,true,f7dcd01a-30dd-4389-a03f-4fcb4c0b8b1b,200,a644a836-3b7d-4f02-8faf-1b2091258163
bf06aa0f-8a9c-4f70-b927-7f0831c676ce,2021-08-03T06:13:39.000Z,st65,true,f7dcd01a-30dd-4389-a03f-4fcb4c0b8b1b,201,a644a836-3b7d-4f02-8faf-1b2091258163
abc24003-a699-4204-98ad-1128abf80422,2021-08-03T06:13:39.000Z,st92,true,723f7e3e-dbbd-4793-831e-b8db39a4fc19,198,a644a836-3b7d-4f02-8faf-1b2091258163
b478f78e-d419-4f08-b03b-11e5e93930d8,2021-07-09T06:05:11.000Z,School Data Sync_Student_st92,true,723f7e3e-dbbd-4793-831e-b8db39a4fc19,257,a644a836-3b7d-4f02-8faf-1b2091258163
bedd1ad0-2b9a-40f5-9c53-60f227d94f01,2021-07-09T06:05:11.000Z,Student_st92,true,723f7e3e-dbbd-4793-831e-b8db39a4fc19,203,a644a836-3b7d-4f02-8faf-1b2091258163
b2a3066c-a738-4ad9-a842-08c8c52e56e1,2021-08-03T06:13:39.000Z,92,true,723f7e3e-dbbd-4793-831e-b8db39a4fc19,200,a644a836-3b7d-4f02-8faf-1b2091258163
9878b113-054c-4ad2-816f-301f2fadd77c,2021-07-09T06:05:11.000Z,st92,true,723f7e3e-dbbd-4793-831e-b8db39a4fc19,201,a644a836-3b7d-4f02-8faf-1b2091258163
dbbff2d7-2db7-4bff-9851-9655088d4e9f,2021-07-09T06:05:11.000Z,thomasrice92,true,723f7e3e-dbbd-4793-831e-b8db39a4fc19,197,a644a836-3b7d-4f02-8faf-1b2091258163
28ece2fd-f868-44dc-bbad-8823744b4150,2021-07-09T06:05:11.000Z,55,true,9592fd5d-b275-4c39-828c-16b2a7d0a6a0,200,a644a836-3b7d-4f02-8faf-1b2091258163
b47498b2-3f32-48fe-b695-0d79f7b2dc30,2021-08-03T06:13:39.000Z,Student_st55,true,9592fd5d-b275-4c39-828c-16b2a7d0a6a0,203,a644a836-3b7d-4f02-8faf-1b2091258163
e9b55055-711b-434c-b88d-4103c7a69c48,2021-07-09T06:05:11.000Z,codybriggs55,true,9592fd5d-b275-4c39-828c-16b2a7d0a6a0,197,a644a836-3b7d-4f02-8faf-1b2091258163
09e9edb7-1f4b-434f-bd7e-9ce883cacf8b,2021-07-09T06:05:11.000Z,st55,true,9592fd5d-b275-4c39-828c-16b2a7d0a6a0,201,a644a836-3b7d-4f02-8faf-1b2091258163
2a3c3468-888a-4274-83af-d5085640451a,2021-08-03T06:13:39.000Z,School Data Sync_Student_st55,true,9592fd5d-b275-4c39-828c-16b2a7d0a6a0,257,a644a836-3b7d-4f02-8faf-1b2091258163
feacd124-1e02-451a-9185-0e34a96bd376,2021-08-03T06:13:39.000Z,st55,true,9592fd5d-b275-4c39-828c-16b2a7d0a6a0,198,a644a836-3b7d-4f02-8faf-1b2091258163
6d198c0b-9d39-4545-9a0b-06539d7044aa,2021-08-03T06:13:39.000Z,st84,true,2d34f2a4-160a-47b5-86b0-d4cea15de1b7,198,a644a836-3b7d-4f02-8faf-1b2091258163
d6b417eb-9198-4d40-b171-3d16b7b4571f,2021-08-03T06:13:39.000Z,School Data Sync_Student_st84,true,2d34f2a4-160a-47b5-86b0-d4cea15de1b7,257,a644a836-3b7d-4f02-8faf-1b2091258163
6d572797-d0b3-4c70-b516-967459ed5cfb,2021-07-09T06:05:11.000Z,jamienunez84,true,2d34f2a4-160a-47b5-86b0-d4cea15de1b7,197,a644a836-3b7d-4f02-8faf-1b2091258163
d8959598-217d-4373-99dd-8317e03a21b5,2021-08-03T06:13:39.000Z,st84,true,2d34f2a4-160a-47b5-86b0-d4cea15de1b7,201,a644a836-3b7d-4f02-8faf-1b2091258163
71916250-835a-4314-a0aa-9b88fc6d10f5,2021-07-09T06:05:11.000Z,84,true,2d34f2a4-160a-47b5-86b0-d4cea15de1b7,200,a644a836-3b7d-4f02-8faf-1b2091258163
a47c0f49-4506-45a8-a2ab-977316f043e9,2021-07-09T06:05:11.000Z,Student_st84,true,2d34f2a4-160a-47b5-86b0-d4cea15de1b7,203,a644a836-3b7d-4f02-8faf-1b2091258163
30b39d0b-f065-485a-9f4b-8f1b52460ffe,2021-07-09T06:05:11.000Z,st93,true,cf198342-d725-4ef2-b916-3d1280546796,201,a644a836-3b7d-4f02-8faf-1b2091258163
a6359dbd-a831-4208-89b4-13eac0c5f976,2021-08-03T06:13:39.000Z,st93,true,cf198342-d725-4ef2-b916-3d1280546796,198,a644a836-3b7d-4f02-8faf-1b2091258163
0d9895eb-4ec7-4c9a-bbf6-6a9452f7ccab,2021-07-09T06:05:11.000Z,Student_st93,true,cf198342-d725-4ef2-b916-3d1280546796,203,a644a836-3b7d-4f02-8faf-1b2091258163
ff47a21d-1dbf-4403-995f-82f174289634,2021-07-09T06:05:11.000Z,deniseestrada93,true,cf198342-d725-4ef2-b916-3d1280546796,197,a644a836-3b7d-4f02-8faf-1b2091258163
3da06d01-05e6-4697-bdf1-61804a3c0517,2021-07-09T06:05:11.000Z,School Data Sync_Student_st93,true,cf198342-d725-4ef2-b916-3d1280546796,257,a644a836-3b7d-4f02-8faf-1b2091258163
20c0acb6-68d4-4a8b-adba-b1520f61cf7e,2021-07-09T06:05:11.000Z,93,true,cf198342-d725-4ef2-b916-3d1280546796,200,a644a836-3b7d-4f02-8faf-1b2091258163
d1f5c415-b1e1-43d1-891b-3e88bf87be7e,2021-07-09T06:05:11.000Z,st44,true,79015d6e-6a07-41f2-b6b1-337528e2f28a,201,a644a836-3b7d-4f02-8faf-1b2091258163
91a875b7-d443-4fe9-bef3-4db2c01367ec,2021-08-03T06:13:39.000Z,davidtaylor44,true,79015d6e-6a07-41f2-b6b1-337528e2f28a,197,a644a836-3b7d-4f02-8faf-1b2091258163
5189ad62-1a4d-4dce-9ccf-ead0c1ed669c,2021-08-03T06:13:39.000Z,Student_st44,true,79015d6e-6a07-41f2-b6b1-337528e2f28a,203,a644a836-3b7d-4f02-8faf-1b2091258163
72dea83d-f376-46b6-b544-9a79d29b0296,2021-08-03T06:13:39.000Z,44,true,79015d6e-6a07-41f2-b6b1-337528e2f28a,200,a644a836-3b7d-4f02-8faf-1b2091258163
1c41917c-74b5-4495-a65f-d6e091a4b75d,2021-08-03T06:13:39.000Z,School Data Sync_Student_st44,true,79015d6e-6a07-41f2-b6b1-337528e2f28a,257,a644a836-3b7d-4f02-8faf-1b2091258163
8776b988-9efe-4c0b-be83-86faf7ce371a,2021-08-03T06:13:39.000Z,st44,true,79015d6e-6a07-41f2-b6b1-337528e2f28a,198,a644a836-3b7d-4f02-8faf-1b2091258163
302e7126-6dcb-4a1d-813a-282fa4958883,2021-07-09T06:05:11.000Z,st47,true,33958cf5-2388-44f6-8f01-11cb7207904c,201,a644a836-3b7d-4f02-8faf-1b2091258163
fab4f2c9-d22b-4aa6-a590-1160db9fa209,2021-08-03T06:13:39.000Z,amandalong47,true,33958cf5-2388-44f6-8f01-11cb7207904c,197,a644a836-3b7d-4f02-8faf-1b2091258163
dddf2fd2-62a3-451d-912d-302d0688f4b4,2021-08-03T06:13:39.000Z,Student_st47,true,33958cf5-2388-44f6-8f01-11cb7207904c,203,a644a836-3b7d-4f02-8faf-1b2091258163
1e9f1ed6-2831-4e8c-8ea5-63400d5ae659,2021-07-09T06:05:11.000Z,47,true,33958cf5-2388-44f6-8f01-11cb7207904c,200,a644a836-3b7d-4f02-8faf-1b2091258163
281406b1-e2e5-4eac-9f1e-996ce34949dc,2021-07-09T06:05:11.000Z,School Data Sync_Student_st47,true,33958cf5-2388-44f6-8f01-11cb7207904c,257,a644a836-3b7d-4f02-8faf-1b2091258163
3a133f5e-d02f-4fde-a00e-67bde59f2617,2021-07-09T06:05:11.000Z,st47,true,33958cf5-2388-44f6-8f01-11cb7207904c,198,a644a836-3b7d-4f02-8faf-1b2091258163
5f9cc765-89a3-4f3d-8dd7-7c1607f6a7b3,2021-07-09T06:05:11.000Z,73,true,1d712d5a-48c2-4534-b887-73fd71cedd6c,200,a644a836-3b7d-4f02-8faf-1b2091258163
d80e1d1f-031c-4efb-a59b-780ddf961f5b,2021-08-03T06:13:39.000Z,School Data Sync_Student_st73,true,1d712d5a-48c2-4534-b887-73fd71cedd6c,257,a644a836-3b7d-4f02-8faf-1b2091258163
8473aea9-aa84-4dcc-adda-ca5a5eb16f06,2021-07-09T06:05:11.000Z,jasoneaton73,true,1d712d5a-48c2-4534-b887-73fd71cedd6c,197,a644a836-3b7d-4f02-8faf-1b2091258163
da0b2923-11af-4023-89c7-74d07b6d8647,2021-07-09T06:05:11.000Z,st73,true,1d712d5a-48c2-4534-b887-73fd71cedd6c,201,a644a836-3b7d-4f02-8faf-1b2091258163
126b9c25-ddcb-415f-973b-ce5f09b5f026,2021-08-03T06:13:39.000Z,st73,true,1d712d5a-48c2-4534-b887-73fd71cedd6c,198,a644a836-3b7d-4f02-8faf-1b2091258163
9b1e1ce6-7216-4b44-a6c8-4b78db86173a,2021-07-09T06:05:11.000Z,Student_st73,true,1d712d5a-48c2-4534-b887-73fd71cedd6c,203,a644a836-3b7d-4f02-8faf-1b2091258163
46e398b8-e4e6-4002-a35a-19ecec7d6dfb,2021-08-03T06:13:39.000Z,Student_st80,true,075c442b-d88f-4e96-8f29-064870b459bb,203,a644a836-3b7d-4f02-8faf-1b2091258163
e00e7a16-bade-4e3a-af39-a59dad61ac18,2021-08-03T06:13:39.000Z,School Data Sync_Student_st80,true,075c442b-d88f-4e96-8f29-064870b459bb,257,a644a836-3b7d-4f02-8faf-1b2091258163
15dca46b-1d28-4d36-9f21-29b9401c2092,2021-08-03T06:13:39.000Z,st80,true,075c442b-d88f-4e96-8f29-064870b459bb,198,a644a836-3b7d-4f02-8faf-1b2091258163
c86c9ebc-733a-4441-9012-0c03fb9c0c67,2021-08-03T06:13:39.000Z,st80,true,075c442b-d88f-4e96-8f29-064870b459bb,201,a644a836-3b7d-4f02-8faf-1b2091258163
b3ee032a-a73f-488a-83e8-0f7fbbbd46ac,2021-07-09T06:05:11.000Z,heatherlewis80,true,075c442b-d88f-4e96-8f29-064870b459bb,197,a644a836-3b7d-4f02-8faf-1b2091258163
d3d2dd59-87ce-436d-8745-f612685832fb,2021-08-03T06:13:39.000Z,80,true,075c442b-d88f-4e96-8f29-064870b459bb,200,a644a836-3b7d-4f02-8faf-1b2091258163
3f8aca51-e1e6-4b9a-8914-9ff5c2f9d92c,2021-08-03T06:13:39.000Z,Student_st82,true,95a0a3b4-ad21-4bf4-b5db-5fed853bca5b,203,a644a836-3b7d-4f02-8faf-1b2091258163
e4926984-cd74-4ac3-8f28-f9ba384e4209,2021-07-09T06:05:11.000Z,School Data Sync_Student_st82,true,95a0a3b4-ad21-4bf4-b5db-5fed853bca5b,257,a644a836-3b7d-4f02-8faf-1b2091258163
4c7f77f3-df9e-4934-bcd0-43c518eb6069,2021-07-09T06:05:11.000Z,st82,true,95a0a3b4-ad21-4bf4-b5db-5fed853bca5b,198,a644a836-3b7d-4f02-8faf-1b2091258163
ef8da896-eb90-476c-b64f-0ce818908a56,2021-07-09T06:05:11.000Z,st82,true,95a0a3b4-ad21-4bf4-b5db-5fed853bca5b,201,a644a836-3b7d-4f02-8faf-1b2091258163
130dc271-00ca-4fea-9ce7-81cf48188e99,2021-08-03T06:13:39.000Z,82,true,95a0a3b4-ad21-4bf4-b5db-5fed853bca5b,200,a644a836-3b7d-4f02-8faf-1b2091258163
0d6e53a5-bb4c-4f5f-a3a3-4e714f208a50,2021-07-09T06:05:11.000Z,jessicaunderwood82,true,95a0a3b4-ad21-4bf4-b5db-5fed853bca5b,197,a644a836-3b7d-4f02-8faf-1b2091258163
35716a05-ea0e-4ca7-85c2-0b5173be97cc,2021-08-03T06:13:39.000Z,22,true,c1dd8f80-ce1f-49cd-b273-df0419924272,200,a644a836-3b7d-4f02-8faf-1b2091258163
a85ce109-769a-439c-8d01-4938bddbe8a7,2021-07-09T06:05:11.000Z,reginaldlogan22,true,c1dd8f80-ce1f-49cd-b273-df0419924272,197,a644a836-3b7d-4f02-8faf-1b2091258163
809ba3d2-176c-45cf-94cb-613d04b9bc09,2021-08-03T06:13:39.000Z,School Data Sync_Student_st22,true,c1dd8f80-ce1f-49cd-b273-df0419924272,257,a644a836-3b7d-4f02-8faf-1b2091258163
41b2a6b5-9ec3-4386-98f9-63d281755b5a,2021-07-09T06:05:11.000Z,st22,true,c1dd8f80-ce1f-49cd-b273-df0419924272,201,a644a836-3b7d-4f02-8faf-1b2091258163
15304326-d138-4630-9aed-6d790f596cce,2021-08-03T06:13:39.000Z,Student_st22,true,c1dd8f80-ce1f-49cd-b273-df0419924272,203,a644a836-3b7d-4f02-8faf-1b2091258163
59ba06f0-8d12-44a0-bc0e-4738cf392185,2021-07-09T06:05:11.000Z,st22,true,c1dd8f80-ce1f-49cd-b273-df0419924272,198,a644a836-3b7d-4f02-8faf-1b2091258163
d8de62aa-64cc-4060-a262-8b378437b792,2021-07-09T06:05:11.000Z,st81,true,362feafc-47be-4579-8429-3eda76d5a01d,198,a644a836-3b7d-4f02-8faf-1b2091258163
4790be8a-3f4e-41b8-af85-809c1679b336,2021-08-03T06:13:39.000Z,st81,true,362feafc-47be-4579-8429-3eda76d5a01d,201,a644a836-3b7d-4f02-8faf-1b2091258163
20e44ab2-46a1-44e9-9346-9efbde76e24c,2021-07-09T06:05:11.000Z,marissamaddox81,true,362feafc-47be-4579-8429-3eda76d5a01d,197,a644a836-3b7d-4f02-8faf-1b2091258163
3e5365c3-14fc-435d-9cf2-b6ee442457b4,2021-08-03T06:13:39.000Z,School Data Sync_Student_st81,true,362feafc-47be-4579-8429-3eda76d5a01d,257,a644a836-3b7d-4f02-8faf-1b2091258163
456b8676-6392-4860-a181-3d090d5bbec9,2021-08-03T06:13:39.000Z,Student_st81,true,362feafc-47be-4579-8429-3eda76d5a01d,203,a644a836-3b7d-4f02-8faf-1b2091258163
38fc23cd-f2f6-493e-9078-46d29c23ad44,2021-07-09T06:05:11.000Z,81,true,362feafc-47be-4579-8429-3eda76d5a01d,200,a644a836-3b7d-4f02-8faf-1b2091258163
7ed90277-e675-4d1d-b476-f9e6f6a2dc8d,2021-07-09T06:05:11.000Z,9,true,3db96f65-fda1-4829-a16f-8c848f059751,200,a644a836-3b7d-4f02-8faf-1b2091258163
cdcdd2cc-8c44-41e1-a149-cd8ef5e50e71,2021-08-03T06:13:39.000Z,st9,true,3db96f65-fda1-4829-a16f-8c848f059751,198,a644a836-3b7d-4f02-8faf-1b2091258163
adfcfafa-4a6c-4068-a5de-af828f30189c,2021-07-09T06:05:11.000Z,School Data Sync_Student_st9,true,3db96f65-fda1-4829-a16f-8c848f059751,257,a644a836-3b7d-4f02-8faf-1b2091258163
52ec2190-98bd-4553-9f2e-dd110e9fcdd1,2021-07-09T06:05:11.000Z,Student_st9,true,3db96f65-fda1-4829-a16f-8c848f059751,203,a644a836-3b7d-4f02-8faf-1b2091258163
141d1da1-77ea-4432-ab0b-794b84b9e2ce,2021-07-09T06:05:11.000Z,st9,true,3db96f65-fda1-4829-a16f-8c848f059751,201,a644a836-3b7d-4f02-8faf-1b2091258163
61c1bca9-afb2-4dc3-8dfe-7040b104be7f,2021-08-03T06:13:39.000Z,peggyvargas9,true,3db96f65-fda1-4829-a16f-8c848f059751,197,a644a836-3b7d-4f02-8faf-1b2091258163
009e21da-1cd0-4147-863a-19427462d750,2021-07-09T06:05:11.000Z,School Data Sync_Student_st66,true,63244c07-6b04-4255-ba4f-954e475ae32a,257,a644a836-3b7d-4f02-8faf-1b2091258163
09ce6d6d-b2cf-40cf-a766-5782a97c48b1,2021-08-03T06:13:39.000Z,Student_st66,true,63244c07-6b04-4255-ba4f-954e475ae32a,203,a644a836-3b7d-4f02-8faf-1b2091258163
12644e8d-43f5-45c0-be5c-d7e1f5cb1ce0,2021-07-09T06:05:11.000Z,st66,true,63244c07-6b04-4255-ba4f-954e475ae32a,198,a644a836-3b7d-4f02-8faf-1b2091258163
0abbe3d3-9ad9-4f2d-b4c4-672dd90b1bb2,2021-08-03T06:13:39.000Z,sheryljones66,true,63244c07-6b04-4255-ba4f-954e475ae32a,197,a644a836-3b7d-4f02-8faf-1b2091258163
e9760420-6e8a-4d44-a5e3-2686cf6c611d,2021-07-09T06:05:11.000Z,st66,true,63244c07-6b04-4255-ba4f-954e475ae32a,201,a644a836-3b7d-4f02-8faf-1b2091258163
eca7734c-b363-48cf-9819-94b819941e81,2021-08-03T06:13:39.000Z,66,true,63244c07-6b04-4255-ba4f-954e475ae32a,200,a644a836-3b7d-4f02-8faf-1b2091258163
7fabb271-f5af-4829-b9ff-677d5279704d,2021-08-03T06:13:39.000Z,caitlinguerrero89,true,a336fc26-0350-48d2-b56d-9497b50c9835,197,a644a836-3b7d-4f02-8faf-1b2091258163
ca1739a2-a863-458c-a4b4-612d9d0873f5,2021-08-03T06:13:39.000Z,st89,true,a336fc26-0350-48d2-b56d-9497b50c9835,198,a644a836-3b7d-4f02-8faf-1b2091258163
e72009b4-5396-43a4-83e9-218508fed88a,2021-08-03T06:13:39.000Z,Student_st89,true,a336fc26-0350-48d2-b56d-9497b50c9835,203,a644a836-3b7d-4f02-8faf-1b2091258163
3d2dcb74-eb8c-49aa-9768-ca95f33daa67,2021-08-03T06:13:39.000Z,st89,true,a336fc26-0350-48d2-b56d-9497b50c9835,201,a644a836-3b7d-4f02-8faf-1b2091258163
7a707882-cb08-410d-af26-f60adf13e603,2021-07-09T06:05:11.000Z,School Data Sync_Student_st89,true,a336fc26-0350-48d2-b56d-9497b50c9835,257,a644a836-3b7d-4f02-8faf-1b2091258163
e7bbe4c6-0c81-4bb6-bace-bb53cde4598f,2021-08-03T06:13:39.000Z,89,true,a336fc26-0350-48d2-b56d-9497b50c9835,200,a644a836-3b7d-4f02-8faf-1b2091258163
82d8bbc6-9d82-428e-9f8e-b578fa993c62,2021-07-09T06:05:11.000Z,st97,true,04dd349c-8ed8-40c3-ac10-29c088b95608,198,a644a836-3b7d-4f02-8faf-1b2091258163
7522e739-4bdc-4954-ab4c-fbafaf1f5358,2021-08-03T06:13:39.000Z,97,true,04dd349c-8ed8-40c3-ac10-29c088b95608,200,a644a836-3b7d-4f02-8faf-1b2091258163
485df3c4-b389-46cc-8459-efc14a91552d,2021-07-09T06:05:11.000Z,philipwilliams97,true,04dd349c-8ed8-40c3-ac10-29c088b95608,197,a644a836-3b7d-4f02-8faf-1b2091258163
7e887996-6819-41a6-84b4-5ef05a4e17fb,2021-08-03T06:13:39.000Z,School Data Sync_Student_st97,true,04dd349c-8ed8-40c3-ac10-29c088b95608,257,a644a836-3b7d-4f02-8faf-1b2091258163
5325ef49-3b46-455a-af6f-c65721066dcf,2021-07-09T06:05:11.000Z,Student_st97,true,04dd349c-8ed8-40c3-ac10-29c088b95608,203,a644a836-3b7d-4f02-8faf-1b2091258163
c620e756-2f97-4ca8-b3df-99911aa54e74,2021-08-03T06:13:39.000Z,st97,true,04dd349c-8ed8-40c3-ac10-29c088b95608,201,a644a836-3b7d-4f02-8faf-1b2091258163
5cf8bee0-4cc3-42af-8668-c2fb6e5badae,2021-07-09T06:05:11.000Z,School Data Sync_Student_st41,true,59347a74-f3f2-4651-b4f5-53aadd038e30,257,a644a836-3b7d-4f02-8faf-1b2091258163
1dcd1b5b-f76b-41b7-aee5-05516583240f,2021-07-09T06:05:11.000Z,41,true,59347a74-f3f2-4651-b4f5-53aadd038e30,200,a644a836-3b7d-4f02-8faf-1b2091258163
756d813d-80f8-4a2d-9d00-b83245ae56a1,2021-07-09T06:05:11.000Z,davidwest41,true,59347a74-f3f2-4651-b4f5-53aadd038e30,197,a644a836-3b7d-4f02-8faf-1b2091258163
d3d7d643-6207-41fc-b801-8f743a561829,2021-07-09T06:05:11.000Z,st41,true,59347a74-f3f2-4651-b4f5-53aadd038e30,201,a644a836-3b7d-4f02-8faf-1b2091258163
0cbfcdea-9c9e-4be5-9bcd-afdab6bd46b6,2021-07-09T06:05:11.000Z,st41,true,59347a74-f3f2-4651-b4f5-53aadd038e30,198,a644a836-3b7d-4f02-8faf-1b2091258163
6bee2d92-cc03-45a7-a917-0d39edfa7649,2021-07-09T06:05:11.000Z,Student_st41,true,59347a74-f3f2-4651-b4f5-53aadd038e30,203,a644a836-3b7d-4f02-8faf-1b2091258163
7828b78f-6605-4d7f-bb94-715a7b95355a,2021-07-09T06:05:11.000Z,st64,true,33db374b-3261-4a5f-a42d-5f680b00959c,201,a644a836-3b7d-4f02-8faf-1b2091258163
e29b6366-9d0a-4b1e-81ef-2a848bb51ab6,2021-07-09T06:05:11.000Z,zacharyjohnson64,true,33db374b-3261-4a5f-a42d-5f680b00959c,197,a644a836-3b7d-4f02-8faf-1b2091258163
1559a747-5b20-4cf1-9faf-c2dd11164444,2021-08-03T06:13:39.000Z,Student_st64,true,33db374b-3261-4a5f-a42d-5f680b00959c,203,a644a836-3b7d-4f02-8faf-1b2091258163
bfafa1c5-096f-40c6-a20a-ebc450d23f2a,2021-07-09T06:05:11.000Z,School Data Sync_Student_st64,true,33db374b-3261-4a5f-a42d-5f680b00959c,257,a644a836-3b7d-4f02-8faf-1b2091258163
85acf6fa-5a6a-458d-a7ce-20f0df9e4223,2021-07-09T06:05:11.000Z,64,true,33db374b-3261-4a5f-a42d-5f680b00959c,200,a644a836-3b7d-4f02-8faf-1b2091258163
5da2d31b-00b2-4ba1-9ab3-4b25c875a321,2021-07-09T06:05:11.000Z,st64,true,33db374b-3261-4a5f-a42d-5f680b00959c,198,a644a836-3b7d-4f02-8faf-1b2091258163
c9cbaa16-cf5d-4416-8d86-96b167980c07,2021-07-09T06:05:11.000Z,melissalawson91,true,e2216ed2-ed60-4444-91e9-f25d645b8f68,197,a644a836-3b7d-4f02-8faf-1b2091258163
ce5ca3da-e562-4541-92b9-19d6e5ac38be,2021-07-09T06:05:11.000Z,91,true,e2216ed2-ed60-4444-91e9-f25d645b8f68,200,a644a836-3b7d-4f02-8faf-1b2091258163
5055acbb-22cc-4a0f-a59b-8160659e40cb,2021-07-09T06:05:11.000Z,st91,true,e2216ed2-ed60-4444-91e9-f25d645b8f68,201,a644a836-3b7d-4f02-8faf-1b2091258163
a10307e0-825b-4379-82b6-db9e8258a9c2,2021-07-09T06:05:11.000Z,Student_st91,true,e2216ed2-ed60-4444-91e9-f25d645b8f68,203,a644a836-3b7d-4f02-8faf-1b2091258163
78cc98d7-5e51-466e-b4c2-3487fbcb850c,2021-08-03T06:13:39.000Z,st91,true,e2216ed2-ed60-4444-91e9-f25d645b8f68,198,a644a836-3b7d-4f02-8faf-1b2091258163
e4a9c7fa-9996-49d5-9448-a398594b8a6f,2021-08-03T06:13:39.000Z,School Data Sync_Student_st91,true,e2216ed2-ed60-4444-91e9-f25d645b8f68,257,a644a836-3b7d-4f02-8faf-1b2091258163
7c4c5bc2-fc0f-4bd8-999a-e1d5e56ee19a,2021-08-03T06:13:39.000Z,12,true,9a93306b-9a36-4235-8667-365bef814221,200,a644a836-3b7d-4f02-8faf-1b2091258163
839e3de2-f2ba-4b23-bc0e-6684415f5c66,2021-08-03T06:13:39.000Z,School Data Sync_Student_st12,true,9a93306b-9a36-4235-8667-365bef814221,257,a644a836-3b7d-4f02-8faf-1b2091258163
3bfd0630-d250-4edb-8874-23b1d48fbf92,2021-07-09T06:05:11.000Z,stephenramirez12,true,9a93306b-9a36-4235-8667-365bef814221,197,a644a836-3b7d-4f02-8faf-1b2091258163
925c5c75-fde3-4325-b592-3ac76fbfaa96,2021-08-03T06:13:39.000Z,Student_st12,true,9a93306b-9a36-4235-8667-365bef814221,203,a644a836-3b7d-4f02-8faf-1b2091258163
78b04abe-bc8f-433b-87b1-75a7a6e06705,2021-07-09T06:05:11.000Z,st12,true,9a93306b-9a36-4235-8667-365bef814221,198,a644a836-3b7d-4f02-8faf-1b2091258163
e6c94e3a-fb81-4eb6-80cf-61e0a2bd883f,2021-07-09T06:05:11.000Z,st12,true,9a93306b-9a36-4235-8667-365bef814221,201,a644a836-3b7d-4f02-8faf-1b2091258163
b5e09b8c-58f7-48d4-8279-221da69891fe,2021-08-03T06:13:39.000Z,st70,true,b6c4d213-f7ad-4834-955f-9867c9ee148a,198,a644a836-3b7d-4f02-8faf-1b2091258163
853c26e4-33fb-457d-9543-e4a662b38b36,2021-08-03T06:13:39.000Z,stevencline70,true,b6c4d213-f7ad-4834-955f-9867c9ee148a,197,a644a836-3b7d-4f02-8faf-1b2091258163
b5d8d19a-94f9-4ba8-a491-04d428c928d9,2021-08-03T06:13:39.000Z,Student_st70,true,b6c4d213-f7ad-4834-955f-9867c9ee148a,203,a644a836-3b7d-4f02-8faf-1b2091258163
8c367963-8853-4bb9-a676-e49254c29554,2021-08-03T06:13:39.000Z,70,true,b6c4d213-f7ad-4834-955f-9867c9ee148a,200,a644a836-3b7d-4f02-8faf-1b2091258163
a12dee8b-9907-4266-8f2d-935831d770c9,2021-08-03T06:13:39.000Z,School Data Sync_Student_st70,true,b6c4d213-f7ad-4834-955f-9867c9ee148a,257,a644a836-3b7d-4f02-8faf-1b2091258163
500447d7-7d38-45d2-91ab-698414a2bab1,2021-07-09T06:05:11.000Z,st70,true,b6c4d213-f7ad-4834-955f-9867c9ee148a,201,a644a836-3b7d-4f02-8faf-1b2091258163
e4f55e95-562f-436c-9dfd-66b6d98a58c0,2021-08-03T06:13:39.000Z,Student_st11,true,ff01b622-365d-44b8-b4c2-3ee3bbe16fe7,203,a644a836-3b7d-4f02-8faf-1b2091258163
e4aea497-9a16-426d-b89e-75167fb94273,2021-08-03T06:13:39.000Z,School Data Sync_Student_st11,true,ff01b622-365d-44b8-b4c2-3ee3bbe16fe7,257,a644a836-3b7d-4f02-8faf-1b2091258163
b755ae35-f3c1-4703-8102-5c4f05af4daf,2021-07-09T06:05:11.000Z,st11,true,ff01b622-365d-44b8-b4c2-3ee3bbe16fe7,201,a644a836-3b7d-4f02-8faf-1b2091258163
34fe3f64-0c37-4d6e-9b48-007c99fc2af4,2021-07-09T06:05:11.000Z,st11,true,ff01b622-365d-44b8-b4c2-3ee3bbe16fe7,198,a644a836-3b7d-4f02-8faf-1b2091258163
1ae3b00d-f366-416d-baf9-51225728e078,2021-07-09T06:05:11.000Z,11,true,ff01b622-365d-44b8-b4c2-3ee3bbe16fe7,200,a644a836-3b7d-4f02-8faf-1b2091258163
da04244a-908a-46f0-84fd-bd273483b6ac,2021-08-03T06:13:39.000Z,paigetaylor11,true,ff01b622-365d-44b8-b4c2-3ee3bbe16fe7,197,a644a836-3b7d-4f02-8faf-1b2091258163
e79612cd-32d1-4f08-8422-8309600da695,2021-08-03T06:13:39.000Z,st42,true,fb4f685c-f78c-4194-9a67-44464fc5a8e8,201,a644a836-3b7d-4f02-8faf-1b2091258163
d6f74635-6df8-4097-b89d-95988b389562,2021-08-03T06:13:39.000Z,School Data Sync_Student_st42,true,fb4f685c-f78c-4194-9a67-44464fc5a8e8,257,a644a836-3b7d-4f02-8faf-1b2091258163
66566aea-2622-4d78-bea1-0f5217fc02c7,2021-07-09T06:05:11.000Z,st42,true,fb4f685c-f78c-4194-9a67-44464fc5a8e8,198,a644a836-3b7d-4f02-8faf-1b2091258163
cd8d1cfc-415b-4b0f-a94d-02ecdc9022db,2021-08-03T06:13:39.000Z,curtistodd42,true,fb4f685c-f78c-4194-9a67-44464fc5a8e8,197,a644a836-3b7d-4f02-8faf-1b2091258163
0aa6c7d0-3ab2-4ebf-8ab7-5b778cf7e0c9,2021-08-03T06:13:39.000Z,42,true,fb4f685c-f78c-4194-9a67-44464fc5a8e8,200,a644a836-3b7d-4f02-8faf-1b2091258163
715a7555-dfcb-4a4b-82e3-c3da288c5c7f,2021-07-09T06:05:11.000Z,Student_st42,true,fb4f685c-f78c-4194-9a67-44464fc5a8e8,203,a644a836-3b7d-4f02-8faf-1b2091258163
717d89ad-58c6-4e1a-9c0b-6596beeb0418,2021-07-09T06:05:11.000Z,veronicacastro87,true,aabe0a12-1aa3-4fee-81a9-7567249d21db,197,a644a836-3b7d-4f02-8faf-1b2091258163
eda2699f-fb88-45fb-a716-61a9b667a139,2021-08-03T06:13:39.000Z,School Data Sync_Student_st87,true,aabe0a12-1aa3-4fee-81a9-7567249d21db,257,a644a836-3b7d-4f02-8faf-1b2091258163
59ec165c-4b45-410b-84c3-046c7d7e5480,2021-08-03T06:13:39.000Z,87,true,aabe0a12-1aa3-4fee-81a9-7567249d21db,200,a644a836-3b7d-4f02-8faf-1b2091258163
6f772d83-32cd-4d6a-9359-10f60a5eb8a0,2021-08-03T06:13:39.000Z,Student_st87,true,aabe0a12-1aa3-4fee-81a9-7567249d21db,203,a644a836-3b7d-4f02-8faf-1b2091258163
1fdae115-97f1-411e-85df-31b3a58ed784,2021-07-09T06:05:11.000Z,st87,true,aabe0a12-1aa3-4fee-81a9-7567249d21db,198,a644a836-3b7d-4f02-8faf-1b2091258163
3ec66fde-acfa-4fe0-852f-e2648eba2447,2021-07-09T06:05:11.000Z,st87,true,aabe0a12-1aa3-4fee-81a9-7567249d21db,201,a644a836-3b7d-4f02-8faf-1b2091258163
39efa3bc-c467-4373-a9ec-62cffae18911,2021-08-03T06:13:39.000Z,Student_st94,true,faf57838-198f-4dd4-9af3-d4b051bc8a75,203,a644a836-3b7d-4f02-8faf-1b2091258163
40cbbd12-0be2-44f5-beea-3a838ae4fda9,2021-08-03T06:13:39.000Z,94,true,faf57838-198f-4dd4-9af3-d4b051bc8a75,200,a644a836-3b7d-4f02-8faf-1b2091258163
3022ac52-f8ba-4de8-bede-efaf89b4e2be,2021-08-03T06:13:39.000Z,School Data Sync_Student_st94,true,faf57838-198f-4dd4-9af3-d4b051bc8a75,257,a644a836-3b7d-4f02-8faf-1b2091258163
e94cee5e-0201-468b-b43f-cb3868b9b78a,2021-07-09T06:05:11.000Z,bradleydickerson94,true,faf57838-198f-4dd4-9af3-d4b051bc8a75,197,a644a836-3b7d-4f02-8faf-1b2091258163
94c2585c-3a27-426e-9856-389b9d50dab7,2021-07-09T06:05:11.000Z,st94,true,faf57838-198f-4dd4-9af3-d4b051bc8a75,198,a644a836-3b7d-4f02-8faf-1b2091258163
98b1369a-c4bd-4ceb-8e58-86fb7b6f4987,2021-08-03T06:13:39.000Z,st94,true,faf57838-198f-4dd4-9af3-d4b051bc8a75,201,a644a836-3b7d-4f02-8faf-1b2091258163
78a9719b-9372-464d-9466-e479e899d78f,2021-07-09T06:05:11.000Z,t1,true,1c680e7f-daf6-4e74-8d71-216969b9a58a,201,a644a836-3b7d-4f02-8faf-1b2091258163
be5f6b1e-e4aa-4baf-ba78-fed3cf7fb6e9,2021-08-03T06:13:39.000Z,School Data Sync_Teacher_t1,true,1c680e7f-daf6-4e74-8d71-216969b9a58a,257,a644a836-3b7d-4f02-8faf-1b2091258163
82cd1511-e1eb-42ff-a9b4-11d35888d962,2021-08-03T06:13:39.000Z,shelbyberger1,true,1c680e7f-daf6-4e74-8d71-216969b9a58a,197,a644a836-3b7d-4f02-8faf-1b2091258163
3b7dc98a-7174-4f9f-8097-149252550933,2021-08-03T06:13:39.000Z,t1,true,1c680e7f-daf6-4e74-8d71-216969b9a58a,198,a644a836-3b7d-4f02-8faf-1b2091258163
76ea9361-c1ad-40f4-8447-2f8aacc75e5f,2021-07-09T06:05:11.000Z,Teacher_t1,true,1c680e7f-daf6-4e74-8d71-216969b9a58a,203,a644a836-3b7d-4f02-8faf-1b2091258163
933b1adc-0e6d-40de-aa9d-3d8dfdc32584,2021-07-09T06:05:11.000Z,School Data Sync_Student_st74,true,77631d16-71e8-46f8-8c89-0238dfd6782b,257,a644a836-3b7d-4f02-8faf-1b2091258163
18038e8e-570f-4b88-a6e2-0f784a288d50,2021-08-03T06:13:39.000Z,st74,true,77631d16-71e8-46f8-8c89-0238dfd6782b,201,a644a836-3b7d-4f02-8faf-1b2091258163
c8ed109d-deba-45a3-a8d5-9a03dbc77e00,2021-07-09T06:05:11.000Z,Student_st74,true,77631d16-71e8-46f8-8c89-0238dfd6782b,203,a644a836-3b7d-4f02-8faf-1b2091258163
76f90ba7-8825-4570-b050-9af52b2d3cfb,2021-07-09T06:05:11.000Z,justincooper74,true,77631d16-71e8-46f8-8c89-0238dfd6782b,197,a644a836-3b7d-4f02-8faf-1b2091258163
b5830b11-7bf9-4378-aee6-abec6281ce0d,2021-08-03T06:13:39.000Z,74,true,77631d16-71e8-46f8-8c89-0238dfd6782b,200,a644a836-3b7d-4f02-8faf-1b2091258163
d2b0c35b-81be-4789-9ea6-d484ee1d3b88,2021-07-09T06:05:11.000Z,st74,true,77631d16-71e8-46f8-8c89-0238dfd6782b,198,a644a836-3b7d-4f02-8faf-1b2091258163
50106cb9-b8c6-4243-997a-218e82e7be17,2021-07-09T06:05:11.000Z,raynelson24,true,ea3904bb-4b86-4579-91ac-b003b9ff2971,197,a644a836-3b7d-4f02-8faf-1b2091258163
5a28bb8e-76ad-4716-b3fe-c49c9c8652e7,2021-08-03T06:13:39.000Z,School Data Sync_Student_st24,true,ea3904bb-4b86-4579-91ac-b003b9ff2971,257,a644a836-3b7d-4f02-8faf-1b2091258163
5720897a-05a3-4027-a927-ae3b8e4e6dcf,2021-07-09T06:05:11.000Z,Student_st24,true,ea3904bb-4b86-4579-91ac-b003b9ff2971,203,a644a836-3b7d-4f02-8faf-1b2091258163
b4dd8f41-798e-4951-a84a-846a1abd2a18,2021-07-09T06:05:11.000Z,st24,true,ea3904bb-4b86-4579-91ac-b003b9ff2971,201,a644a836-3b7d-4f02-8faf-1b2091258163
5f62d8b9-1b80-449d-918a-1f5f1af49738,2021-08-03T06:13:39.000Z,st24,true,ea3904bb-4b86-4579-91ac-b003b9ff2971,198,a644a836-3b7d-4f02-8faf-1b2091258163
000ae39d-7b13-4b1b-bc7f-870d82ab28f5,2021-08-03T06:13:39.000Z,24,true,ea3904bb-4b86-4579-91ac-b003b9ff2971,200,a644a836-3b7d-4f02-8faf-1b2091258163
5393412f-9cfb-432a-aeec-e9b26ffa6c8b,2021-08-03T06:13:39.000Z,st79,true,6c6f0923-b474-4f24-9356-324bec8f1aee,201,a644a836-3b7d-4f02-8faf-1b2091258163
6dcada8a-aac7-45d5-a2ff-95232491d216,2021-08-03T06:13:39.000Z,st79,true,6c6f0923-b474-4f24-9356-324bec8f1aee,198,a644a836-3b7d-4f02-8faf-1b2091258163
72bc4a4f-075b-4268-b22a-0c3cd4b6da36,2021-08-03T06:13:39.000Z,Student_st79,true,6c6f0923-b474-4f24-9356-324bec8f1aee,203,a644a836-3b7d-4f02-8faf-1b2091258163
31616cc7-98b5-4955-9f61-e73d6a6525bb,2021-08-03T06:13:39.000Z,79,true,6c6f0923-b474-4f24-9356-324bec8f1aee,200,a644a836-3b7d-4f02-8faf-1b2091258163
a620a6b5-b134-49cb-a0c8-ccafaedd17b6,2021-07-09T06:05:11.000Z,amberberger79,true,6c6f0923-b474-4f24-9356-324bec8f1aee,197,a644a836-3b7d-4f02-8faf-1b2091258163
388041da-4b24-4631-bb75-e30911ef3a15,2021-07-09T06:05:11.000Z,School Data Sync_Student_st79,true,6c6f0923-b474-4f24-9356-324bec8f1aee,257,a644a836-3b7d-4f02-8faf-1b2091258163
0583a2c3-6a16-4aa5-b2c0-cbe76acb57f1,2021-07-09T06:05:11.000Z,st50,true,2571b68b-45c0-4f59-84a9-b9da8706635e,198,a644a836-3b7d-4f02-8faf-1b2091258163
2adc4f2a-8cf2-48f7-b375-4c4a613e0b1b,2021-07-09T06:05:11.000Z,School Data Sync_Student_st50,true,2571b68b-45c0-4f59-84a9-b9da8706635e,257,a644a836-3b7d-4f02-8faf-1b2091258163
a9c499fa-0ffe-4c0e-b046-a5b0ca4b06fb,2021-07-09T06:05:11.000Z,josephterrell50,true,2571b68b-45c0-4f59-84a9-b9da8706635e,197,a644a836-3b7d-4f02-8faf-1b2091258163
1ac4ba22-9e9e-4bd9-a233-a16d6024ddee,2021-07-09T06:05:11.000Z,50,true,2571b68b-45c0-4f59-84a9-b9da8706635e,200,a644a836-3b7d-4f02-8faf-1b2091258163
2b04b792-3c96-47c1-a148-2cb7ce3d99c1,2021-08-03T06:13:39.000Z,Student_st50,true,2571b68b-45c0-4f59-84a9-b9da8706635e,203,a644a836-3b7d-4f02-8faf-1b2091258163
86b67c29-85b7-4a9b-95c0-7dfc8a92c08c,2021-07-09T06:05:11.000Z,st50,true,2571b68b-45c0-4f59-84a9-b9da8706635e,201,a644a836-3b7d-4f02-8faf-1b2091258163
9c1e2624-b510-40d5-9af7-18aba3adc169,2021-08-03T06:13:39.000Z,7,true,21e38ff8-4130-4d6f-9551-fb0b58c2ce47,200,a644a836-3b7d-4f02-8faf-1b2091258163
664c3679-649d-48aa-be12-e69f0a3d402c,2021-08-03T06:13:39.000Z,School Data Sync_Student_st7,true,21e38ff8-4130-4d6f-9551-fb0b58c2ce47,257,a644a836-3b7d-4f02-8faf-1b2091258163
cf75d608-a9cd-40d2-b90e-f0ae6b17da60,2021-07-09T06:05:11.000Z,st7,true,21e38ff8-4130-4d6f-9551-fb0b58c2ce47,201,a644a836-3b7d-4f02-8faf-1b2091258163
c02e61f1-cb5d-40a0-80ff-bdb3550e642d,2021-08-03T06:13:39.000Z,st7,true,21e38ff8-4130-4d6f-9551-fb0b58c2ce47,198,a644a836-3b7d-4f02-8faf-1b2091258163
1769bdbf-ad66-4847-b5cd-d28a95cd8089,2021-08-03T06:13:39.000Z,rayjohnson7,true,21e38ff8-4130-4d6f-9551-fb0b58c2ce47,197,a644a836-3b7d-4f02-8faf-1b2091258163
bf53c916-bff2-472e-8eb1-fdff914a8664,2021-07-09T06:05:11.000Z,Student_st7,true,21e38ff8-4130-4d6f-9551-fb0b58c2ce47,203,a644a836-3b7d-4f02-8faf-1b2091258163
605d632c-28ae-4b91-bbf7-c51c4158890b,2021-07-09T06:05:11.000Z,t2,true,2103cf54-30e8-40bd-a5e9-d82b1673912e,201,a644a836-3b7d-4f02-8faf-1b2091258163
130acad9-4daf-43a3-b08a-5489972d02a9,2021-08-03T06:13:39.000Z,School Data Sync_Teacher_t2,true,2103cf54-30e8-40bd-a5e9-d82b1673912e,257,a644a836-3b7d-4f02-8faf-1b2091258163
21bb4ff7-233e-4a70-abe7-7c54e365ac16,2021-08-03T06:13:39.000Z,wandacervantes2,true,2103cf54-30e8-40bd-a5e9-d82b1673912e,197,a644a836-3b7d-4f02-8faf-1b2091258163
ac70c5b1-8487-440b-8c74-91876cc8c52b,2021-07-09T06:05:11.000Z,t2,true,2103cf54-30e8-40bd-a5e9-d82b1673912e,198,a644a836-3b7d-4f02-8faf-1b2091258163
67995ec8-ec88-4634-97be-970650123ba6,2021-07-09T06:05:11.000Z,Teacher_t2,true,2103cf54-30e8-40bd-a5e9-d82b1673912e,203,a644a836-3b7d-4f02-8faf-1b2091258163
12e1df16-9cb4-4b14-8447-0dabdc608fe7,2021-08-03T06:13:39.000Z,76,true,9899d147-92e4-4956-af5b-f11ce0c1b1c0,200,a644a836-3b7d-4f02-8faf-1b2091258163
2b962191-4364-452c-945c-8bef3214fa0c,2021-07-09T06:05:11.000Z,st76,true,9899d147-92e4-4956-af5b-f11ce0c1b1c0,198,a644a836-3b7d-4f02-8faf-1b2091258163
1a78a8dd-350e-40b6-8349-5bfea37afebd,2021-08-03T06:13:39.000Z,Student_st76,true,9899d147-92e4-4956-af5b-f11ce0c1b1c0,203,a644a836-3b7d-4f02-8faf-1b2091258163
7069fdd3-3c72-490e-a91a-5f0b7d4c2ee4,2021-07-09T06:05:11.000Z,thomassmith76,true,9899d147-92e4-4956-af5b-f11ce0c1b1c0,197,a644a836-3b7d-4f02-8faf-1b2091258163
9ca8dca1-2cd8-41f3-8b93-419d92112296,2021-08-03T06:13:39.000Z,School Data Sync_Student_st76,true,9899d147-92e4-4956-af5b-f11ce0c1b1c0,257,a644a836-3b7d-4f02-8faf-1b2091258163
fd6b8477-3f66-4182-a003-922c621a254a,2021-07-09T06:05:11.000Z,st76,true,9899d147-92e4-4956-af5b-f11ce0c1b1c0,201,a644a836-3b7d-4f02-8faf-1b2091258163
73040755-cb0d-4752-8f8a-474e3e498926,2021-08-03T06:13:39.000Z,5,true,2ee973e8-a62b-4d75-b010-e68e9897c616,200,a644a836-3b7d-4f02-8faf-1b2091258163
9949eb02-4b2a-45ff-bf39-3a78b03ad972,2021-07-09T06:05:11.000Z,Teacher_t5,true,2ee973e8-a62b-4d75-b010-e68e9897c616,203,a644a836-3b7d-4f02-8faf-1b2091258163
c22128fa-0b38-413b-8e68-edb35da82789,2021-08-03T06:13:39.000Z,ryanmendez5,true,2ee973e8-a62b-4d75-b010-e68e9897c616,197,a644a836-3b7d-4f02-8faf-1b2091258163
c1f8e50b-9daf-4228-864f-361adb2e5986,2021-08-03T06:13:39.000Z,t5,true,2ee973e8-a62b-4d75-b010-e68e9897c616,198,a644a836-3b7d-4f02-8faf-1b2091258163
f5af8e65-69f7-4b71-b01d-7246a03a2778,2021-08-03T06:13:39.000Z,t5,true,2ee973e8-a62b-4d75-b010-e68e9897c616,201,a644a836-3b7d-4f02-8faf-1b2091258163
526a85b9-f68a-4645-a32c-1a0b38cdc486,2021-08-03T06:13:39.000Z,School Data Sync_Teacher_t5,true,2ee973e8-a62b-4d75-b010-e68e9897c616,257,a644a836-3b7d-4f02-8faf-1b2091258163
998a79e5-e4a1-4d7a-85e7-a1a270a3e809,2021-07-09T06:05:11.000Z,gloriafowler49,true,02e623f8-9fb8-445c-8d3f-8cd0e907ae05,197,a644a836-3b7d-4f02-8faf-1b2091258163
51df88ca-6dd9-4c01-bcb0-b005b682af59,2021-07-09T06:05:11.000Z,49,true,02e623f8-9fb8-445c-8d3f-8cd0e907ae05,200,a644a836-3b7d-4f02-8faf-1b2091258163
c90c0e8f-d1c7-43ac-a7d9-25efb10b25e3,2021-08-03T06:13:39.000Z,Student_st49,true,02e623f8-9fb8-445c-8d3f-8cd0e907ae05,203,a644a836-3b7d-4f02-8faf-1b2091258163
01b733b9-dc09-4556-8bb5-9d388b1016f2,2021-08-03T06:13:39.000Z,School Data Sync_Student_st49,true,02e623f8-9fb8-445c-8d3f-8cd0e907ae05,257,a644a836-3b7d-4f02-8faf-1b2091258163
d0c87ada-e700-49e1-a36b-c6016780b788,2021-08-03T06:13:39.000Z,st49,true,02e623f8-9fb8-445c-8d3f-8cd0e907ae05,198,a644a836-3b7d-4f02-8faf-1b2091258163
70e41359-12a3-442c-b730-86158b9fbef2,2021-08-03T06:13:39.000Z,st49,true,02e623f8-9fb8-445c-8d3f-8cd0e907ae05,201,a644a836-3b7d-4f02-8faf-1b2091258163
8a7b123d-8c22-4a66-a6df-9b5710ade7d1,2021-08-03T06:13:39.000Z,School Data Sync_Student_st53,true,2e19288c-1baf-4dd2-9870-2eafffda33ad,257,a644a836-3b7d-4f02-8faf-1b2091258163
a983e139-2189-4de0-9402-7c73c1ad26e0,2021-07-09T06:05:11.000Z,st53,true,2e19288c-1baf-4dd2-9870-2eafffda33ad,201,a644a836-3b7d-4f02-8faf-1b2091258163
7545ac91-ad73-4c6f-9a4b-8df191d7b6bf,2021-08-03T06:13:39.000Z,53,true,2e19288c-1baf-4dd2-9870-2eafffda33ad,200,a644a836-3b7d-4f02-8faf-1b2091258163
b16065fa-ef56-482a-8420-5c21f04e1fd5,2021-07-09T06:05:11.000Z,Student_st53,true,2e19288c-1baf-4dd2-9870-2eafffda33ad,203,a644a836-3b7d-4f02-8faf-1b2091258163
6a199183-f15f-4e4d-822b-f9495b7aab73,2021-07-09T06:05:11.000Z,st53,true,2e19288c-1baf-4dd2-9870-2eafffda33ad,198,a644a836-3b7d-4f02-8faf-1b2091258163
be1c75a8-c8da-4927-a450-bdf2cb06a9e6,2021-07-09T06:05:11.000Z,stephenbennett53,true,2e19288c-1baf-4dd2-9870-2eafffda33ad,197,a644a836-3b7d-4f02-8faf-1b2091258163
6bb25dcb-18c4-4a94-a146-56e1cace81a6,2021-08-03T06:13:39.000Z,4,true,1d2bb6c4-02f7-4e65-a62a-bd4699ff10bc,200,a644a836-3b7d-4f02-8faf-1b2091258163
c2403feb-7501-4321-a275-f9ec53d0dfd9,2021-07-09T06:05:11.000Z,sarahsantiago4,true,1d2bb6c4-02f7-4e65-a62a-bd4699ff10bc,197,a644a836-3b7d-4f02-8faf-1b2091258163
1861e8c7-3547-4e13-bbd7-738f36ac9385,2021-08-03T06:13:39.000Z,t4,true,1d2bb6c4-02f7-4e65-a62a-bd4699ff10bc,198,a644a836-3b7d-4f02-8faf-1b2091258163
c0f21da8-24f0-4e9d-b9d8-834c0dcbc52c,2021-08-03T06:13:39.000Z,t4,true,1d2bb6c4-02f7-4e65-a62a-bd4699ff10bc,201,a644a836-3b7d-4f02-8faf-1b2091258163
ee8b419b-5f3b-4784-8481-5dd8ae2fad53,2021-08-03T06:13:39.000Z,School Data Sync_Teacher_t4,true,1d2bb6c4-02f7-4e65-a62a-bd4699ff10bc,257,a644a836-3b7d-4f02-8faf-1b2091258163
48ade4f6-b3ef-4c1b-ad71-33c37e5be2d5,2021-07-09T06:05:11.000Z,Teacher_t4,true,1d2bb6c4-02f7-4e65-a62a-bd4699ff10bc,203,a644a836-3b7d-4f02-8faf-1b2091258163
f0dc13b8-7dc1-43b1-bbe9-67bb9d54f4d7,2021-08-03T06:13:39.000Z,School Data Sync_Student_st56,true,1037f431-3b1c-4b31-809e-d8a50394624e,257,a644a836-3b7d-4f02-8faf-1b2091258163
e46926d0-3626-4054-82df-c2698ba1cd82,2021-08-03T06:13:39.000Z,tylerramirez56,true,1037f431-3b1c-4b31-809e-d8a50394624e,197,a644a836-3b7d-4f02-8faf-1b2091258163
d6ae1f22-ebe8-4f5f-8d62-0ed779d9df58,2021-08-03T06:13:39.000Z,56,true,1037f431-3b1c-4b31-809e-d8a50394624e,200,a644a836-3b7d-4f02-8faf-1b2091258163
a20e3d04-475f-4d92-b793-03d5cee3f6f1,2021-07-09T06:05:11.000Z,st56,true,1037f431-3b1c-4b31-809e-d8a50394624e,201,a644a836-3b7d-4f02-8faf-1b2091258163
fd79a980-744e-4f1d-9780-87f744733cae,2021-08-03T06:13:39.000Z,st56,true,1037f431-3b1c-4b31-809e-d8a50394624e,198,a644a836-3b7d-4f02-8faf-1b2091258163
99d47139-dd9e-46f2-b3e8-6da25a0904de,2021-08-03T06:13:39.000Z,Student_st56,true,1037f431-3b1c-4b31-809e-d8a50394624e,203,a644a836-3b7d-4f02-8faf-1b2091258163
77049cf8-d301-4249-bccb-084f21fd49bb,2021-08-03T06:13:39.000Z,34,true,eb37ec77-31d6-463b-8b77-c8afe2dc6574,200,a644a836-3b7d-4f02-8faf-1b2091258163
2b81a0b7-8447-4d5d-bc2b-b672167b2c47,2021-08-03T06:13:39.000Z,st34,true,eb37ec77-31d6-463b-8b77-c8afe2dc6574,198,a644a836-3b7d-4f02-8faf-1b2091258163
d36dac67-5204-473d-be99-7876e1d6051b,2021-08-03T06:13:39.000Z,School Data Sync_Student_st34,true,eb37ec77-31d6-463b-8b77-c8afe2dc6574,257,a644a836-3b7d-4f02-8faf-1b2091258163
510be84d-4444-4204-bea9-b7b8fd28561f,2021-08-03T06:13:39.000Z,st34,true,eb37ec77-31d6-463b-8b77-c8afe2dc6574,201,a644a836-3b7d-4f02-8faf-1b2091258163
8bea1c32-87b7-4107-8563-dc4b37369f17,2021-07-09T06:05:11.000Z,Student_st34,true,eb37ec77-31d6-463b-8b77-c8afe2dc6574,203,a644a836-3b7d-4f02-8faf-1b2091258163
2c8118ac-c53d-4c21-b8c7-29b37f33a258,2021-08-03T06:13:39.000Z,jenniferdavenport34,true,eb37ec77-31d6-463b-8b77-c8afe2dc6574,197,a644a836-3b7d-4f02-8faf-1b2091258163
925ac57b-5be4-4a1b-b29e-03f7fff8cbae,2021-08-03T06:13:39.000Z,95,true,80c059c0-a9d5-416c-bb74-0f012e779800,200,a644a836-3b7d-4f02-8faf-1b2091258163
eaca51dd-2e57-4d11-b3b1-17bd2a95ee36,2021-08-03T06:13:39.000Z,st95,true,80c059c0-a9d5-416c-bb74-0f012e779800,201,a644a836-3b7d-4f02-8faf-1b2091258163
c46be745-c1ae-4f98-843c-a7c1761215c3,2021-07-09T06:05:11.000Z,st95,true,80c059c0-a9d5-416c-bb74-0f012e779800,198,a644a836-3b7d-4f02-8faf-1b2091258163
0771f136-28a3-4827-9cfd-27da4f025cdd,2021-08-03T06:13:39.000Z,edwardjohnson95,true,80c059c0-a9d5-416c-bb74-0f012e779800,197,a644a836-3b7d-4f02-8faf-1b2091258163
69c18381-3452-43eb-91c5-47bc2bcd0d05,2021-08-03T06:13:39.000Z,School Data Sync_Student_st95,true,80c059c0-a9d5-416c-bb74-0f012e779800,257,a644a836-3b7d-4f02-8faf-1b2091258163
76b87b1b-76a3-4f6d-b02d-34a9bb52e775,2021-08-03T06:13:39.000Z,Student_st95,true,80c059c0-a9d5-416c-bb74-0f012e779800,203,a644a836-3b7d-4f02-8faf-1b2091258163
117f23b0-0c04-4e6f-b97f-064e66e936b7,2021-08-03T06:13:39.000Z,jennifermayer2,true,97a6a8c7-687c-4b5d-88c0-1a3959f88e6c,197,a644a836-3b7d-4f02-8faf-1b2091258163
8efc15f9-e1f6-4af3-8359-e0da6ab90f8e,2021-07-09T06:05:11.000Z,School Data Sync_Student_st2,true,97a6a8c7-687c-4b5d-88c0-1a3959f88e6c,257,a644a836-3b7d-4f02-8faf-1b2091258163
c0ed696e-f08c-4d9d-ba5f-8b6bf700d6d5,2021-08-03T06:13:39.000Z,2,true,97a6a8c7-687c-4b5d-88c0-1a3959f88e6c,200,a644a836-3b7d-4f02-8faf-1b2091258163
efff6f5a-0960-4e1b-8fe5-33a5cbe5d0ff,2021-07-09T06:05:11.000Z,st2,true,97a6a8c7-687c-4b5d-88c0-1a3959f88e6c,201,a644a836-3b7d-4f02-8faf-1b2091258163
3c4e9733-4ae1-46d9-9c5a-ab402d3ee769,2021-07-09T06:05:11.000Z,Student_st2,true,97a6a8c7-687c-4b5d-88c0-1a3959f88e6c,203,a644a836-3b7d-4f02-8faf-1b2091258163
e5c75302-7ec0-446f-b931-8cdcc4dee583,2021-08-03T06:13:39.000Z,st2,true,97a6a8c7-687c-4b5d-88c0-1a3959f88e6c,198,a644a836-3b7d-4f02-8faf-1b2091258163
f6bfc48f-017a-4fca-91f4-ed8bcca14b95,2021-08-03T06:13:39.000Z,st28,true,a1424f94-448b-410e-a7d9-c87a71945b2a,201,a644a836-3b7d-4f02-8faf-1b2091258163
b2086964-2c94-47e7-96b2-3b426d94b7d6,2021-08-03T06:13:39.000Z,Student_st28,true,a1424f94-448b-410e-a7d9-c87a71945b2a,203,a644a836-3b7d-4f02-8faf-1b2091258163
2242b239-705a-43c7-b8d2-56ff37d78985,2021-07-09T06:05:11.000Z,bradypacheco28,true,a1424f94-448b-410e-a7d9-c87a71945b2a,197,a644a836-3b7d-4f02-8faf-1b2091258163
5674e8b2-7a67-4415-a2d2-76090aadcd76,2021-07-09T06:05:11.000Z,st28,true,a1424f94-448b-410e-a7d9-c87a71945b2a,198,a644a836-3b7d-4f02-8faf-1b2091258163
4fa6bb32-64d6-4b86-9cb1-9de0c501f972,2021-08-03T06:13:39.000Z,School Data Sync_Student_st28,true,a1424f94-448b-410e-a7d9-c87a71945b2a,257,a644a836-3b7d-4f02-8faf-1b2091258163
7581be0a-c903-4719-92ed-5f6ebc01ece8,2021-08-03T06:13:39.000Z,28,true,a1424f94-448b-410e-a7d9-c87a71945b2a,200,a644a836-3b7d-4f02-8faf-1b2091258163
87230ae3-61f8-43a8-83c5-8dc774ce75d9,2021-08-03T06:13:39.000Z,st5,true,37118a03-2c22-4942-b67b-e1b329c991c1,198,a644a836-3b7d-4f02-8faf-1b2091258163
a885eff0-a617-4c86-b191-aca191a0a07e,2021-08-03T06:13:39.000Z,st5,true,37118a03-2c22-4942-b67b-e1b329c991c1,201,a644a836-3b7d-4f02-8faf-1b2091258163
5fb08826-ab2c-4bb6-bd7e-c0e0c5f4c69d,2021-08-03T06:13:39.000Z,Student_st5,true,37118a03-2c22-4942-b67b-e1b329c991c1,203,a644a836-3b7d-4f02-8faf-1b2091258163
e26906e7-7cdd-4a90-9cf3-a17e1e5a276b,2021-08-03T06:13:39.000Z,School Data Sync_Student_st5,true,37118a03-2c22-4942-b67b-e1b329c991c1,257,a644a836-3b7d-4f02-8faf-1b2091258163
8b7879da-2280-4159-b107-2c9742d63b8e,2021-08-03T06:13:39.000Z,amberbuchanan5,true,37118a03-2c22-4942-b67b-e1b329c991c1,197,a644a836-3b7d-4f02-8faf-1b2091258163
60491e10-6b15-4d25-9ccf-76c6cf2c0c45,2021-07-09T06:05:11.000Z,abigaillong3,true,e5aabc94-9bd9-4aed-8989-50a881fb19ea,197,a644a836-3b7d-4f02-8faf-1b2091258163
0ee2b2de-e789-4139-a6b8-bd3c20d913cd,2021-08-03T06:13:39.000Z,Student_st3,true,e5aabc94-9bd9-4aed-8989-50a881fb19ea,203,a644a836-3b7d-4f02-8faf-1b2091258163
780fc55e-7413-4cd2-b6d0-1f3f52d6dc3b,2021-08-03T06:13:39.000Z,School Data Sync_Student_st3,true,e5aabc94-9bd9-4aed-8989-50a881fb19ea,257,a644a836-3b7d-4f02-8faf-1b2091258163
548f0c7e-307b-4af5-902e-e2fa270925d9,2021-08-03T06:13:39.000Z,st3,true,e5aabc94-9bd9-4aed-8989-50a881fb19ea,198,a644a836-3b7d-4f02-8faf-1b2091258163
90637efe-d0f0-4156-8984-d657a7b9fb94,2021-07-09T06:05:11.000Z,st3,true,e5aabc94-9bd9-4aed-8989-50a881fb19ea,201,a644a836-3b7d-4f02-8faf-1b2091258163
8ee24dde-7e8e-4283-9b29-2fd464276613,2021-07-09T06:05:11.000Z,st40,true,a7a3bea4-1295-4d69-90c5-87b8eff605d9,198,a644a836-3b7d-4f02-8faf-1b2091258163
798ef2eb-204c-4bbe-a198-6d8ed6f135f0,2021-07-09T06:05:11.000Z,40,true,a7a3bea4-1295-4d69-90c5-87b8eff605d9,200,a644a836-3b7d-4f02-8faf-1b2091258163
edbdf257-f670-4b17-85a7-b6e9b0d552c3,2021-08-03T06:13:39.000Z,st40,true,a7a3bea4-1295-4d69-90c5-87b8eff605d9,201,a644a836-3b7d-4f02-8faf-1b2091258163
05995afd-ce34-4c7a-b7f7-bb33186cefdb,2021-08-03T06:13:39.000Z,Student_st40,true,a7a3bea4-1295-4d69-90c5-87b8eff605d9,203,a644a836-3b7d-4f02-8faf-1b2091258163
5ce2a8c8-c623-426c-9c39-da28df8bf997,2021-07-09T06:05:11.000Z,School Data Sync_Student_st40,true,a7a3bea4-1295-4d69-90c5-87b8eff605d9,257,a644a836-3b7d-4f02-8faf-1b2091258163
6dcbb71a-0576-4587-a4eb-0d288fbb3e8a,2021-08-03T06:13:39.000Z,johnnysmith40,true,a7a3bea4-1295-4d69-90c5-87b8eff605d9,197,a644a836-3b7d-4f02-8faf-1b2091258163
fcff3910-a409-40f0-9bd1-21362d102558,2021-07-09T06:05:11.000Z,48,true,ae27da56-d1b6-4403-be47-9e155256329c,200,a644a836-3b7d-4f02-8faf-1b2091258163
a76609f8-e7b8-4d6f-a101-db86debac165,2021-07-09T06:05:11.000Z,williamcarpenter48,true,ae27da56-d1b6-4403-be47-9e155256329c,197,a644a836-3b7d-4f02-8faf-1b2091258163
8b1cbb06-1f80-417b-abce-18b0670d20ca,2021-07-09T06:05:11.000Z,Student_st48,true,ae27da56-d1b6-4403-be47-9e155256329c,203,a644a836-3b7d-4f02-8faf-1b2091258163
06e4420f-b842-41f1-a0da-c721cb1520bd,2021-08-03T06:13:39.000Z,School Data Sync_Student_st48,true,ae27da56-d1b6-4403-be47-9e155256329c,257,a644a836-3b7d-4f02-8faf-1b2091258163
33ae2641-b5c4-4710-b9bb-e66d68d7c871,2021-08-03T06:13:39.000Z,st48,true,ae27da56-d1b6-4403-be47-9e155256329c,198,a644a836-3b7d-4f02-8faf-1b2091258163
3f563c2f-adfc-4a5a-bd8e-a2d1fa672a03,2021-07-09T06:05:11.000Z,st48,true,ae27da56-d1b6-4403-be47-9e155256329c,201,a644a836-3b7d-4f02-8faf-1b2091258163
b05f57cd-b349-4b85-9a6e-7abe06e6596a,2021-08-03T06:13:39.000Z,School Data Sync_Student_st68,true,e0dff042-8642-4113-82c2-fb37b89139e8,257,a644a836-3b7d-4f02-8faf-1b2091258163
a9cd1c9d-be1a-4d60-a16c-60327005893f,2021-08-03T06:13:39.000Z,st68,true,e0dff042-8642-4113-82c2-fb37b89139e8,201,a644a836-3b7d-4f02-8faf-1b2091258163
8cf35b8e-e6e1-4664-ae8f-e10c63abce1e,2021-08-03T06:13:39.000Z,st68,true,e0dff042-8642-4113-82c2-fb37b89139e8,198,a644a836-3b7d-4f02-8faf-1b2091258163
77f8e5f6-5bec-40c1-9636-ccbd3b329174,2021-08-03T06:13:39.000Z,68,true,e0dff042-8642-4113-82c2-fb37b89139e8,200,a644a836-3b7d-4f02-8faf-1b2091258163
285d4e69-9a3e-48e0-bd8e-ca81598bfc26,2021-07-09T06:05:11.000Z,Student_st68,true,e0dff042-8642-4113-82c2-fb37b89139e8,203,a644a836-3b7d-4f02-8faf-1b2091258163
f30fbff8-9ad6-44a7-981d-a503cdf60143,2021-07-09T06:05:11.000Z,brandonellis68,true,e0dff042-8642-4113-82c2-fb37b89139e8,197,a644a836-3b7d-4f02-8faf-1b2091258163
ad98f3bc-3637-427d-9dbf-66d3d7841d82,2021-08-03T06:13:39.000Z,williemartin72,true,ca539a6c-06ec-4f54-b614-eeeae83e11dd,197,a644a836-3b7d-4f02-8faf-1b2091258163
3342bb95-a2d7-41f8-b7b8-72a614aa5ab5,2021-08-03T06:13:39.000Z,Student_st72,true,ca539a6c-06ec-4f54-b614-eeeae83e11dd,203,a644a836-3b7d-4f02-8faf-1b2091258163
e4c98dad-c376-4873-812e-8c9ee6a2904f,2021-07-09T06:05:11.000Z,72,true,ca539a6c-06ec-4f54-b614-eeeae83e11dd,200,a644a836-3b7d-4f02-8faf-1b2091258163
f2d5c17f-e58d-4419-b28f-c643b98e39e4,2021-07-09T06:05:11.000Z,st72,true,ca539a6c-06ec-4f54-b614-eeeae83e11dd,201,a644a836-3b7d-4f02-8faf-1b2091258163
79f4b5cc-c4e8-4f6e-8dbf-fdfa02d00b45,2021-07-09T06:05:11.000Z,School Data Sync_Student_st72,true,ca539a6c-06ec-4f54-b614-eeeae83e11dd,257,a644a836-3b7d-4f02-8faf-1b2091258163
842aa0a2-9df9-4878-97db-f2bd66ed57f4,2021-08-03T06:13:39.000Z,st72,true,ca539a6c-06ec-4f54-b614-eeeae83e11dd,198,a644a836-3b7d-4f02-8faf-1b2091258163
79911b79-0d8c-44a7-95e5-20da0efcd6a8,2021-08-03T06:13:39.000Z,st25,true,1cccb968-3317-45d8-9a6d-aacfbbee7c27,198,a644a836-3b7d-4f02-8faf-1b2091258163
df248b90-f3dd-4f8f-bead-c71d026df367,2021-08-03T06:13:39.000Z,25,true,1cccb968-3317-45d8-9a6d-aacfbbee7c27,200,a644a836-3b7d-4f02-8faf-1b2091258163
06a628f2-3ffc-48e3-989a-6ccd6d7325c4,2021-08-03T06:13:39.000Z,Student_st25,true,1cccb968-3317-45d8-9a6d-aacfbbee7c27,203,a644a836-3b7d-4f02-8faf-1b2091258163
d6f67af9-3e8f-4df9-a690-b2f3dd058469,2021-08-03T06:13:39.000Z,st25,true,1cccb968-3317-45d8-9a6d-aacfbbee7c27,201,a644a836-3b7d-4f02-8faf-1b2091258163
a98b5505-a38b-4490-8b37-e006a00e1cfb,2021-07-09T06:05:11.000Z,School Data Sync_Student_st25,true,1cccb968-3317-45d8-9a6d-aacfbbee7c27,257,a644a836-3b7d-4f02-8faf-1b2091258163
115340a7-acf2-4e57-bc24-0b7c8975422e,2021-07-09T06:05:11.000Z,andrewhunter25,true,1cccb968-3317-45d8-9a6d-aacfbbee7c27,197,a644a836-3b7d-4f02-8faf-1b2091258163
b4e6ef5d-515a-47ec-a188-ee41e02664ce,2021-07-09T06:05:11.000Z,st32,true,1d0e9be4-1b0f-44d4-a55a-7fcd0f180b8e,201,a644a836-3b7d-4f02-8faf-1b2091258163
aa305eea-c9de-4482-b244-63ef63e1d4ba,2021-08-03T06:13:39.000Z,School Data Sync_Student_st32,true,1d0e9be4-1b0f-44d4-a55a-7fcd0f180b8e,257,a644a836-3b7d-4f02-8faf-1b2091258163
cb92cd7d-9267-4e39-9c5e-7d849834bf8b,2021-08-03T06:13:39.000Z,Student_st32,true,1d0e9be4-1b0f-44d4-a55a-7fcd0f180b8e,203,a644a836-3b7d-4f02-8faf-1b2091258163
683e6d29-10da-4003-be0b-a939afca6a69,2021-07-09T06:05:11.000Z,st32,true,1d0e9be4-1b0f-44d4-a55a-7fcd0f180b8e,198,a644a836-3b7d-4f02-8faf-1b2091258163
792bcece-00b0-4ff6-a2d7-f12d27f74126,2021-07-09T06:05:11.000Z,melissaphelps32,true,1d0e9be4-1b0f-44d4-a55a-7fcd0f180b8e,197,a644a836-3b7d-4f02-8faf-1b2091258163
013a4325-244b-47d3-b4fa-50f7be452d4c,2021-08-03T06:13:39.000Z,32,true,1d0e9be4-1b0f-44d4-a55a-7fcd0f180b8e,200,a644a836-3b7d-4f02-8faf-1b2091258163
0a024e2a-dda0-43e3-9f76-57c0db301003,2021-08-03T06:13:39.000Z,st58,true,8396dfab-ee4f-4445-9133-0fab3fd7a7de,198,a644a836-3b7d-4f02-8faf-1b2091258163
055bc1a4-f6bf-46aa-aa8c-68dd9baf9ea5,2021-08-03T06:13:39.000Z,58,true,8396dfab-ee4f-4445-9133-0fab3fd7a7de,200,a644a836-3b7d-4f02-8faf-1b2091258163
0dba5402-9ba7-490c-af91-2c8948b42b2c,2021-07-09T06:05:11.000Z,Student_st58,true,8396dfab-ee4f-4445-9133-0fab3fd7a7de,203,a644a836-3b7d-4f02-8faf-1b2091258163
ac1e9805-46a8-4549-bbc8-9faa6c136a7f,2021-07-09T06:05:11.000Z,jennifersanders58,true,8396dfab-ee4f-4445-9133-0fab3fd7a7de,197,a644a836-3b7d-4f02-8faf-1b2091258163
b7b0d03a-bb15-436a-9d83-20b270ae54b2,2021-08-03T06:13:39.000Z,st58,true,8396dfab-ee4f-4445-9133-0fab3fd7a7de,201,a644a836-3b7d-4f02-8faf-1b2091258163
0d91c190-07b4-4613-86de-7c9902efb96c,2021-08-03T06:13:39.000Z,School Data Sync_Student_st58,true,8396dfab-ee4f-4445-9133-0fab3fd7a7de,257,a644a836-3b7d-4f02-8faf-1b2091258163
3934e882-8320-479c-8ab4-0dfe20a19842,2021-08-03T06:13:39.000Z,st88,true,362f9679-4cc7-4122-8f88-d2160a565fbf,201,a644a836-3b7d-4f02-8faf-1b2091258163
70c3d9ee-5a44-4bb2-a728-159d13f8ddd3,2021-08-03T06:13:39.000Z,88,true,362f9679-4cc7-4122-8f88-d2160a565fbf,200,a644a836-3b7d-4f02-8faf-1b2091258163
67d81f05-fb2c-4e9b-a580-3e626e4ba6cc,2021-08-03T06:13:39.000Z,Student_st88,true,362f9679-4cc7-4122-8f88-d2160a565fbf,203,a644a836-3b7d-4f02-8faf-1b2091258163
3a2089d5-3817-49fa-abc8-aead8d8f8180,2021-07-09T06:05:11.000Z,angelicareid88,true,362f9679-4cc7-4122-8f88-d2160a565fbf,197,a644a836-3b7d-4f02-8faf-1b2091258163
080bdd66-2f3e-4a57-b004-5fb3a5849799,2021-08-03T06:13:39.000Z,st88,true,362f9679-4cc7-4122-8f88-d2160a565fbf,198,a644a836-3b7d-4f02-8faf-1b2091258163
8ab5a446-92d5-4280-9fd9-75ee81463704,2021-07-09T06:05:11.000Z,School Data Sync_Student_st88,true,362f9679-4cc7-4122-8f88-d2160a565fbf,257,a644a836-3b7d-4f02-8faf-1b2091258163
8f119ded-faa6-4972-ba40-6872da202d9e,2021-08-03T06:13:39.000Z,Student_st98,true,500cf806-6112-486c-a3d5-38f7f7685fbe,203,a644a836-3b7d-4f02-8faf-1b2091258163
d8373a57-f896-46e0-afe5-51a148d19923,2021-08-03T06:13:39.000Z,st98,true,500cf806-6112-486c-a3d5-38f7f7685fbe,198,a644a836-3b7d-4f02-8faf-1b2091258163
f9449fb3-e12c-4481-ab98-a242fe968acd,2021-08-03T06:13:39.000Z,st98,true,500cf806-6112-486c-a3d5-38f7f7685fbe,201,a644a836-3b7d-4f02-8faf-1b2091258163
7263d7a9-cfcc-484c-97a7-59b0b3350dbf,2021-08-03T06:13:39.000Z,School Data Sync_Student_st98,true,500cf806-6112-486c-a3d5-38f7f7685fbe,257,a644a836-3b7d-4f02-8faf-1b2091258163
49482e57-26be-4781-8697-cf117cccee0c,2021-07-09T06:05:11.000Z,98,true,500cf806-6112-486c-a3d5-38f7f7685fbe,200,a644a836-3b7d-4f02-8faf-1b2091258163
b9ffc590-b3f3-4854-ad4e-d51cf915d146,2021-08-03T06:13:39.000Z,tammyschwartz98,true,500cf806-6112-486c-a3d5-38f7f7685fbe,197,a644a836-3b7d-4f02-8faf-1b2091258163
a2ec2664-88b6-4de3-ad02-f10abb6714d2,2021-07-09T06:05:11.000Z,gabrieldudley27,true,2ce9d2eb-62bd-417d-8c0a-50de8289b990,197,a644a836-3b7d-4f02-8faf-1b2091258163
bf2aa0cf-36f6-41f4-b3e8-1df943874b42,2021-07-09T06:05:11.000Z,st27,true,2ce9d2eb-62bd-417d-8c0a-50de8289b990,198,a644a836-3b7d-4f02-8faf-1b2091258163
d85f8234-b48d-48fe-8204-a6a8de95005d,2021-08-03T06:13:39.000Z,Student_st27,true,2ce9d2eb-62bd-417d-8c0a-50de8289b990,203,a644a836-3b7d-4f02-8faf-1b2091258163
02157b58-346e-4577-b003-e4660ffca830,2021-08-03T06:13:39.000Z,27,true,2ce9d2eb-62bd-417d-8c0a-50de8289b990,200,a644a836-3b7d-4f02-8faf-1b2091258163
b2a5ac24-98d0-49a2-9058-899d6adfda9d,2021-08-03T06:13:39.000Z,st27,true,2ce9d2eb-62bd-417d-8c0a-50de8289b990,201,a644a836-3b7d-4f02-8faf-1b2091258163
068b7c0d-1805-4e9c-b2d5-fa4723b7c181,2021-07-09T06:05:11.000Z,School Data Sync_Student_st27,true,2ce9d2eb-62bd-417d-8c0a-50de8289b990,257,a644a836-3b7d-4f02-8faf-1b2091258163
827a6710-a4be-40a3-8caf-b128be9f6e1a,2021-08-03T06:13:39.000Z,Student_st4,true,9ab41cd7-1a53-4e21-a665-b4e0f375f4f4,203,a644a836-3b7d-4f02-8faf-1b2091258163
77079bf6-b08e-4645-b9e6-a106162b90c4,2021-07-09T06:05:11.000Z,josephkelley4,true,9ab41cd7-1a53-4e21-a665-b4e0f375f4f4,197,a644a836-3b7d-4f02-8faf-1b2091258163
964aeed7-d580-438a-a7bd-bc3f317b29da,2021-07-09T06:05:11.000Z,School Data Sync_Student_st4,true,9ab41cd7-1a53-4e21-a665-b4e0f375f4f4,257,a644a836-3b7d-4f02-8faf-1b2091258163
16127cb9-bc81-40fc-9adb-4be02c479a5f,2021-08-03T06:13:39.000Z,st4,true,9ab41cd7-1a53-4e21-a665-b4e0f375f4f4,201,a644a836-3b7d-4f02-8faf-1b2091258163
3104c3e5-e2ff-43f1-a06d-8b40630079ac,2021-07-09T06:05:11.000Z,st4,true,9ab41cd7-1a53-4e21-a665-b4e0f375f4f4,198,a644a836-3b7d-4f02-8faf-1b2091258163
9ae4b3fd-c6a5-4833-ab35-1953dbca10ea,2021-07-09T06:05:11.000Z,99,true,551383ce-ac6d-4a8e-bcfe-c6aef52fcdb6,200,a644a836-3b7d-4f02-8faf-1b2091258163
1d1f601d-96e9-46ae-84c0-7794c7d3122a,2021-07-09T06:05:11.000Z,Student_st99,true,551383ce-ac6d-4a8e-bcfe-c6aef52fcdb6,203,a644a836-3b7d-4f02-8faf-1b2091258163
902629c5-63c7-49aa-b017-b17010468214,2021-07-09T06:05:11.000Z,st99,true,551383ce-ac6d-4a8e-bcfe-c6aef52fcdb6,198,a644a836-3b7d-4f02-8faf-1b2091258163
671da744-0479-4b6d-aab2-099d9e7bfd91,2021-07-09T06:05:11.000Z,benjaminharrison99,true,551383ce-ac6d-4a8e-bcfe-c6aef52fcdb6,197,a644a836-3b7d-4f02-8faf-1b2091258163
d74c0f6e-5bb2-42ea-8760-916e2884eb6e,2021-08-03T06:13:39.000Z,st99,true,551383ce-ac6d-4a8e-bcfe-c6aef52fcdb6,201,a644a836-3b7d-4f02-8faf-1b2091258163
e0dd07de-5ed8-4d25-85d8-9ed04e201086,2021-08-03T06:13:39.000Z,School Data Sync_Student_st99,true,551383ce-ac6d-4a8e-bcfe-c6aef52fcdb6,257,a644a836-3b7d-4f02-8faf-1b2091258163
0e83df95-9c81-427c-9806-edc649dc449b,2021-07-09T06:05:11.000Z,tracipeterson45,true,2fd8a43c-828b-4fc2-ac99-f705e58230ca,197,a644a836-3b7d-4f02-8faf-1b2091258163
6d25fcee-9618-4205-8433-4456b70c256d,2021-07-09T06:05:11.000Z,45,true,2fd8a43c-828b-4fc2-ac99-f705e58230ca,200,a644a836-3b7d-4f02-8faf-1b2091258163
38fa4e17-8ca1-45e0-91fc-fb237f533408,2021-07-09T06:05:11.000Z,st45,true,2fd8a43c-828b-4fc2-ac99-f705e58230ca,198,a644a836-3b7d-4f02-8faf-1b2091258163
f8ae8941-af8d-4577-803a-137c4d946c10,2021-08-03T06:13:39.000Z,st45,true,2fd8a43c-828b-4fc2-ac99-f705e58230ca,201,a644a836-3b7d-4f02-8faf-1b2091258163
c48e3b1b-4b5c-43af-9c14-ee9b6e82505d,2021-07-09T06:05:11.000Z,Student_st45,true,2fd8a43c-828b-4fc2-ac99-f705e58230ca,203,a644a836-3b7d-4f02-8faf-1b2091258163
6d47ce8e-4716-4445-973b-d7c79535fb97,2021-07-09T06:05:11.000Z,School Data Sync_Student_st45,true,2fd8a43c-828b-4fc2-ac99-f705e58230ca,257,a644a836-3b7d-4f02-8faf-1b2091258163
f4a88a65-aaa2-4c2e-adcd-0a48e629ff86,2021-07-09T06:05:11.000Z,ambercook62,true,b4f4b7d8-350d-4a6f-8887-1b749a866df1,197,a644a836-3b7d-4f02-8faf-1b2091258163
5d24289d-2162-4ef1-808f-b36e8549da63,2021-08-03T06:13:39.000Z,Student_st62,true,b4f4b7d8-350d-4a6f-8887-1b749a866df1,203,a644a836-3b7d-4f02-8faf-1b2091258163
8832bee8-80eb-4dd4-85db-c4bef1be90f9,2021-08-03T06:13:39.000Z,st62,true,b4f4b7d8-350d-4a6f-8887-1b749a866df1,198,a644a836-3b7d-4f02-8faf-1b2091258163
88e5c497-9ef9-4876-b15e-bcb89a9f4a39,2021-07-09T06:05:11.000Z,School Data Sync_Student_st62,true,b4f4b7d8-350d-4a6f-8887-1b749a866df1,257,a644a836-3b7d-4f02-8faf-1b2091258163
6ba0c444-c500-475a-a0a8-c5ab18b5e715,2021-07-09T06:05:11.000Z,62,true,b4f4b7d8-350d-4a6f-8887-1b749a866df1,200,a644a836-3b7d-4f02-8faf-1b2091258163
b3cd0790-6461-4851-b286-00a777df0e8d,2021-08-03T06:13:39.000Z,st62,true,b4f4b7d8-350d-4a6f-8887-1b749a866df1,201,a644a836-3b7d-4f02-8faf-1b2091258163
f82e5622-6108-4eb8-a85d-a19bd7fd21d5,2021-08-03T06:13:39.000Z,troywilkinson67,true,3e235239-fbac-43a2-a397-f81fd6e31f9c,197,a644a836-3b7d-4f02-8faf-1b2091258163
f09fe06c-e242-4700-a7a0-1c888d560db3,2021-07-09T06:05:11.000Z,st67,true,3e235239-fbac-43a2-a397-f81fd6e31f9c,201,a644a836-3b7d-4f02-8faf-1b2091258163
41636245-8068-4206-9531-e5c7afe0ac5a,2021-08-03T06:13:39.000Z,67,true,3e235239-fbac-43a2-a397-f81fd6e31f9c,200,a644a836-3b7d-4f02-8faf-1b2091258163
1906ade3-2aba-41f6-9a72-59b304138975,2021-07-09T06:05:11.000Z,Student_st67,true,3e235239-fbac-43a2-a397-f81fd6e31f9c,203,a644a836-3b7d-4f02-8faf-1b2091258163
1b37cbb3-9cab-4068-8ce3-c9688cdef3d6,2021-07-09T06:05:11.000Z,st67,true,3e235239-fbac-43a2-a397-f81fd6e31f9c,198,a644a836-3b7d-4f02-8faf-1b2091258163
6ca17e7b-4189-4990-b7c8-936a7f9af16e,2021-07-09T06:05:11.000Z,School Data Sync_Student_st67,true,3e235239-fbac-43a2-a397-f81fd6e31f9c,257,a644a836-3b7d-4f02-8faf-1b2091258163
1f7d6a20-42ff-463b-9cc7-89a63c3f527f,2021-08-03T06:13:39.000Z,School Data Sync_Student_st96,true,df6f2350-9002-4e53-9365-b0d90301d4fc,257,a644a836-3b7d-4f02-8faf-1b2091258163
4af33aa5-4b51-4784-907e-64a0b0613bf1,2021-07-09T06:05:11.000Z,st96,true,df6f2350-9002-4e53-9365-b0d90301d4fc,201,a644a836-3b7d-4f02-8faf-1b2091258163
985d5f6e-0abc-4082-9cbd-9af27c182b2e,2021-07-09T06:05:11.000Z,96,true,df6f2350-9002-4e53-9365-b0d90301d4fc,200,a644a836-3b7d-4f02-8faf-1b2091258163
d4e05558-2cd4-48cb-a237-1aba065069bd,2021-07-09T06:05:11.000Z,jessicakim96,true,df6f2350-9002-4e53-9365-b0d90301d4fc,197,a644a836-3b7d-4f02-8faf-1b2091258163
e17e5ad1-b02f-4aac-8b52-91d251f5e246,2021-08-03T06:13:39.000Z,st96,true,df6f2350-9002-4e53-9365-b0d90301d4fc,198,a644a836-3b7d-4f02-8faf-1b2091258163
25262313-7053-4c2c-8a0f-ec8f4710b910,2021-08-03T06:13:39.000Z,Student_st96,true,df6f2350-9002-4e53-9365-b0d90301d4fc,203,a644a836-3b7d-4f02-8faf-1b2091258163
5a7190ed-b3d4-4713-a6b6-b420e66ea2c9,2021-08-03T06:13:39.000Z,st16,true,15314967-9829-4375-9a55-913559f8f7f3,198,a644a836-3b7d-4f02-8faf-1b2091258163
64268780-83d4-4b4a-acf8-9e8ce2645705,2021-07-09T06:05:11.000Z,Student_st16,true,15314967-9829-4375-9a55-913559f8f7f3,203,a644a836-3b7d-4f02-8faf-1b2091258163
e78e62e3-2668-4844-9ef3-8094b9b79544,2021-07-09T06:05:11.000Z,st16,true,15314967-9829-4375-9a55-913559f8f7f3,201,a644a836-3b7d-4f02-8faf-1b2091258163
4e7ca26b-0479-485a-b360-6b7af2e42a1d,2021-08-03T06:13:39.000Z,School Data Sync_Student_st16,true,15314967-9829-4375-9a55-913559f8f7f3,257,a644a836-3b7d-4f02-8faf-1b2091258163
4be99430-c80f-4986-8e47-06a88f9c2727,2021-07-09T06:05:11.000Z,stacythompson16,true,15314967-9829-4375-9a55-913559f8f7f3,197,a644a836-3b7d-4f02-8faf-1b2091258163
6b5033ce-a931-4d9d-abfc-30428b1f02fa,2021-08-03T06:13:39.000Z,16,true,15314967-9829-4375-9a55-913559f8f7f3,200,a644a836-3b7d-4f02-8faf-1b2091258163
0b4fb43a-98f4-4475-95a8-7b06895240d4,2021-07-09T06:05:11.000Z,st38,true,2f3bc458-9a3e-48cc-b793-85ec5636bcbe,201,a644a836-3b7d-4f02-8faf-1b2091258163
f4c69ed8-b67f-470f-9251-4770527a1996,2021-07-09T06:05:11.000Z,jacobolson38,true,2f3bc458-9a3e-48cc-b793-85ec5636bcbe,197,a644a836-3b7d-4f02-8faf-1b2091258163
33678419-9262-4e2a-93ac-b37fe74d2bc0,2021-07-09T06:05:11.000Z,Student_st38,true,2f3bc458-9a3e-48cc-b793-85ec5636bcbe,203,a644a836-3b7d-4f02-8faf-1b2091258163
08a7ddcc-e28f-44b5-82e9-f44b6bcdd9ab,2021-07-09T06:05:11.000Z,st38,true,2f3bc458-9a3e-48cc-b793-85ec5636bcbe,198,a644a836-3b7d-4f02-8faf-1b2091258163
45e67786-b5a2-450c-b735-3105eaf2f6c8,2021-08-03T06:13:39.000Z,School Data Sync_Student_st38,true,2f3bc458-9a3e-48cc-b793-85ec5636bcbe,257,a644a836-3b7d-4f02-8faf-1b2091258163
0cbf5113-cd0f-47af-9415-ee6d7eddf458,2021-08-03T06:13:39.000Z,38,true,2f3bc458-9a3e-48cc-b793-85ec5636bcbe,200,a644a836-3b7d-4f02-8faf-1b2091258163
