{
    "name": "MainPipeline",
    "properties": {
        "activities": [
            {
                "name": "Data Clean and Aggregate",
                "type": "ExecutePipeline",
                "dependsOn": [],
                "userProperties": [],
                "typeProperties": {
                    "pipeline": {
                        "referenceName": "P1_Data_Clean_Aggregate",
                        "type": "PipelineReference"
                    },
                    "waitOnCompletion": true
                }
            },
            {
                "name": "PBI Data Model",
                "type": "ExecutePipeline",
                "dependsOn": [
                    {
                        "activity": "Data Clean and Aggregate",
                        "dependencyConditions": [
                            "Succeeded"
                        ]
                    }
                ],
                "userProperties": [],
                "typeProperties": {
                    "pipeline": {
                        "referenceName": "P2_PBI_Data_Model",
                        "type": "PipelineReference"
                    },
                    "waitOnCompletion": true
                }
            },
            {
                "name": "SQL DB View Create",
                "type": "ExecutePipeline",
                "dependsOn": [
                    {
                        "activity": "PBI Data Model",
                        "dependencyConditions": [
                            "Succeeded"
                        ]
                    }
                ],
                "userProperties": [],
                "typeProperties": {
                    "pipeline": {
                        "referenceName": "P3_SQL_DB_Create",
                        "type": "PipelineReference"
                    },
                    "waitOnCompletion": true
                }
            }
        ],
        "folder": {
            "name": "Digital Equity CHAD"
        },
        "annotations": []
    }
}