{
    "name": "P1_Data_Clean_Aggregate",
    "properties": {
        "activities": [
            {
                "name": "Student Data",
                "type": "SynapseNotebook",
                "dependsOn": [],
                "policy": {
                    "timeout": "7.00:00:00",
                    "retry": 0,
                    "retryIntervalInSeconds": 30,
                    "secureOutput": false,
                    "secureInput": false
                },
                "userProperties": [],
                "typeProperties": {
                    "notebook": {
                        "referenceName": "p1_student_data",
                        "type": "NotebookReference"
                    },
                    "snapshot": true
                }
            },
            {
                "name": "Section Data",
                "type": "SynapseNotebook",
                "dependsOn": [
                    {
                        "activity": "Student Data",
                        "dependencyConditions": [
                            "Succeeded"
                        ]
                    }
                ],
                "policy": {
                    "timeout": "7.00:00:00",
                    "retry": 0,
                    "retryIntervalInSeconds": 30,
                    "secureOutput": false,
                    "secureInput": false
                },
                "userProperties": [],
                "typeProperties": {
                    "notebook": {
                        "referenceName": "p1_section_data",
                        "type": "NotebookReference"
                    },
                    "snapshot": true
                }
            },
            {
                "name": "MyQOI Data",
                "type": "SynapseNotebook",
                "dependsOn": [
                    {
                        "activity": "Section Data",
                        "dependencyConditions": [
                            "Succeeded"
                        ]
                    }
                ],
                "policy": {
                    "timeout": "7.00:00:00",
                    "retry": 0,
                    "retryIntervalInSeconds": 30,
                    "secureOutput": false,
                    "secureInput": false
                },
                "userProperties": [],
                "typeProperties": {
                    "notebook": {
                        "referenceName": "p1_myQOI_data",
                        "type": "NotebookReference"
                    },
                    "snapshot": true
                }
            },
            {
                "name": "Destiny",
                "type": "SynapseNotebook",
                "dependsOn": [
                    {
                        "activity": "MyQOI Data",
                        "dependencyConditions": [
                            "Succeeded"
                        ]
                    }
                ],
                "policy": {
                    "timeout": "7.00:00:00",
                    "retry": 0,
                    "retryIntervalInSeconds": 30,
                    "secureOutput": false,
                    "secureInput": false
                },
                "userProperties": [],
                "typeProperties": {
                    "notebook": {
                        "referenceName": "p1_destiny",
                        "type": "NotebookReference"
                    },
                    "snapshot": true
                }
            }
        ],
        "folder": {
            "name": "Digital Equity CHAD"
        },
        "annotations": []
    }
}