{
    "name": "P2_PBI_Data_Model",
    "properties": {
        "activities": [
            {
                "name": "School Recode",
                "type": "SynapseNotebook",
                "dependsOn": [],
                "policy": {
                    "timeout": "7.00:00:00",
                    "retry": 0,
                    "retryIntervalInSeconds": 30,
                    "secureOutput": false,
                    "secureInput": false
                },
                "userProperties": [],
                "typeProperties": {
                    "notebook": {
                        "referenceName": "p2_school_recode",
                        "type": "NotebookReference"
                    },
                    "snapshot": true
                }
            },
            {
                "name": "myQOI Groups",
                "type": "SynapseNotebook",
                "dependsOn": [
                    {
                        "activity": "School Locations",
                        "dependencyConditions": [
                            "Succeeded"
                        ]
                    }
                ],
                "policy": {
                    "timeout": "7.00:00:00",
                    "retry": 0,
                    "retryIntervalInSeconds": 30,
                    "secureOutput": false,
                    "secureInput": false
                },
                "userProperties": [],
                "typeProperties": {
                    "notebook": {
                        "referenceName": "p2_myQOI_groups",
                        "type": "NotebookReference"
                    },
                    "snapshot": true
                }
            },
            {
                "name": "School Locations",
                "type": "SynapseNotebook",
                "dependsOn": [
                    {
                        "activity": "School Recode",
                        "dependencyConditions": [
                            "Succeeded"
                        ]
                    }
                ],
                "policy": {
                    "timeout": "7.00:00:00",
                    "retry": 0,
                    "retryIntervalInSeconds": 30,
                    "secureOutput": false,
                    "secureInput": false
                },
                "userProperties": [],
                "typeProperties": {
                    "notebook": {
                        "referenceName": "p2_school_location",
                        "type": "NotebookReference"
                    },
                    "snapshot": true
                }
            }
        ],
        "folder": {
            "name": "Digital Equity CHAD"
        },
        "annotations": []
    }
}