{"$schema":"http://schema.management.azure.com/schemas/2015-01-01/deploymentTemplate.json#","contentVersion":"1.0.0.0","parameters":{"workspaceName":{"type":"string","metadata":"Workspace name","defaultValue":"syn-oea-chadoeadev2"},"test":{"type":"string"},"LS_DataLake":{"type":"string"},"LS_SQL_Serverless":{"type":"string"},"LS_HTTP":{"type":"string"}},"variables":{"workspaceId":"[concat('Microsoft.Synapse/workspaces/', parameters('workspaceName'))]"},"resources":[{"name":"[concat(parameters('workspaceName'), '/0_main_attrition')]","type":"Microsoft.Synapse/workspaces/pipelines","apiVersion":"2019-06-01-preview","properties":{"activities":[{"name":"1_preland_rai_attr","description":"Preland RAIA assets from ML studio storage as a linked service.","type":"ExecutePipeline","dependsOn":[],"userProperties":[],"typeProperties":{"pipeline":{"referenceName":"1_preland_rai","type":"PipelineReference"},"waitOnCompletion":true,"parameters":{"RAIfilesystem":{"value":"@pipeline().parameters.RAIfilesystem","type":"Expression"},"RAIdirectory":{"value":"@pipeline().parameters.RAIdirectory","type":"Expression"}}}},{"name":"2_land_rai_attr","description":"Land select RAI dashboard tables to stage 1 in json format.","type":"ExecutePipeline","dependsOn":[{"activity":"1_preland_rai_attr","dependencyConditions":["Succeeded"]}],"userProperties":[],"typeProperties":{"pipeline":{"referenceName":"2_land_rai","type":"PipelineReference"},"waitOnCompletion":true,"parameters":{"workspace":{"value":"@pipeline().parameters.workspace","type":"Expression"},"version":{"value":"@pipeline().parameters.version","type":"Expression"}}}},{"name":"3_ingest_rai_attr","type":"ExecutePipeline","dependsOn":[{"activity":"2_land_rai_attr","dependencyConditions":["Succeeded"]}],"userProperties":[],"typeProperties":{"pipeline":{"referenceName":"3_ingest_rai","type":"PipelineReference"},"waitOnCompletion":true,"parameters":{"workspace":{"value":"@pipeline().parameters.workspace","type":"Expression"},"version":{"value":"@pipeline().parameters.version","type":"Expression"}}}},{"name":"4_refine_rai_attr","type":"ExecutePipeline","dependsOn":[{"activity":"3_ingest_rai_attr","dependencyConditions":["Succeeded"]}],"userProperties":[],"typeProperties":{"pipeline":{"referenceName":"4_refine_rai","type":"PipelineReference"},"waitOnCompletion":true,"parameters":{}}}],"policy":{"elapsedTimeMetric":{},"cancelAfter":{}},"parameters":{"RAIfilesystem":{"type":"string","defaultValue":"azureml-blobstore-69d16eb4-d605-43d5-9093-2d01ae089d20"},"RAIdirectory":{"type":"string","defaultValue":"RAI_Student_Attrition_RAIInsights_1688589079_20230705_20_32_43/dashboard"},"raiData":{"type":"array","defaultValue":["test","train"]},"raiPredict":{"type":"array","defaultValue":["predict","predict_proba"]},"workspace":{"type":"string","defaultValue":"dev"},"version":{"type":"string","defaultValue":"0.1"},"raiExplainer":{"type":"array","defaultValue":["global_importance_values","local_importance_values","features"]}},"folder":{"name":"StudentAttrition/v0.1"},"annotations":[],"lastPublishTime":"2023-07-27T03:00:49Z"},"dependsOn":["[concat(variables('workspaceId'), '/pipelines/1_preland_rai')]","[concat(variables('workspaceId'), '/pipelines/2_land_rai')]","[concat(variables('workspaceId'), '/pipelines/3_ingest_rai')]","[concat(variables('workspaceId'), '/pipelines/4_refine_rai')]"]},{"name":"[concat(parameters('workspaceName'), '/1_preland_rai')]","type":"Microsoft.Synapse/workspaces/pipelines","apiVersion":"2019-06-01-preview","properties":{"activities":[{"name":"Pre-land RAI dashboard assets","description":"Land all RAI dashboard data files","type":"Copy","dependsOn":[],"policy":{"timeout":"0.12:00:00","retry":0,"retryIntervalInSeconds":30,"secureOutput":false,"secureInput":false},"userProperties":[],"typeProperties":{"source":{"type":"BinarySource","storeSettings":{"type":"AzureBlobFSReadSettings","recursive":true},"formatSettings":{"type":"BinaryReadSettings"}},"sink":{"type":"BinarySink","storeSettings":{"type":"AzureBlobFSWriteSettings"}},"enableStaging":false},"inputs":[{"referenceName":"ML_datalake_file","type":"DatasetReference","parameters":{"filesystem":{"value":"@pipeline().parameters.RAIfilesystem","type":"Expression"},"directory":{"value":"@pipeline().parameters.RAIdirectory","type":"Expression"}}}],"outputs":[{"referenceName":"DS_datalake_folder","type":"DatasetReference","parameters":{"filesystem":"oea","directory":{"value":"pre_landing/raia","type":"Expression"}}}]}],"policy":{"elapsedTimeMetric":{},"cancelAfter":{}},"parameters":{"RAIfilesystem":{"type":"string"},"RAIdirectory":{"type":"string"}},"folder":{"name":"StudentAttrition/v0.1"},"annotations":[],"lastPublishTime":"2023-07-18T15:51:48Z"},"dependsOn":["[concat(variables('workspaceId'), '/datasets/ML_datalake_file')]","[concat(variables('workspaceId'), '/datasets/DS_datalake_folder')]"]},{"name":"[concat(parameters('workspaceName'), '/2_land_rai')]","type":"Microsoft.Synapse/workspaces/pipelines","apiVersion":"2019-06-01-preview","properties":{"activities":[{"name":"LandRAIModelData","type":"ForEach","dependsOn":[],"userProperties":[],"typeProperties":{"items":{"value":"@pipeline().parameters.raiData","type":"Expression"},"activities":[{"name":"Land Model Data","type":"ExecutePipeline","dependsOn":[],"userProperties":[],"typeProperties":{"pipeline":{"referenceName":"land_from_ls_datalake","type":"PipelineReference"},"waitOnCompletion":true,"parameters":{"sourcePath":{"value":"oea/pre_landing/raia/data","type":"Expression"},"sinkPath":{"value":"attrition_raw/v@{pipeline().parameters.version}/data_@{item()}","type":"Expression"},"filePath":{"value":"@{item()}.json","type":"Expression"}}}}]}},{"name":"LandRAIPredictionData","type":"ForEach","dependsOn":[],"userProperties":[],"typeProperties":{"items":{"value":"@pipeline().parameters.raiPredict","type":"Expression"},"activities":[{"name":"Land Prediction Data","type":"ExecutePipeline","dependsOn":[],"userProperties":[],"typeProperties":{"pipeline":{"referenceName":"land_from_ls_datalake","type":"PipelineReference"},"waitOnCompletion":true,"parameters":{"sourcePath":{"value":"oea/pre_landing/raia/predictions","type":"Expression"},"sinkPath":{"value":"attrition_raw/v@{pipeline().parameters.version}/predictions_@{item()}","type":"Expression"},"filePath":{"value":"@{item()}.json","type":"Expression"}}}}]}},{"name":"LandRAIPredictionExplainer","type":"ForEach","dependsOn":[],"userProperties":[],"typeProperties":{"items":{"value":"@pipeline().parameters.raiExplainer","type":"Expression"},"activities":[{"name":"Land Prediction_Explainer","type":"ExecutePipeline","dependsOn":[],"userProperties":[],"typeProperties":{"pipeline":{"referenceName":"land_from_ls_datalake","type":"PipelineReference"},"waitOnCompletion":true,"parameters":{"sourcePath":{"value":"oea/pre_landing/raia/explainer/*/*/*/","type":"Expression"},"sinkPath":{"value":"attrition_raw/v@{pipeline().parameters.version}/model_@{item()}","type":"Expression"},"filePath":{"value":"@{item()}.json","type":"Expression"}}}}]}}],"policy":{"elapsedTimeMetric":{},"cancelAfter":{}},"parameters":{"raiData":{"type":"array","defaultValue":["test","train"]},"raiPredict":{"type":"array","defaultValue":["predict","predict_proba"]},"workspace":{"type":"string","defaultValue":"dev"},"version":{"type":"string","defaultValue":"0.1"},"raiExplainer":{"type":"array","defaultValue":["global_importance_values","local_importance_values","features"]}},"folder":{"name":"StudentAttrition/v0.1"},"annotations":[],"lastPublishTime":"2023-07-26T19:58:28Z"},"dependsOn":["[concat(variables('workspaceId'), '/pipelines/land_from_ls_datalake')]"]},{"name":"[concat(parameters('workspaceName'), '/3_ingest_rai')]","type":"Microsoft.Synapse/workspaces/pipelines","apiVersion":"2019-06-01-preview","properties":{"activities":[{"name":"ingest_model_test_data","type":"ExecutePipeline","dependsOn":[{"activity":"rai_preprocess","dependencyConditions":["Succeeded"]}],"userProperties":[],"typeProperties":{"pipeline":{"referenceName":"ingest","type":"PipelineReference"},"waitOnCompletion":true,"parameters":{"workspace":{"value":"@pipeline().parameters.workspace","type":"Expression"},"entityPath":{"value":"attrition/v@{pipeline().parameters.version}/data_test","type":"Expression"},"primaryKey":"id"}}},{"name":"rai_preprocess","description":"Flatten .jsons and add primary keys to tables as required by ingestion steps.","type":"SynapseNotebook","dependsOn":[],"policy":{"timeout":"0.12:00:00","retry":0,"retryIntervalInSeconds":30,"secureOutput":false,"secureInput":false},"userProperties":[],"typeProperties":{"notebook":{"referenceName":"attrition_preprocesing","type":"NotebookReference"},"parameters":{"workspace":{"value":{"value":"@pipeline().parameters.workspace","type":"Expression"},"type":"string"},"version":{"value":{"value":"@pipeline().parameters.version","type":"Expression"},"type":"string"}},"snapshot":true,"conf":{}}},{"name":"ingest_model_train_data","type":"ExecutePipeline","dependsOn":[{"activity":"rai_preprocess","dependencyConditions":["Succeeded"]}],"userProperties":[],"typeProperties":{"pipeline":{"referenceName":"ingest","type":"PipelineReference"},"waitOnCompletion":true,"parameters":{"workspace":{"value":"@pipeline().parameters.workspace","type":"Expression"},"entityPath":{"value":"attrition/v@{pipeline().parameters.version}/data_train","type":"Expression"},"primaryKey":"id"}}},{"name":"land_metadata_from_URL","type":"ExecutePipeline","dependsOn":[{"activity":"ingest_model_test_data","dependencyConditions":["Succeeded"]},{"activity":"ingest_model_train_data","dependencyConditions":["Succeeded"]},{"activity":"ingest_model_predictions","dependencyConditions":["Succeeded"]},{"activity":"ingest_model_predict_probs","dependencyConditions":["Succeeded"]},{"activity":"ingest_model_global_imp","dependencyConditions":["Succeeded"]},{"activity":"ingest_model_local_imp","dependencyConditions":["Succeeded"]}],"userProperties":[],"typeProperties":{"pipeline":{"referenceName":"land_metadata_from_URL","type":"PipelineReference"},"waitOnCompletion":true,"parameters":{"URL":"https://raw.githubusercontent.com/cviddenKwantum/OpenEduAnalytics/main/packages/package_catalog/Student_Attrition/data/metadata.csv","workspace":{"value":"@pipeline().parameters.workspace","type":"Expression"},"sinkPath":{"value":"attrition/v@{pipeline().parameters.version}","type":"Expression"}}}},{"name":"ingest_model_predictions","type":"ExecutePipeline","dependsOn":[{"activity":"rai_preprocess","dependencyConditions":["Succeeded"]}],"userProperties":[],"typeProperties":{"pipeline":{"referenceName":"ingest","type":"PipelineReference"},"waitOnCompletion":true,"parameters":{"workspace":{"value":"@pipeline().parameters.workspace","type":"Expression"},"entityPath":{"value":"attrition/v@{pipeline().parameters.version}/predictions_predict","type":"Expression"},"primaryKey":"id"}}},{"name":"ingest_model_predict_probs","type":"ExecutePipeline","dependsOn":[{"activity":"rai_preprocess","dependencyConditions":["Succeeded"]}],"userProperties":[],"typeProperties":{"pipeline":{"referenceName":"ingest","type":"PipelineReference"},"waitOnCompletion":true,"parameters":{"workspace":{"value":"@pipeline().parameters.workspace","type":"Expression"},"entityPath":{"value":"attrition/v@{pipeline().parameters.version}/predictions_predict_proba","type":"Expression"},"primaryKey":"id"}}},{"name":"ingest_model_global_imp","type":"ExecutePipeline","dependsOn":[{"activity":"rai_preprocess","dependencyConditions":["Succeeded"]}],"userProperties":[],"typeProperties":{"pipeline":{"referenceName":"ingest","type":"PipelineReference"},"waitOnCompletion":true,"parameters":{"workspace":{"value":"@pipeline().parameters.workspace","type":"Expression"},"entityPath":{"value":"attrition/v@{pipeline().parameters.version}/model_global_importance_values","type":"Expression"},"primaryKey":"id"}}},{"name":"ingest_model_local_imp","type":"ExecutePipeline","dependsOn":[{"activity":"rai_preprocess","dependencyConditions":["Succeeded"]}],"userProperties":[],"typeProperties":{"pipeline":{"referenceName":"ingest","type":"PipelineReference"},"waitOnCompletion":true,"parameters":{"workspace":{"value":"@pipeline().parameters.workspace","type":"Expression"},"entityPath":{"value":"attrition/v@{pipeline().parameters.version}/model_local_importance_values","type":"Expression"},"primaryKey":"id"}}}],"policy":{"elapsedTimeMetric":{},"cancelAfter":{}},"parameters":{"workspace":{"type":"string","defaultValue":"dev"},"version":{"type":"string"}},"folder":{"name":"StudentAttrition/v0.1"},"annotations":[],"lastPublishTime":"2023-07-27T03:00:47Z"},"dependsOn":["[concat(variables('workspaceId'), '/pipelines/ingest')]","[concat(variables('workspaceId'), '/notebooks/attrition_preprocesing')]","[concat(variables('workspaceId'), '/pipelines/land_metadata_from_URL')]"]},{"name":"[concat(parameters('workspaceName'), '/4_refine_rai')]","type":"Microsoft.Synapse/workspaces/pipelines","apiVersion":"2019-06-01-preview","properties":{"activities":[{"name":"refine_model_test","type":"ExecutePipeline","dependsOn":[],"userProperties":[],"typeProperties":{"pipeline":{"referenceName":"refine","type":"PipelineReference"},"waitOnCompletion":true,"parameters":{"workspace":{"value":"@pipeline().parameters.workspace","type":"Expression"},"entityPath":{"value":"attrition/v@{pipeline().parameters.version}/data_test","type":"Expression"},"primaryKey":"id"}}},{"name":"refine_model_train","type":"ExecutePipeline","dependsOn":[],"userProperties":[],"typeProperties":{"pipeline":{"referenceName":"refine","type":"PipelineReference"},"waitOnCompletion":true,"parameters":{"workspace":{"value":"@pipeline().parameters.workspace","type":"Expression"},"entityPath":{"value":"attrition/v@{pipeline().parameters.version}/data_train","type":"Expression"},"primaryKey":"id"}}},{"name":"create_sql_db_for_general","type":"ExecutePipeline","dependsOn":[{"activity":"refine_model_test","dependencyConditions":["Succeeded"]},{"activity":"refine_model_train","dependencyConditions":["Succeeded"]},{"activity":"refine_model_predictions","dependencyConditions":["Succeeded"]},{"activity":"refine_model_prediction_probs","dependencyConditions":["Succeeded"]},{"activity":"refine_model_global_imp","dependencyConditions":["Succeeded"]},{"activity":"refine_model_local_imp","dependencyConditions":["Succeeded"]}],"userProperties":[],"typeProperties":{"pipeline":{"referenceName":"create_sql_db","type":"PipelineReference"},"waitOnCompletion":true,"parameters":{"stage":"stage2","datasetPath":{"value":"Refined/attrition/v@{pipeline().parameters.version}/general","type":"Expression"},"workspace":{"value":"@pipeline().parameters.workspace","type":"Expression"},"dbName":"sdb_dev_s2r_attrition_v0p1"}}},{"name":"create_sql_db_for_sensitive","type":"ExecutePipeline","dependsOn":[{"activity":"refine_model_test","dependencyConditions":["Succeeded"]},{"activity":"refine_model_train","dependencyConditions":["Succeeded"]},{"activity":"refine_model_predictions","dependencyConditions":["Succeeded"]},{"activity":"refine_model_prediction_probs","dependencyConditions":["Succeeded"]},{"activity":"refine_model_global_imp","dependencyConditions":["Succeeded"]},{"activity":"refine_model_local_imp","dependencyConditions":["Succeeded"]}],"userProperties":[],"typeProperties":{"pipeline":{"referenceName":"create_sql_db","type":"PipelineReference"},"waitOnCompletion":true,"parameters":{"stage":"stage2","datasetPath":{"value":"Refined/attrition/v@{pipeline().parameters.version}/sensitive","type":"Expression"},"workspace":{"value":"@pipeline().parameters.workspace","type":"Expression"},"dbName":"sdb_dev_s2r_attrition_v0p1"}}},{"name":"refine_model_predictions","type":"ExecutePipeline","dependsOn":[],"userProperties":[],"typeProperties":{"pipeline":{"referenceName":"refine","type":"PipelineReference"},"waitOnCompletion":true,"parameters":{"workspace":{"value":"@pipeline().parameters.workspace","type":"Expression"},"entityPath":{"value":"attrition/v@{pipeline().parameters.version}/predictions_predict","type":"Expression"},"primaryKey":"id"}}},{"name":"refine_model_prediction_probs","type":"ExecutePipeline","dependsOn":[],"userProperties":[],"typeProperties":{"pipeline":{"referenceName":"refine","type":"PipelineReference"},"waitOnCompletion":true,"parameters":{"workspace":{"value":"@pipeline().parameters.workspace","type":"Expression"},"entityPath":{"value":"attrition/v@{pipeline().parameters.version}/predictions_predict_proba","type":"Expression"},"primaryKey":"id"}}},{"name":"refine_model_global_imp","type":"ExecutePipeline","dependsOn":[],"userProperties":[],"typeProperties":{"pipeline":{"referenceName":"refine","type":"PipelineReference"},"waitOnCompletion":true,"parameters":{"workspace":{"value":"@pipeline().parameters.workspace","type":"Expression"},"entityPath":{"value":"attrition/v@{pipeline().parameters.version}/model_global_importance_values","type":"Expression"},"primaryKey":"id"}}},{"name":"refine_model_local_imp","type":"ExecutePipeline","dependsOn":[],"userProperties":[],"typeProperties":{"pipeline":{"referenceName":"refine","type":"PipelineReference"},"waitOnCompletion":true,"parameters":{"workspace":{"value":"@pipeline().parameters.workspace","type":"Expression"},"entityPath":{"value":"attrition/v@{pipeline().parameters.version}/model_local_importance_values","type":"Expression"},"primaryKey":"id"}}}],"policy":{"elapsedTimeMetric":{},"cancelAfter":{}},"parameters":{"workspace":{"type":"string","defaultValue":"dev"},"version":{"type":"string","defaultValue":"0.1"}},"folder":{"name":"StudentAttrition/v0.1"},"annotations":[],"lastPublishTime":"2023-07-27T02:23:58Z"},"dependsOn":["[concat(variables('workspaceId'), '/pipelines/refine')]","[concat(variables('workspaceId'), '/pipelines/create_sql_db')]"]},{"name":"[concat(parameters('workspaceName'), '/ML_datalake_file')]","type":"Microsoft.Synapse/workspaces/datasets","apiVersion":"2019-06-01-preview","properties":{"linkedServiceName":{"referenceName":"[parameters('test')]","type":"LinkedServiceReference"},"parameters":{"filesystem":{"type":"string","defaultValue":"@coalesce(null)"},"directory":{"type":"string","defaultValue":"@coalesce(null)"}},"annotations":[],"type":"Binary","typeProperties":{"location":{"type":"AzureBlobFSLocation","folderPath":{"value":"@dataset().directory","type":"Expression"},"fileSystem":{"value":"@dataset().filesystem","type":"Expression"}}}},"dependsOn":[]},{"name":"[concat(parameters('workspaceName'), '/DS_datalake_folder')]","type":"Microsoft.Synapse/workspaces/datasets","apiVersion":"2019-06-01-preview","properties":{"linkedServiceName":{"referenceName":"[parameters('LS_DataLake')]","type":"LinkedServiceReference"},"parameters":{"filesystem":{"type":"string","defaultValue":"@coalesce(null)"},"directory":{"type":"string","defaultValue":"@coalesce(null)"}},"folder":{"name":"OEA_Framework"},"annotations":[],"type":"Binary","typeProperties":{"location":{"type":"AzureBlobFSLocation","folderPath":{"value":"@dataset().directory","type":"Expression"},"fileSystem":{"value":"@dataset().filesystem","type":"Expression"}}}},"dependsOn":[]},{"name":"[concat(parameters('workspaceName'), '/ingest')]","type":"Microsoft.Synapse/workspaces/pipelines","apiVersion":"2019-06-01-preview","properties":{"activities":[{"name":"ingest","type":"SynapseNotebook","dependsOn":[],"policy":{"timeout":"0.12:00:00","retry":0,"retryIntervalInSeconds":30,"secureOutput":false,"secureInput":false},"userProperties":[],"typeProperties":{"notebook":{"referenceName":"OEA_connector","type":"NotebookReference"},"parameters":{"method_name":{"value":"ingest","type":"string"},"kwargs":{"value":{"value":"{'entity_path':'@{pipeline().parameters.entityPath}', 'primary_key':'@{pipeline().parameters.primaryKey}'}","type":"Expression"},"type":"string"},"workspace":{"value":{"value":"@pipeline().parameters.workspace","type":"Expression"},"type":"string"}},"sparkPool":{"referenceName":"spark3p3sm","type":"BigDataPoolReference"},"conf":{"spark.dynamicAllocation.enabled":null,"spark.dynamicAllocation.minExecutors":null,"spark.dynamicAllocation.maxExecutors":null},"numExecutors":null}}],"policy":{"elapsedTimeMetric":{},"cancelAfter":{}},"parameters":{"workspace":{"type":"string","defaultValue":"dev"},"entityPath":{"type":"string","defaultValue":"contoso/v0.1/students"},"primaryKey":{"type":"string","defaultValue":"id"}},"folder":{"name":"OEA_Framework"},"annotations":[],"lastPublishTime":"2023-05-19T14:57:48Z"},"dependsOn":["[concat(variables('workspaceId'), '/notebooks/OEA_connector')]","[concat(variables('workspaceId'), '/bigDataPools/spark3p3sm')]"]},{"name":"[concat(parameters('workspaceName'), '/attrition_preprocesing')]","type":"Microsoft.Synapse/workspaces/notebooks","apiVersion":"2019-06-01-preview","properties":{"nbformat":4,"nbformat_minor":2,"bigDataPool":{"referenceName":"spark3p3sm","type":"BigDataPoolReference"},"sessionProperties":{"driverMemory":"28g","driverCores":4,"executorMemory":"28g","executorCores":4,"numExecutors":2,"runAsWorkspaceSystemIdentity":false,"conf":{"spark.dynamicAllocation.enabled":"false","spark.dynamicAllocation.minExecutors":"2","spark.dynamicAllocation.maxExecutors":"2","spark.autotune.trackingId":"792777af-c95d-4fd5-850b-483b5498ed12"}},"metadata":{"saveOutput":true,"synapse_widget":{"version":"0.1","state":{}},"enableDebugMode":false,"kernelspec":{"name":"synapse_pyspark","display_name":"Synapse PySpark"},"language_info":{"name":"python"},"a365ComputeOptions":{"id":"/subscriptions/5721bb7d-69e0-45a2-8919-c43e0d8710ce/resourceGroups/rg-oea-chadOEAdev2/providers/Microsoft.Synapse/workspaces/syn-oea-chadoeadev2/bigDataPools/spark3p3sm","name":"spark3p3sm","type":"Spark","endpoint":"https://syn-oea-chadoeadev2.dev.azuresynapse.net/livyApi/versions/2019-11-01-preview/sparkPools/spark3p3sm","auth":{"type":"AAD","authResource":"https://dev.azuresynapse.net"},"sparkVersion":"3.3","nodeCount":3,"cores":4,"memory":28,"automaticScaleJobs":false},"sessionKeepAliveTimeout":30},"cells":[{"cell_type":"code","metadata":{"tags":["parameters"]},"source":["workspace = 'dev'\r\n","version = '0.1'"],"outputs":[{"output_type":"display_data","data":{"application/vnd.livy.statement-meta+json":{"spark_pool":"spark3p3sm","session_id":"108","statement_id":12,"state":"finished","livy_statement_state":"available","queued_time":"2023-07-27T03:13:29.757375Z","session_start_time":"2023-07-27T03:13:29.8424443Z","execution_start_time":"2023-07-27T03:13:29.9685159Z","execution_finish_time":"2023-07-27T03:13:30.1268775Z","spark_jobs":null,"parent_msg_id":"bdefc141-07af-4a29-83c0-9af89f104e95"},"text/plain":"StatementMeta(spark3p3sm, 108, 12, Finished, Available)"},"metadata":{}}],"execution_count":12},{"cell_type":"code","metadata":{"jupyter":{"source_hidden":false,"outputs_hidden":false},"nteract":{"transient":{"deleting":false}}},"source":["%run OEA_py"],"outputs":[{"output_type":"display_data","data":{"application/vnd.livy.statement-meta+json":{"spark_pool":null,"session_id":"108","statement_id":-1,"state":"finished","livy_statement_state":"available","queued_time":"2023-07-27T03:13:30.1415544Z","session_start_time":null,"execution_start_time":"2023-07-27T03:13:30.9839028Z","execution_finish_time":"2023-07-27T03:13:30.9841692Z","spark_jobs":null,"parent_msg_id":"2df8f544-634d-42a5-98d3-76efd94a717b"},"text/plain":"StatementMeta(, 108, -1, Finished, Available)"},"metadata":{}},{"name":"stdout","output_type":"stream","text":"2023-07-27 03:13:30,771 - OEA - INFO - Now using workspace: dev\n2023-07-27 03:13:30,772 - OEA - INFO - OEA initialized.\n"}],"execution_count":13},{"cell_type":"code","metadata":{"jupyter":{"source_hidden":false,"outputs_hidden":false},"nteract":{"transient":{"deleting":false}}},"source":["# 1) set the workspace (this determines where in the data lake you'll be writing to and reading from).\r\n","# You can work in 'dev', 'prod', or a sandbox with any name you choose.\r\n","# For example, Sam the developer can create a 'sam' workspace and expect to find his datasets in the data lake under oea/sandboxes/sam\r\n","oea.set_workspace(workspace)"],"outputs":[{"output_type":"display_data","data":{"application/vnd.livy.statement-meta+json":{"spark_pool":"spark3p3sm","session_id":"108","statement_id":14,"state":"finished","livy_statement_state":"available","queued_time":"2023-07-27T03:13:31.2196076Z","session_start_time":null,"execution_start_time":"2023-07-27T03:13:31.3682697Z","execution_finish_time":"2023-07-27T03:13:31.5617326Z","spark_jobs":null,"parent_msg_id":"8cef68be-534a-4469-b9d8-f1313e0d2355"},"text/plain":"StatementMeta(spark3p3sm, 108, 14, Finished, Available)"},"metadata":{}},{"name":"stdout","output_type":"stream","text":"2023-07-27 03:13:31,352 - OEA - INFO - Now using workspace: dev\n"}],"execution_count":14},{"cell_type":"code","metadata":{"jupyter":{"source_hidden":false,"outputs_hidden":false},"nteract":{"transient":{"deleting":false}},"collapsed":false},"source":["from pyspark.sql.functions import lit, concat, explode, col, collect_list, expr, monotonically_increasing_id\r\n","import ast\r\n","\r\n","# helper functions to process raw data to tabular CSV\r\n","def process_model_data(table_path, id_prefix):\r\n","\r\n","    df = spark.read.json(oea.to_url(table_path))\r\n","\r\n","    run_date = df.select(\"rundate\").collect()[0][0]\r\n","\r\n","    column_names = [row.columns for row in df.select(\"columns\").collect()][0]\r\n","    column_names = [s.replace(\"-\", \"\").replace(\"/\", \"\") for s in column_names]\r\n","\r\n","    index_exploded = df.withColumn(\"index\", explode(col(\"index\")))\r\n","    index_exploded = index_exploded.withColumn(\"id\", monotonically_increasing_id())\r\n","    index_exploded = index_exploded.select([\"index\", \"id\"])\r\n","\r\n","    data_exploded =  df.select(col(\"data\"), explode(col(\"data\")))\r\n","    data_exploded = data_exploded.selectExpr(\r\n","        *[\"col[{}] as {}\".format(i, column_names[i]) for i in range(len(column_names))])\r\n","    data_exploded = data_exploded.withColumn(\"id\", monotonically_increasing_id())\r\n","\r\n","    df_flat = index_exploded.join(data_exploded, \"id\", \"outer\").drop(\"id\")\r\n","    df_flat = df_flat.withColumn(\"rundate\", lit(run_date))\r\n","\r\n","    df_flat = df_flat.withColumnRenamed(\"index\", \"id\")\r\n","    df_flat = df_flat.withColumn(\"id\", concat(lit(id_prefix), df_flat[\"id\"]))\r\n","    \r\n","    return df_flat\r\n","\r\n","\r\n","def process_model_predictions(table_path):\r\n","\r\n","    df = spark.read.text(oea.to_url(table_path))\r\n","\r\n","    preds = df.select('value').collect()[0][0]\r\n","    preds = ast.literal_eval(preds)\r\n","    preds = [Row(index=index, value=value) for index, value in enumerate(preds)]\r\n","\r\n","    df_preds = spark.createDataFrame(preds)\r\n","\r\n","    df_preds = df_preds.withColumnRenamed(\"index\", \"id\")\r\n","    df_preds = df_preds.withColumn(\"id\", concat(lit('test'), df_preds[\"id\"]))\r\n","    df_preds = df_preds.withColumnRenamed(\"value\", \"prediction\")\r\n","    \r\n","    return df_preds\r\n","\r\n","\r\n","def process_model_probs(table_path):\r\n","\r\n","    df = spark.read.text(oea.to_url(table_path))\r\n","    probs = df.select('value').collect()[0][0]\r\n","    probs = ast.literal_eval(probs)\r\n","    df_probs = spark.createDataFrame(probs)\r\n","\r\n","    df_probs = df_probs.withColumn(\"id\", monotonically_increasing_id())\r\n","    df_probs = df_probs.withColumn(\"id\", concat(lit('test'), df_probs[\"id\"]))\r\n","\r\n","    df_probs = df_probs.withColumnRenamed(\"_1\", \"attrition_prob\")\r\n","    df_probs = df_probs.withColumnRenamed(\"_2\", \"retain_prob\")\r\n","\r\n","    df_probs = df_probs.select(\"id\", \"attrition_prob\", \"retain_prob\")\r\n","    \r\n","    return df_probs\r\n","\r\n","\r\n","def process_model_global_imp(table_path):\r\n","    \r\n","    df_feature_imp = spark.read.json(oea.to_url(table_path))\r\n","\r\n","    df_feature_imp = df_feature_imp.select([\"data\", \"rundate\"])\r\n","    df_feature_imp = df_feature_imp.withColumnRenamed(\"data\",\"feature_imp\")\r\n","    df_feature_imp = df_feature_imp.withColumn(\"feature_imp\", explode(col(\"feature_imp\")))\r\n","    df_feature_imp = df_feature_imp.withColumn(\"id\", monotonically_increasing_id())\r\n","    df_feature_imp = df_feature_imp.select([\"id\",\"feature_imp\", \"rundate\"])\r\n","\r\n","    folders = table_path.split(\"/\")\r\n","    table_path = \"/\".join(folders[:-1])\r\n","    table_path = table_path+'/'+'model_features'\r\n","    df_feature_names = spark.read.json(oea.to_url(table_path))\r\n","\r\n","    df_feature_names = df_feature_names.select(\"data\")\r\n","    df_feature_names = df_feature_names.withColumnRenamed(\"data\",\"feature\")\r\n","    df_feature_names = df_feature_names.withColumn(\"feature\", explode(col(\"feature\")))\r\n","    df_feature_names = df_feature_names.withColumn(\"id\", monotonically_increasing_id())\r\n","    df_feature_names = df_feature_names.select([\"id\",\"feature\"])\r\n","\r\n","    df_feature_imp = df_feature_imp.join(df_feature_names, \"id\", \"outer\")\r\n","    df_feature_imp = df_feature_imp.select([\"id\",\"feature\", \"feature_imp\"])\r\n","\r\n","    return df_feature_imp\r\n","\r\n","def process_model_local_imp(table_path):\r\n","\r\n","    df_feature_imp = spark.read.json(oea.to_url(table_path))\r\n","\r\n","    df_feature_imp = df_feature_imp.select([\"data\", \"rundate\"])\r\n","\r\n","    run_date = df_feature_imp.select(\"rundate\").collect()[0][0]\r\n","\r\n","    folders = table_path.split(\"/\")\r\n","    table_path = \"/\".join(folders[:-1])\r\n","    table_path = table_path+'/'+'model_features'\r\n","    df_feature_names = spark.read.json(oea.to_url(table_path))\r\n","    column_names = [row.data for row in df_feature_names.select(\"data\").collect()][0]\r\n","    column_names = [s.replace(\"-\", \"\").replace(\"/\", \"\") for s in column_names]\r\n","\r\n","    df_exploded_1 = df_feature_imp.select(explode(df_feature_imp.data).alias(\"data\"))\r\n","    df_exploded_2 = df_exploded_1.select(explode(df_exploded_1.data).alias(\"data\"))\r\n","    num_cols = len(column_names)\r\n","    column_transformations = [\r\n","        col(\"data\").getItem(i).alias(column_names[i]) for i in range(num_cols)\r\n","    ]\r\n","    df_exploded_final = df_exploded_2.select(column_transformations)\r\n","\r\n","    df_exploded_final = df_exploded_final.withColumn(\"rundate\", lit(run_date))\r\n","    df_exploded_final = df_exploded_final.withColumn(\"id\", monotonically_increasing_id())\r\n","    df_exploded_final = df_exploded_final.withColumn(\"id\", concat(lit('test'), df_exploded_final[\"id\"]))\r\n","\r\n","    df_exploded_final = df_exploded_final.select([\"id\", *df_exploded_final.columns[:-1]])\r\n","    df_exploded_final = df_exploded_final.limit(df_exploded_final.count()//2)\r\n","\r\n","    return df_exploded_final\r\n",""],"outputs":[{"output_type":"display_data","data":{"application/vnd.livy.statement-meta+json":{"spark_pool":"spark3p3sm","session_id":"98","statement_id":30,"state":"finished","livy_statement_state":"available","queued_time":"2023-07-27T02:16:01.6402103Z","session_start_time":null,"execution_start_time":"2023-07-27T02:16:01.8386469Z","execution_finish_time":"2023-07-27T02:16:02.0107677Z","spark_jobs":null,"parent_msg_id":"0d4dcfa9-da7b-4f9b-a04d-08559c8cc51b"},"text/plain":"StatementMeta(spark3p3sm, 98, 30, Finished, Available)"},"metadata":{}}],"execution_count":29},{"cell_type":"code","metadata":{"jupyter":{"source_hidden":false,"outputs_hidden":false},"nteract":{"transient":{"deleting":false}}},"source":["# 2) this step pre-processing the canvas data through reading in the JSONs as records, corrects any schema discepancies and then writes out the df as a CSV in stage1.\r\n","# there is no data transformation happening in this step besides properly reading in the column dtypes properly.\r\n","def preprocess_attrition_data(tables_source):\r\n","    items = oea.get_folders(tables_source)\r\n","    for item in items: \r\n","        table_path = tables_source+'/'+item\r\n","        # find the batch data type of the table\r\n","        batch_type_folder = oea.get_folders(table_path)\r\n","        batch_type = batch_type_folder[0]\r\n","        # grab only the latest folder in stage1, used to write the JSON -> CSV to the same rundate folder timestamp\r\n","        # idea is to mimic the same directory structure of tables landed in stage1\r\n","        latest_dt = oea.get_latest_runtime(f'{table_path}/{batch_type}', \"rundate=%Y-%m-%d %H:%M:%S\")\r\n","        if item == 'data_train':\r\n","            df = process_model_data(table_path, 'train')\r\n","            # create the new location for the converted CSVs, and write back to stage1\r\n","            new_table_path = f'stage1/Transactional/attrition/v{version}/{item}/{batch_type}/rundate={latest_dt}'\r\n","            df.coalesce(1).write.save(oea.to_url(f'{new_table_path}'), format='csv', mode='overwrite', header='true', mergeSchema='true')\r\n","            # remove the _SUCCESS file\r\n","            oea.rm_if_exists(new_table_path + '/_SUCCESS', False)\r\n","            logger.info('Pre-processed table: ' + item + ' from: ' + table_path)\r\n","        elif item == 'data_test':\r\n","            df = process_model_data(table_path, 'test')\r\n","            # create the new location for the converted CSVs, and write back to stage1\r\n","            new_table_path = f'stage1/Transactional/attrition/v{version}/{item}/{batch_type}/rundate={latest_dt}'\r\n","            df.coalesce(1).write.save(oea.to_url(f'{new_table_path}'), format='csv', mode='overwrite', header='true', mergeSchema='true')\r\n","            # remove the _SUCCESS file\r\n","            oea.rm_if_exists(new_table_path + '/_SUCCESS', False)\r\n","            logger.info('Pre-processed table: ' + item + ' from: ' + table_path)\r\n","        elif item == 'predictions_predict':\r\n","            df = process_model_predictions(table_path)\r\n","            # create the new location for the converted CSVs, and write back to stage1\r\n","            new_table_path = f'stage1/Transactional/attrition/v{version}/{item}/{batch_type}/rundate={latest_dt}'\r\n","            df.coalesce(1).write.save(oea.to_url(f'{new_table_path}'), format='csv', mode='overwrite', header='true', mergeSchema='true')\r\n","            # remove the _SUCCESS file\r\n","            oea.rm_if_exists(new_table_path + '/_SUCCESS', False)\r\n","            logger.info('Pre-processed table: ' + item + ' from: ' + table_path)\r\n","        elif item == 'predictions_predict_proba':\r\n","            df = process_model_probs(table_path)\r\n","            # create the new location for the converted CSVs, and write back to stage1\r\n","            new_table_path = f'stage1/Transactional/attrition/v{version}/{item}/{batch_type}/rundate={latest_dt}'\r\n","            df.coalesce(1).write.save(oea.to_url(f'{new_table_path}'), format='csv', mode='overwrite', header='true', mergeSchema='true')\r\n","            # remove the _SUCCESS file\r\n","            oea.rm_if_exists(new_table_path + '/_SUCCESS', False)\r\n","            logger.info('Pre-processed table: ' + item + ' from: ' + table_path)\r\n","        elif item == 'model_global_importance_values':\r\n","            df = process_model_global_imp(table_path)\r\n","            # create the new location for the converted CSVs, and write back to stage1\r\n","            new_table_path = f'stage1/Transactional/attrition/v{version}/{item}/{batch_type}/rundate={latest_dt}'\r\n","            df.coalesce(1).write.save(oea.to_url(f'{new_table_path}'), format='csv', mode='overwrite', header='true', mergeSchema='true')\r\n","            # remove the _SUCCESS file\r\n","            oea.rm_if_exists(new_table_path + '/_SUCCESS', False)\r\n","            logger.info('Pre-processed table: ' + item + ' from: ' + table_path)\r\n","        elif item == 'model_local_importance_values':\r\n","            df = process_model_local_imp(table_path)\r\n","            # create the new location for the converted CSVs, and write back to stage1\r\n","            new_table_path = f'stage1/Transactional/attrition/v{version}/{item}/{batch_type}/rundate={latest_dt}'\r\n","            df.coalesce(1).write.save(oea.to_url(f'{new_table_path}'), format='csv', mode='overwrite', header='true', mergeSchema='true')\r\n","            # remove the _SUCCESS file\r\n","            oea.rm_if_exists(new_table_path + '/_SUCCESS', False)\r\n","            logger.info('Pre-processed table: ' + item + ' from: ' + table_path)\r\n","        else:\r\n","            logger.info(f'no ad hoc processing needed for the Attrition {item} table.')\r\n","    logger.info('Finished pre-processing Attrition tables')"],"outputs":[{"output_type":"display_data","data":{"application/vnd.livy.statement-meta+json":{"spark_pool":"spark3p3sm","session_id":"98","statement_id":28,"state":"finished","livy_statement_state":"available","queued_time":"2023-07-27T02:12:57.8415193Z","session_start_time":null,"execution_start_time":"2023-07-27T02:12:58.0572856Z","execution_finish_time":"2023-07-27T02:12:58.224214Z","spark_jobs":null,"parent_msg_id":"c71ee64b-6b92-4119-8542-c6690cdf634b"},"text/plain":"StatementMeta(spark3p3sm, 98, 28, Finished, Available)"},"metadata":{}}],"execution_count":27},{"cell_type":"code","metadata":{"jupyter":{"source_hidden":false,"outputs_hidden":false},"nteract":{"transient":{"deleting":false}}},"source":["# set the version number and pre-process the dataset\r\n","preprocess_attrition_data(f'stage1/Transactional/attrition_raw/v{version}')"],"outputs":[{"output_type":"display_data","data":{"application/vnd.livy.statement-meta+json":{"spark_pool":"spark3p3sm","session_id":"98","statement_id":31,"state":"finished","livy_statement_state":"available","queued_time":"2023-07-27T02:16:17.2256763Z","session_start_time":null,"execution_start_time":"2023-07-27T02:16:17.3917329Z","execution_finish_time":"2023-07-27T02:16:38.9192219Z","spark_jobs":null,"parent_msg_id":"3e63c6ca-f5be-43ea-94cf-4a6243b57862"},"text/plain":"StatementMeta(spark3p3sm, 98, 31, Finished, Available)"},"metadata":{}},{"name":"stdout","output_type":"stream","text":"data_test\n2023-07-27 01:48:27\n2023-07-27 02:16:20,184 - OEA - INFO - Pre-processed table: data_test from: stage1/Transactional/attrition_raw/v0.1/data_test\ndata_train\n2023-07-27 01:48:26\n2023-07-27 02:16:23,430 - OEA - INFO - Pre-processed table: data_train from: stage1/Transactional/attrition_raw/v0.1/data_train\nmodel_features\n2023-07-27 01:48:26\n2023-07-27 02:16:23,495 - OEA - INFO - no ad hoc processing needed for the Attrition model_features table.\nmodel_global_importance_values\n2023-07-27 01:48:27\n2023-07-27 02:16:25,917 - OEA - INFO - Pre-processed table: model_global_importance_values from: stage1/Transactional/attrition_raw/v0.1/model_global_importance_values\nmodel_local_importance_values\n2023-07-27 01:48:26\n2023-07-27 02:16:29,835 - OEA - INFO - Pre-processed table: model_local_importance_values from: stage1/Transactional/attrition_raw/v0.1/model_local_importance_values\npredictions_predict\n2023-07-27 01:48:26\n2023-07-27 02:16:36,635 - OEA - INFO - Pre-processed table: predictions_predict from: stage1/Transactional/attrition_raw/v0.1/predictions_predict\npredictions_predict_proba\n2023-07-27 01:48:26\n2023-07-27 02:16:38,664 - OEA - INFO - Pre-processed table: predictions_predict_proba from: stage1/Transactional/attrition_raw/v0.1/predictions_predict_proba\n2023-07-27 02:16:38,664 - OEA - INFO - Finished pre-processing Attrition tables\n"}],"execution_count":30},{"cell_type":"code","metadata":{"jupyter":{"source_hidden":false,"outputs_hidden":false},"nteract":{"transient":{"deleting":false}}},"source":["#oea.rm_if_exists('stage1/Transactional/attrition')\r\n","#oea.rm_if_exists('stage1/Transactional/attrition_raw')\r\n","#oea.rm_if_exists('stage2/Ingested/attrition')\r\n","#oea.rm_if_exists('stage2/Refined/attrition')\r\n","#oea.drop_lake_db('ldb_dev_s2i_attrition_v0p1')\r\n","#oea.drop_lake_db('ldb_dev_s2r_attrition_v0p1')"],"outputs":[{"output_type":"display_data","data":{"application/vnd.livy.statement-meta+json":{"spark_pool":"spark3p3sm","session_id":"108","statement_id":17,"state":"finished","livy_statement_state":"available","queued_time":"2023-07-27T03:25:48.5759125Z","session_start_time":null,"execution_start_time":"2023-07-27T03:25:48.7528281Z","execution_finish_time":"2023-07-27T03:25:50.6862497Z","spark_jobs":null,"parent_msg_id":"a96dc187-25eb-481b-801d-4e5c56a9ef7e"},"text/plain":"StatementMeta(spark3p3sm, 108, 17, Finished, Available)"},"metadata":{}},{"name":"stdout","output_type":"stream","text":"2023-07-27 03:25:50,239 - OEA - INFO - Database dropped: ldb_dev_s2i_attrition_v0p1\n2023-07-27 03:25:50,314 - OEA - INFO - Database dropped: ldb_dev_s2r_attrition_v0p1\n"},{"execution_count":35,"output_type":"execute_result","data":{"text/plain":"'Database dropped: ldb_dev_s2r_attrition_v0p1'"},"metadata":{}}],"execution_count":17},{"cell_type":"code","metadata":{"jupyter":{"source_hidden":false,"outputs_hidden":false},"nteract":{"transient":{"deleting":false}}},"source":["#metadata = oea.create_metadata_from_lake_db('ldb_dev_s2i_attrition_v0p1')\r\n","#print(metadata)\r\n","#dlw = DataLakeWriter(oea.to_url('stage1/Transactional/attrition'))\r\n","#dlw.write('metadata.csv', metadata)\r\n",""],"outputs":[{"output_type":"display_data","data":{"application/vnd.livy.statement-meta+json":{"spark_pool":"spark3p3sm","session_id":"108","statement_id":16,"state":"finished","livy_statement_state":"available","queued_time":"2023-07-27T03:20:58.961651Z","session_start_time":null,"execution_start_time":"2023-07-27T03:20:59.1084491Z","execution_finish_time":"2023-07-27T03:21:01.9614446Z","spark_jobs":null,"parent_msg_id":"af55ae2c-d01c-4cbe-85f5-866baeb66f8a"},"text/plain":"StatementMeta(spark3p3sm, 108, 16, Finished, Available)"},"metadata":{}},{"name":"stdout","output_type":"stream","text":"Entity Name,Attribute Name,Attribute Data Type,Pseudonymizationmodel_global_importance_values,,,\n,id,string,no-op\n,feature,string,no-op\n,feature_imp,string,no-op\ndata_train,,,\n,id,string,no-op\n,FirstGenerationinCollegeFlag,string,no-op\n,Gender,string,no-op\n,Race,string,no-op\n,HSGraduateorGED,string,no-op\n,Age_Term_Min,string,no-op\n,Age_Term_Max,string,no-op\n,Total_Terms,string,no-op\n,Entry_Type_DualEnrollment,string,no-op\n,Entry_Type_EarlyAdmission,string,no-op\n,Entry_Type_FirstTimeinCollege,string,no-op\n,Entry_Type_ReEntry,string,no-op\n,Entry_Type_Transfer,string,no-op\n,AcademicProbation,string,no-op\n,AcademicSuspension,string,no-op\n,AcademicWarning,string,no-op\n,GoodAcademicStanding,string,no-op\n,ProbationAfterSuspenDismiss,string,no-op\n,TransferedToNonBusiness,string,no-op\n,CumulativeGPA,string,no-op\n,CumulativeCreditHoursEarnedPerTerm,string,no-op\n,Blended,string,no-op\n,FullyOnline,string,no-op\n,RemoteLearning,string,no-op\n,RemoteLearningBlended,string,no-op\n,Traditional,string,no-op\n,Adjunct,string,no-op\n,Faculty,string,no-op\n,Unknown_IntructorType,string,no-op\n,PELL_Eligible,string,no-op\n,Dorm_Resident,string,no-op\n,Attrition,string,no-op\n,rundate,string,no-op\nmodel_local_importance_values,,,\n,id,string,no-op\n,FirstGenerationinCollegeFlag,string,no-op\n,Gender,string,no-op\n,Race,string,no-op\n,HSGraduateorGED,string,no-op\n,Age_Term_Min,string,no-op\n,Age_Term_Max,string,no-op\n,Total_Terms,string,no-op\n,Entry_Type_DualEnrollment,string,no-op\n,Entry_Type_EarlyAdmission,string,no-op\n,Entry_Type_FirstTimeinCollege,string,no-op\n,Entry_Type_ReEntry,string,no-op\n,Entry_Type_Transfer,string,no-op\n,AcademicProbation,string,no-op\n,AcademicSuspension,string,no-op\n,AcademicWarning,string,no-op\n,GoodAcademicStanding,string,no-op\n,ProbationAfterSuspenDismiss,string,no-op\n,TransferedToNonBusiness,string,no-op\n,CumulativeGPA,string,no-op\n,CumulativeCreditHoursEarnedPerTerm,string,no-op\n,Blended,string,no-op\n,FullyOnline,string,no-op\n,RemoteLearning,string,no-op\n,RemoteLearningBlended,string,no-op\n,Traditional,string,no-op\n,Adjunct,string,no-op\n,Faculty,string,no-op\n,Unknown_IntructorType,string,no-op\n,PELL_Eligible,string,no-op\n,Dorm_Resident,string,no-op\n,rundate,string,no-op\npredictions_predict,,,\n,id,string,no-op\n,prediction,string,no-op\npredictions_predict_proba,,,\n,id,string,no-op\n,attrition_prob,string,no-op\n,retain_prob,string,no-op\ndata_test,,,\n,id,string,no-op\n,FirstGenerationinCollegeFlag,string,no-op\n,Gender,string,no-op\n,Race,string,no-op\n,HSGraduateorGED,string,no-op\n,Age_Term_Min,string,no-op\n,Age_Term_Max,string,no-op\n,Total_Terms,string,no-op\n,Entry_Type_DualEnrollment,string,no-op\n,Entry_Type_EarlyAdmission,string,no-op\n,Entry_Type_FirstTimeinCollege,string,no-op\n,Entry_Type_ReEntry,string,no-op\n,Entry_Type_Transfer,string,no-op\n,AcademicProbation,string,no-op\n,AcademicSuspension,string,no-op\n,AcademicWarning,string,no-op\n,GoodAcademicStanding,string,no-op\n,ProbationAfterSuspenDismiss,string,no-op\n,TransferedToNonBusiness,string,no-op\n,CumulativeGPA,string,no-op\n,CumulativeCreditHoursEarnedPerTerm,string,no-op\n,Blended,string,no-op\n,FullyOnline,string,no-op\n,RemoteLearning,string,no-op\n,RemoteLearningBlended,string,no-op\n,Traditional,string,no-op\n,Adjunct,string,no-op\n,Faculty,string,no-op\n,Unknown_IntructorType,string,no-op\n,PELL_Eligible,string,no-op\n,Dorm_Resident,string,no-op\n,Attrition,string,no-op\n,rundate,string,no-op\n\n"}],"execution_count":16},{"cell_type":"code","metadata":{"jupyter":{"source_hidden":false,"outputs_hidden":false},"nteract":{"transient":{"deleting":false}}},"source":[""],"outputs":[],"execution_count":null}]},"dependsOn":[]},{"name":"[concat(parameters('workspaceName'), '/land_metadata_from_URL')]","type":"Microsoft.Synapse/workspaces/pipelines","apiVersion":"2019-06-01-preview","properties":{"description":"Copies the metadata from the specified URL and lands it in stage1 of the specified workspace.\nThe batchType parameter must be either 'delta', 'snapshot', or 'additive'","activities":[{"name":"land_metadata_from_URL","type":"Copy","dependsOn":[{"activity":"Set stage_path","dependencyConditions":["Succeeded"]}],"policy":{"timeout":"0.12:00:00","retry":0,"retryIntervalInSeconds":30,"secureOutput":false,"secureInput":false},"userProperties":[],"typeProperties":{"source":{"type":"BinarySource","storeSettings":{"type":"HttpReadSettings","requestMethod":"GET"},"formatSettings":{"type":"BinaryReadSettings"}},"sink":{"type":"BinarySink","storeSettings":{"type":"AzureBlobFSWriteSettings"}},"enableStaging":false},"inputs":[{"referenceName":"DS_HTTP_binary","type":"DatasetReference","parameters":{"URL":{"value":"@pipeline().parameters.URL","type":"Expression"}}}],"outputs":[{"referenceName":"DS_datalake_file","type":"DatasetReference","parameters":{"stage":{"value":"@variables('stage_path')","type":"Expression"},"path":{"value":"Ingested/@{pipeline().parameters.sinkPath}","type":"Expression"},"filename":"metadata.csv"}}]},{"name":"Set stage_path","type":"SetVariable","dependsOn":[],"policy":{"secureOutput":false,"secureInput":false},"userProperties":[],"typeProperties":{"variableName":"stage_path","value":{"value":"@if(equals(pipeline().parameters.workspace,'dev'), 'oea/dev/stage2', \n if(equals(pipeline().parameters.workspace,'prod'),'stage2',\n  concat(concat('oea/sandboxes/', pipeline().parameters.workspace), '/stage2')\n )\n)","type":"Expression"}}}],"policy":{"elapsedTimeMetric":{},"cancelAfter":{}},"parameters":{"URL":{"type":"string","defaultValue":"https://raw.githubusercontent.com/microsoft/OpenEduAnalytics/main/framework/test_data/contoso_sis/metadata.csv"},"workspace":{"type":"string","defaultValue":"dev"},"sinkPath":{"type":"string","defaultValue":"contoso/v0.1"}},"variables":{"stage_path":{"type":"String"}},"folder":{"name":"OEA_Framework"},"annotations":[],"lastPublishTime":"2023-05-19T14:57:36Z"},"dependsOn":["[concat(variables('workspaceId'), '/datasets/DS_HTTP_binary')]","[concat(variables('workspaceId'), '/datasets/DS_datalake_file')]"]},{"name":"[concat(parameters('workspaceName'), '/refine')]","type":"Microsoft.Synapse/workspaces/pipelines","apiVersion":"2019-06-01-preview","properties":{"activities":[{"name":"refine","type":"SynapseNotebook","dependsOn":[],"policy":{"timeout":"0.12:00:00","retry":0,"retryIntervalInSeconds":30,"secureOutput":false,"secureInput":false},"userProperties":[],"typeProperties":{"notebook":{"referenceName":"OEA_connector","type":"NotebookReference"},"parameters":{"method_name":{"value":"refine","type":"string"},"kwargs":{"value":{"value":"{'entity_path':'@{pipeline().parameters.entityPath}', 'primary_key':'@{pipeline().parameters.primaryKey}'}","type":"Expression"},"type":"string"},"workspace":{"value":{"value":"@pipeline().parameters.workspace","type":"Expression"},"type":"string"}},"sparkPool":{"referenceName":"spark3p3sm","type":"BigDataPoolReference"},"conf":{"spark.dynamicAllocation.enabled":null,"spark.dynamicAllocation.minExecutors":null,"spark.dynamicAllocation.maxExecutors":null},"numExecutors":null}}],"policy":{"elapsedTimeMetric":{},"cancelAfter":{}},"parameters":{"workspace":{"type":"string","defaultValue":"dev"},"entityPath":{"type":"string","defaultValue":"contoso/v0.1/students"},"primaryKey":{"type":"string","defaultValue":"id"}},"folder":{"name":"OEA_Framework"},"annotations":[],"lastPublishTime":"2023-05-19T14:58:04Z"},"dependsOn":["[concat(variables('workspaceId'), '/notebooks/OEA_connector')]","[concat(variables('workspaceId'), '/bigDataPools/spark3p3sm')]"]},{"name":"[concat(parameters('workspaceName'), '/create_sql_db')]","type":"Microsoft.Synapse/workspaces/pipelines","apiVersion":"2019-06-01-preview","properties":{"activities":[{"name":"Stored procedure1","type":"SqlServerStoredProcedure","dependsOn":[{"activity":"Set stage_path","dependencyConditions":["Succeeded"]}],"policy":{"timeout":"7.00:00:00","retry":0,"retryIntervalInSeconds":30,"secureOutput":false,"secureInput":false},"userProperties":[],"typeProperties":{"storedProcedureName":"[[dbo].[sp_executesql]","storedProcedureParameters":{"command":{"value":{"value":"IF NOT EXISTS (SELECT * FROM sys.databases WHERE name = '@{pipeline().parameters.dbName}') \nBEGIN\n  CREATE DATABASE @{pipeline().parameters.dbName}; \nEND;","type":"Expression"},"type":"String"}}},"linkedServiceName":{"referenceName":"[parameters('LS_SQL_Serverless')]","type":"LinkedServiceReference","parameters":{"dbName":"master"}}},{"name":"get list of entities","type":"GetMetadata","dependsOn":[{"activity":"Stored procedure1","dependencyConditions":["Succeeded"]}],"policy":{"timeout":"7.00:00:00","retry":0,"retryIntervalInSeconds":30,"secureOutput":false,"secureInput":false},"userProperties":[],"typeProperties":{"dataset":{"referenceName":"DS_datalake_folder","type":"DatasetReference","parameters":{"filesystem":{"value":"@variables('stage_path')","type":"Expression"},"directory":{"value":"@pipeline().parameters.datasetPath","type":"Expression"}}},"fieldList":["childItems"],"storeSettings":{"type":"AzureBlobFSReadSettings","recursive":true,"enablePartitionDiscovery":false},"formatSettings":{"type":"BinaryReadSettings"}}},{"name":"ForEach","type":"ForEach","dependsOn":[{"activity":"get list of entities","dependencyConditions":["Succeeded"]}],"userProperties":[],"typeProperties":{"items":{"value":"@activity('get list of entities').output.childItems","type":"Expression"},"activities":[{"name":"If item is a folder","type":"IfCondition","dependsOn":[],"userProperties":[],"typeProperties":{"expression":{"value":"@equals(item().type, 'Folder')","type":"Expression"},"ifTrueActivities":[{"name":"create or alter view for lookup tables","type":"SqlServerStoredProcedure","dependsOn":[],"policy":{"timeout":"7.00:00:00","retry":0,"retryIntervalInSeconds":30,"secureOutput":false,"secureInput":false},"userProperties":[{"name":"command","value":"CREATE OR ALTER VIEW @{item().name} AS SELECT * FROM OPENROWSET( BULK 'https://@{pipeline().parameters.storageAccount}.dfs.core.windows.net/@{variables('stage_path')}/@{pipeline().parameters.datasetPath}/@{item().name}', FORMAT='DELTA' ) AS [r]"}],"typeProperties":{"storedProcedureName":"[[dbo].[sp_executesql]","storedProcedureParameters":{"command":{"value":{"value":"CREATE OR ALTER VIEW @{item().name} AS\nSELECT * FROM OPENROWSET(\nBULK 'https://@{pipeline().parameters.storageAccount}.dfs.core.windows.net/@{variables('stage_path')}/@{pipeline().parameters.datasetPath}/@{item().name}',\nFORMAT='DELTA'\n) AS [r]","type":"Expression"},"type":"String"}}},"linkedServiceName":{"referenceName":"[parameters('LS_SQL_Serverless')]","type":"LinkedServiceReference","parameters":{"dbName":{"value":"@pipeline().parameters.dbName","type":"Expression"}}}}]}}]}},{"name":"Set stage_path","type":"SetVariable","dependsOn":[],"policy":{"secureOutput":false,"secureInput":false},"userProperties":[],"typeProperties":{"variableName":"stage_path","value":{"value":"@if(equals(pipeline().parameters.workspace,'dev'), concat('oea/dev/', pipeline().parameters.stage), \n if(equals(pipeline().parameters.workspace,'prod'),pipeline().parameters.stage,\n  concat(concat(concat('oea/sandboxes/', pipeline().parameters.workspace), '/'), pipeline().parameters.stage)\n )\n)","type":"Expression"}}}],"policy":{"elapsedTimeMetric":{},"cancelAfter":{}},"parameters":{"storageAccount":{"type":"string","defaultValue":"stoeachadoeadev2"},"stage":{"type":"string","defaultValue":"stage2"},"datasetPath":{"type":"string","defaultValue":"Ingested/contoso/v0.1"},"workspace":{"type":"string","defaultValue":"dev"},"dbName":{"type":"string","defaultValue":"sdb_dev_s2_contoso_v0p1"}},"variables":{"stage_path":{"type":"String"}},"folder":{"name":"OEA_Framework"},"annotations":[],"lastPublishTime":"2023-07-12T16:05:45Z"},"dependsOn":["[concat(variables('workspaceId'), '/datasets/DS_datalake_folder')]"]},{"name":"[concat(parameters('workspaceName'), '/land_from_ls_datalake')]","type":"Microsoft.Synapse/workspaces/pipelines","apiVersion":"2019-06-01-preview","properties":{"description":"Land data from the OEA data lake linked service.","activities":[{"name":"Copy from LS Data Lake","type":"Copy","dependsOn":[{"activity":"Set Run DateTime","dependencyConditions":["Succeeded"]},{"activity":"Set Stage Path","dependencyConditions":["Succeeded"]}],"policy":{"timeout":"0.12:00:00","retry":0,"retryIntervalInSeconds":30,"secureOutput":false,"secureInput":false},"userProperties":[],"typeProperties":{"source":{"type":"BinarySource","storeSettings":{"type":"AzureBlobFSReadSettings","recursive":true,"modifiedDatetimeStart":{"value":"@pipeline().parameters.dateFilter","type":"Expression"},"wildcardFolderPath":{"value":"@pipeline().parameters.sourcePath","type":"Expression"},"wildcardFileName":{"value":"@pipeline().parameters.filePath","type":"Expression"}},"formatSettings":{"type":"BinaryReadSettings"}},"sink":{"type":"BinarySink","storeSettings":{"type":"AzureBlobFSWriteSettings","copyBehavior":"FlattenHierarchy"}},"enableStaging":false},"inputs":[{"referenceName":"DS_datalake_folder","type":"DatasetReference","parameters":{"filesystem":"@coalesce(null)","directory":"@coalesce(null)"}}],"outputs":[{"referenceName":"DS_datalake_folder","type":"DatasetReference","parameters":{"filesystem":{"value":"@variables('stagePath')","type":"Expression"},"directory":{"value":"Transactional/@{pipeline().parameters.sinkPath}/@{pipeline().parameters.batchType}_batch_data/rundate=@{variables('runDateTime')}","type":"Expression"}}}]},{"name":"Set Run DateTime","description":"Set the run datetime value for the pipeline run.","type":"SetVariable","dependsOn":[],"policy":{"secureOutput":false,"secureInput":false},"userProperties":[],"typeProperties":{"variableName":"runDateTime","value":{"value":"@utcNow('yyyy-MM-dd HH:mm:ss')","type":"Expression"}}},{"name":"Set Stage Path","description":"Set the stage path to determine where landed data is stored.","type":"SetVariable","dependsOn":[],"policy":{"secureOutput":false,"secureInput":false},"userProperties":[],"typeProperties":{"variableName":"stagePath","value":{"value":"@if(equals(pipeline().parameters.workspace,'dev'), 'oea/dev/stage1', \n if(equals(pipeline().parameters.workspace,'prod'),'stage1',\n  concat(concat('oea/sandboxes/', pipeline().parameters.workspace), '/stage1')\n )\n)","type":"Expression"}}}],"policy":{"elapsedTimeMetric":{},"cancelAfter":{}},"parameters":{"sourcePath":{"type":"string","defaultValue":"oea/pre_landing/data_shares"},"sinkPath":{"type":"string"},"workspace":{"type":"string","defaultValue":"dev"},"batchType":{"type":"string","defaultValue":"snapshot"},"filePath":{"type":"string","defaultValue":"*.csv"},"dateFilter":{"type":"string"}},"variables":{"runDateTime":{"type":"String"},"stagePath":{"type":"String"}},"folder":{"name":"OEA_Framework"},"annotations":[],"lastPublishTime":"2023-07-12T16:05:49Z"},"dependsOn":["[concat(variables('workspaceId'), '/datasets/DS_datalake_folder')]"]},{"name":"[concat(parameters('workspaceName'), '/OEA_connector')]","type":"Microsoft.Synapse/workspaces/notebooks","apiVersion":"2019-06-01-preview","properties":{"nbformat":4,"nbformat_minor":2,"bigDataPool":{"referenceName":"spark3p3sm","type":"BigDataPoolReference"},"sessionProperties":{"driverMemory":"28g","driverCores":4,"executorMemory":"28g","executorCores":4,"numExecutors":2,"runAsWorkspaceSystemIdentity":false,"conf":{}},"metadata":{"kernelspec":{"name":"synapse_pyspark","display_name":"Synapse PySpark"},"language_info":{"name":"python"}},"cells":[{"cell_type":"markdown","metadata":{"nteract":{"transient":{"deleting":false}}},"source":["# OEA connector\n","This notebook provides a way for invoking methods on the OEA framework."]},{"cell_type":"code","metadata":{"jupyter":{"source_hidden":false,"outputs_hidden":false},"nteract":{"transient":{"deleting":false}},"tags":["parameters"]},"source":["# These values should be passed in from the pipeline that is using this notebook as an activity.\r\n","# Note that kwargs allows you to pass in a dict of params, but the dict has to specified as a string when invoked from a pipeline.\r\n","# Also note that you can refer to attributes of an object in the params, for example: {'path':oea.stage1}\r\n","workspace = 'dev'\r\n","method_name = None\r\n","kwargs = '{}'"],"outputs":[]},{"cell_type":"code","metadata":{"jupyter":{"outputs_hidden":false,"source_hidden":false},"nteract":{"transient":{"deleting":false}},"collapsed":true},"source":["%run /OEA_py"],"outputs":[]},{"cell_type":"code","metadata":{"jupyter":{"source_hidden":false,"outputs_hidden":false},"nteract":{"transient":{"deleting":false}}},"source":["oea.set_workspace(workspace)"],"outputs":[]},{"cell_type":"code","metadata":{"jupyter":{"source_hidden":false,"outputs_hidden":false},"nteract":{"transient":{"deleting":false}}},"source":["m = getattr(oea, method_name)\r\n","kwargs = eval(kwargs)\r\n","result = m(**kwargs)\r\n","mssparkutils.notebook.exit(result)"],"outputs":[]}]},"dependsOn":[]},{"name":"[concat(parameters('workspaceName'), '/spark3p3sm')]","type":"Microsoft.Synapse/workspaces/bigDataPools","apiVersion":"2019-06-01-preview","properties":{"autoPause":{"enabled":true,"delayInMinutes":15},"autoScale":{"enabled":true,"maxNodeCount":5,"minNodeCount":3},"nodeCount":3,"nodeSize":"Small","nodeSizeFamily":"MemoryOptimized","sparkVersion":"3.3","isComputeIsolationEnabled":false,"sessionLevelPackagesEnabled":false,"annotations":[]},"dependsOn":[],"location":"eastus"},{"name":"[concat(parameters('workspaceName'), '/DS_HTTP_binary')]","type":"Microsoft.Synapse/workspaces/datasets","apiVersion":"2019-06-01-preview","properties":{"description":"Retrieves data from an http endpoint.\nThe data can be in any format - the binary dataset allows us to pull any payload without affecting it.","linkedServiceName":{"referenceName":"[parameters('LS_HTTP')]","type":"LinkedServiceReference","parameters":{"baseURL":{"value":"@dataset().URL","type":"Expression"}}},"parameters":{"URL":{"type":"string"}},"folder":{"name":"OEA_Framework"},"annotations":[],"type":"Binary","typeProperties":{"location":{"type":"HttpServerLocation"}}},"dependsOn":[]},{"name":"[concat(parameters('workspaceName'), '/DS_datalake_file')]","type":"Microsoft.Synapse/workspaces/datasets","apiVersion":"2019-06-01-preview","properties":{"description":"Used for landing data in the data lake.\nDefaults to landing data in stage1.\nNote that you can specify a full path in the filename param (eg, to land a file in a specific folder filename param can be 'contoso_sis/students/students.csv').\n","linkedServiceName":{"referenceName":"[parameters('LS_DataLake')]","type":"LinkedServiceReference"},"parameters":{"stage":{"type":"string","defaultValue":"stage1"},"path":{"type":"string"},"filename":{"type":"string"}},"folder":{"name":"OEA_Framework"},"annotations":[],"type":"Binary","typeProperties":{"location":{"type":"AzureBlobFSLocation","fileName":{"value":"@dataset().filename","type":"Expression"},"folderPath":{"value":"@dataset().path","type":"Expression"},"fileSystem":{"value":"@dataset().stage","type":"Expression"}}}},"dependsOn":[]}]}