{
    "name": "p1_create_iReady_df",
    "properties": {
        "folder": {
            "name": "Chronic Absenteeistm/ML Pipeline"
        },
        "nbformat": 4,
        "nbformat_minor": 2,
        "bigDataPool": {
            "referenceName": "sparkMed1",
            "type": "BigDataPoolReference"
        },
        "sessionProperties": {
            "driverMemory": "56g",
            "driverCores": 8,
            "executorMemory": "56g",
            "executorCores": 8,
            "numExecutors": 2,
            "conf": {
                "spark.dynamicAllocation.enabled": "false",
                "spark.dynamicAllocation.minExecutors": "2",
                "spark.dynamicAllocation.maxExecutors": "2",
                "spark.autotune.trackingId": "dc603425-e97a-4bc6-9ec6-8d04179be115"
            }
        },
        "metadata": {
            "saveOutput": true,
            "enableDebugMode": false,
            "kernelspec": {
                "name": "synapse_pyspark",
                "display_name": "Synapse PySpark"
            },
            "language_info": {
                "name": "python"
            },
            "a365ComputeOptions": {
                "id": "/subscriptions/f16d97ba-b733-4436-9564-554a1452b258/resourceGroups/EduAnalytics/providers/Microsoft.Synapse/workspaces/eduanalyticsfusd2/bigDataPools/sparkMed1",
                "name": "sparkMed1",
                "type": "Spark",
                "endpoint": "https://eduanalyticsfusd2.dev.azuresynapse.net/livyApi/versions/2019-11-01-preview/sparkPools/sparkMed1",
                "auth": {
                    "type": "AAD",
                    "authResource": "https://dev.azuresynapse.net"
                },
                "sparkVersion": "2.4",
                "nodeCount": 10,
                "cores": 8,
                "memory": 56
            },
            "sessionKeepAliveTimeout": 30
        },
        "cells": [
            {
                "cell_type": "markdown",
                "metadata": {
                    "nteract": {
                        "transient": {
                            "deleting": false
                        }
                    }
                },
                "source": [
                    "# Create iReady table\r\n",
                    "- Load iReady stretch growth and diagnostic gain score"
                ]
            },
            {
                "cell_type": "code",
                "source": [
                    "%run OpenEduAnalytics/OEA_py"
                ],
                "outputs": [],
                "execution_count": 3
            },
            {
                "cell_type": "code",
                "metadata": {
                    "jupyter": {
                        "source_hidden": false,
                        "outputs_hidden": false
                    },
                    "nteract": {
                        "transient": {
                            "deleting": false
                        }
                    }
                },
                "source": [
                    "oea = OEA('saeduanalytics', '319c64c8-b50b-4f7d-be4b-4dc86e85ae84', 'FuSD$14329')"
                ],
                "outputs": [],
                "execution_count": 4
            },
            {
                "cell_type": "code",
                "metadata": {
                    "jupyter": {
                        "source_hidden": false,
                        "outputs_hidden": false
                    },
                    "nteract": {
                        "transient": {
                            "deleting": false
                        }
                    }
                },
                "source": [
                    "import pyspark.sql.functions as F\r\n",
                    "from pyspark.sql.window import Window\r\n",
                    "from pyspark.sql.functions import col, row_number"
                ],
                "outputs": [],
                "execution_count": 5
            },
            {
                "cell_type": "code",
                "metadata": {
                    "jupyter": {
                        "source_hidden": false,
                        "outputs_hidden": false
                    },
                    "nteract": {
                        "transient": {
                            "deleting": false
                        }
                    }
                },
                "source": [
                    "dfELA = oea.load('iReady', 'diagnostic_and_instruction_ela_ytd_window', oea.stage2p)"
                ],
                "outputs": [],
                "execution_count": 6
            },
            {
                "cell_type": "code",
                "metadata": {
                    "jupyter": {
                        "source_hidden": false,
                        "outputs_hidden": false
                    },
                    "nteract": {
                        "transient": {
                            "deleting": false
                        }
                    }
                },
                "source": [
                    "dfGradesElaForTraining = dfELA.where(F.col('AcademicYear')=='2021-2022')\r\n",
                    "dfGradesElaForTraining = dfGradesElaForTraining.select(\"StudentID_pseudonym\",\"AnnualStretchGrowthMeasure\",\"DiagnosticGain_Note\")\r\n",
                    "dfGradesElaForTraining = dfGradesElaForTraining.withColumn(\"AnnualStretchGrowthMeasure\", dfGradesElaForTraining[\"AnnualStretchGrowthMeasure\"].cast(IntegerType()))\r\n",
                    "dfGradesElaForTraining = dfGradesElaForTraining.na.fill(value=0,subset=['AnnualStretchGrowthMeasure'])\r\n",
                    "dfGradesElaForTraining = dfGradesElaForTraining.withColumn(\"DiagnosticGain_Note\", dfGradesElaForTraining[\"DiagnosticGain_Note\"].cast(IntegerType()))\r\n",
                    "dfGradesElaForTraining = dfGradesElaForTraining.na.fill(value=0,subset=['DiagnosticGain_Note'])\r\n",
                    "dfGradesElaForTraining = dfGradesElaForTraining.withColumnRenamed(\"AnnualStretchGrowthMeasure\",\"ElaAnnualStretchGrowthMeasure\")\r\n",
                    "dfGradesElaForTraining = dfGradesElaForTraining.withColumnRenamed(\"DiagnosticGain_Note\",\"ElaDiagnosticGain_Perc\")\r\n",
                    "dfGradesElaForTraining = dfGradesElaForTraining.withColumn(\"ElaDiagnosticGain_Perc\", (F.col(\"ElaDiagnosticGain_Perc\") / F.col(\"ElaAnnualStretchGrowthMeasure\")))\\\r\n",
                    "\r\n",
                    "windowDept = Window.partitionBy(\"StudentID_pseudonym\").orderBy(col(\"ElaAnnualStretchGrowthMeasure\").desc())\r\n",
                    "dfGradesElaForTraining = dfGradesElaForTraining.withColumn(\"row\",row_number().over(windowDept)) \\\r\n",
                    "  .filter(col(\"row\") == 1).drop(\"row\") \r\n",
                    "dfGradesElaForTraining = dfGradesElaForTraining.distinct()\r\n",
                    "\r\n",
                    "print((dfGradesElaForTraining.count(), len(dfGradesElaForTraining.columns)))\r\n",
                    "dfGradesElaForTraining.show()"
                ],
                "outputs": [],
                "execution_count": 7
            },
            {
                "cell_type": "code",
                "metadata": {
                    "jupyter": {
                        "source_hidden": false,
                        "outputs_hidden": false
                    },
                    "nteract": {
                        "transient": {
                            "deleting": false
                        }
                    }
                },
                "source": [
                    "dfMath = oea.load('iReady', 'diagnostic_and_instruction_math_ytd_window', oea.stage2p)"
                ],
                "outputs": [],
                "execution_count": 8
            },
            {
                "cell_type": "code",
                "metadata": {
                    "jupyter": {
                        "source_hidden": false,
                        "outputs_hidden": false
                    },
                    "nteract": {
                        "transient": {
                            "deleting": false
                        }
                    }
                },
                "source": [
                    "dfGradesMathForTraining = dfMath.where(F.col('AcademicYear')=='2021-2022')\r\n",
                    "dfGradesMathForTraining = dfGradesMathForTraining.select(\"StudentID_pseudonym\",\"AnnualStretchGrowthMeasure\",\"DiagnosticGain_Note:negativegains__zero_\")\r\n",
                    "dfGradesMathForTraining = dfGradesMathForTraining.withColumn(\"AnnualStretchGrowthMeasure\", dfGradesMathForTraining[\"AnnualStretchGrowthMeasure\"].cast(IntegerType()))\r\n",
                    "dfGradesMathForTraining = dfGradesMathForTraining.na.fill(value=0,subset=['AnnualStretchGrowthMeasure'])\r\n",
                    "dfGradesMathForTraining = dfGradesMathForTraining.withColumn(\"DiagnosticGain_Note:negativegains__zero_\", dfGradesMathForTraining[\"DiagnosticGain_Note:negativegains__zero_\"].cast(IntegerType()))\r\n",
                    "dfGradesMathForTraining = dfGradesMathForTraining.na.fill(value=0,subset=['DiagnosticGain_Note:negativegains__zero_'])\r\n",
                    "dfGradesMathForTraining = dfGradesMathForTraining.withColumnRenamed(\"AnnualStretchGrowthMeasure\",\"MathAnnualStretchGrowthMeasure\")\r\n",
                    "dfGradesMathForTraining = dfGradesMathForTraining.withColumnRenamed(\"DiagnosticGain_Note:negativegains__zero_\",\"MathDiagnosticGain_Perc\")\r\n",
                    "dfGradesMathForTraining = dfGradesMathForTraining.withColumn(\"MathDiagnosticGain_Perc\", (F.col(\"MathDiagnosticGain_Perc\") / F.col(\"MathAnnualStretchGrowthMeasure\")))\\\r\n",
                    "\r\n",
                    "windowDept = Window.partitionBy(\"StudentID_pseudonym\").orderBy(col(\"MathAnnualStretchGrowthMeasure\").desc())\r\n",
                    "dfGradesMathForTraining = dfGradesMathForTraining.withColumn(\"row\",row_number().over(windowDept)) \\\r\n",
                    "  .filter(col(\"row\") == 1).drop(\"row\") \r\n",
                    "dfGradesMathForTraining = dfGradesMathForTraining.distinct()\r\n",
                    "\r\n",
                    "print((dfGradesMathForTraining.count(), len(dfGradesMathForTraining.columns)))\r\n",
                    "dfGradesMathForTraining.show()"
                ],
                "outputs": [],
                "execution_count": 9
            },
            {
                "cell_type": "code",
                "metadata": {
                    "jupyter": {
                        "source_hidden": false,
                        "outputs_hidden": false
                    },
                    "nteract": {
                        "transient": {
                            "deleting": false
                        }
                    }
                },
                "source": [
                    "# save df\r\n",
                    "storage_account = 'saeduanalytics'\r\n",
                    "stage3 = f'abfss://stage3@{storage_account}.dfs.core.windows.net'\r\n",
                    "dfGradesElaForTraining.write.format('parquet').mode('overwrite').save(stage3 + '/chr_absent/ela_grades_table')\r\n",
                    "dfGradesMathForTraining.write.format('parquet').mode('overwrite').save(stage3 + '/chr_absent/math_grades_table')"
                ],
                "outputs": [],
                "execution_count": 10
            },
            {
                "cell_type": "code",
                "metadata": {
                    "jupyter": {
                        "source_hidden": false,
                        "outputs_hidden": false
                    },
                    "nteract": {
                        "transient": {
                            "deleting": false
                        }
                    }
                },
                "source": [
                    ""
                ],
                "outputs": [],
                "execution_count": null
            },
            {
                "cell_type": "code",
                "metadata": {
                    "jupyter": {
                        "source_hidden": false,
                        "outputs_hidden": false
                    },
                    "nteract": {
                        "transient": {
                            "deleting": false
                        }
                    }
                },
                "source": [
                    ""
                ],
                "outputs": [],
                "execution_count": null
            },
            {
                "cell_type": "code",
                "metadata": {
                    "jupyter": {
                        "source_hidden": false,
                        "outputs_hidden": false
                    },
                    "nteract": {
                        "transient": {
                            "deleting": false
                        }
                    }
                },
                "source": [
                    ""
                ],
                "outputs": [],
                "execution_count": null
            },
            {
                "cell_type": "code",
                "metadata": {
                    "jupyter": {
                        "source_hidden": false,
                        "outputs_hidden": false
                    },
                    "nteract": {
                        "transient": {
                            "deleting": false
                        }
                    }
                },
                "source": [
                    ""
                ],
                "outputs": [],
                "execution_count": null
            },
            {
                "cell_type": "code",
                "metadata": {
                    "jupyter": {
                        "source_hidden": false,
                        "outputs_hidden": false
                    },
                    "nteract": {
                        "transient": {
                            "deleting": false
                        }
                    }
                },
                "source": [
                    ""
                ],
                "outputs": [],
                "execution_count": null
            },
            {
                "cell_type": "code",
                "metadata": {
                    "jupyter": {
                        "source_hidden": false,
                        "outputs_hidden": false
                    },
                    "nteract": {
                        "transient": {
                            "deleting": false
                        }
                    }
                },
                "source": [
                    ""
                ],
                "outputs": [],
                "execution_count": null
            },
            {
                "cell_type": "code",
                "metadata": {
                    "jupyter": {
                        "source_hidden": false,
                        "outputs_hidden": false
                    },
                    "nteract": {
                        "transient": {
                            "deleting": false
                        }
                    }
                },
                "source": [
                    ""
                ],
                "outputs": [],
                "execution_count": null
            }
        ]
    }
}