{
    "name": "p1_create_cleveractivity_df",
    "properties": {
        "folder": {
            "name": "Chronic Absenteeistm/ML Pipeline"
        },
        "nbformat": 4,
        "nbformat_minor": 2,
        "bigDataPool": {
            "referenceName": "sparkMed1",
            "type": "BigDataPoolReference"
        },
        "sessionProperties": {
            "driverMemory": "56g",
            "driverCores": 8,
            "executorMemory": "56g",
            "executorCores": 8,
            "numExecutors": 2,
            "conf": {
                "spark.dynamicAllocation.enabled": "false",
                "spark.dynamicAllocation.minExecutors": "2",
                "spark.dynamicAllocation.maxExecutors": "2",
                "spark.autotune.trackingId": "cec19529-9edc-40b2-99cf-09e3195251c2"
            }
        },
        "metadata": {
            "saveOutput": true,
            "enableDebugMode": false,
            "kernelspec": {
                "name": "synapse_pyspark",
                "display_name": "Synapse PySpark"
            },
            "language_info": {
                "name": "python"
            },
            "a365ComputeOptions": {
                "id": "/subscriptions/f16d97ba-b733-4436-9564-554a1452b258/resourceGroups/EduAnalytics/providers/Microsoft.Synapse/workspaces/eduanalyticsfusd2/bigDataPools/sparkMed1",
                "name": "sparkMed1",
                "type": "Spark",
                "endpoint": "https://eduanalyticsfusd2.dev.azuresynapse.net/livyApi/versions/2019-11-01-preview/sparkPools/sparkMed1",
                "auth": {
                    "type": "AAD",
                    "authResource": "https://dev.azuresynapse.net"
                },
                "sparkVersion": "2.4",
                "nodeCount": 10,
                "cores": 8,
                "memory": 56
            },
            "sessionKeepAliveTimeout": 30
        },
        "cells": [
            {
                "cell_type": "markdown",
                "metadata": {
                    "nteract": {
                        "transient": {
                            "deleting": false
                        }
                    }
                },
                "source": [
                    "# Create Activity table\r\n",
                    "- Clever digital activity data"
                ]
            },
            {
                "cell_type": "code",
                "source": [
                    "%run OpenEduAnalytics/OEA_py"
                ],
                "outputs": [],
                "execution_count": 10
            },
            {
                "cell_type": "code",
                "metadata": {
                    "jupyter": {
                        "source_hidden": false,
                        "outputs_hidden": false
                    },
                    "nteract": {
                        "transient": {
                            "deleting": false
                        }
                    }
                },
                "source": [
                    "oea = OEA('saeduanalytics', '319c64c8-b50b-4f7d-be4b-4dc86e85ae84', 'FuSD$14329')"
                ],
                "outputs": [],
                "execution_count": 11
            },
            {
                "cell_type": "code",
                "metadata": {
                    "jupyter": {
                        "source_hidden": false,
                        "outputs_hidden": false
                    },
                    "nteract": {
                        "transient": {
                            "deleting": false
                        }
                    }
                },
                "source": [
                    "import pyspark.sql.functions as F\r\n",
                    "from pyspark.sql.functions import col"
                ],
                "outputs": [],
                "execution_count": 12
            },
            {
                "cell_type": "code",
                "metadata": {
                    "jupyter": {
                        "source_hidden": false,
                        "outputs_hidden": false
                    },
                    "nteract": {
                        "transient": {
                            "deleting": false
                        }
                    }
                },
                "source": [
                    "df = oea.load('Clever', 'daily-participation', oea.stage2p)\r\n",
                    "df = df.where(col('year')==2021)\r\n",
                    "months = (\"8\",  \"12\")\r\n",
                    "dfClever = df.where(col('month').between(*months))\r\n",
                    "\r\n",
                    "dfClever = dfClever.groupBy(\"SIS_ID_pseudonym\").sum(\"NUM_LOGINS\", \"NUM_RESOURCES_ACCESSED\")\r\n",
                    "dfClever.show()"
                ],
                "outputs": [],
                "execution_count": 13
            },
            {
                "cell_type": "code",
                "metadata": {
                    "jupyter": {
                        "source_hidden": false,
                        "outputs_hidden": false
                    },
                    "nteract": {
                        "transient": {
                            "deleting": false
                        }
                    }
                },
                "source": [
                    "dfClever = dfClever.withColumnRenamed(\"sum(NUM_LOGINS)\",\"Clever_NUM_LOGINS\") \\\r\n",
                    "           .withColumnRenamed(\"sum(NUM_RESOURCES_ACCESSED)\",\"Clever_NUM_RESOURCES_ACCESSED\")"
                ],
                "outputs": [],
                "execution_count": 14
            },
            {
                "cell_type": "code",
                "metadata": {
                    "jupyter": {
                        "source_hidden": false,
                        "outputs_hidden": false
                    },
                    "nteract": {
                        "transient": {
                            "deleting": false
                        }
                    }
                },
                "source": [
                    "# save df\r\n",
                    "storage_account = 'saeduanalytics'\r\n",
                    "stage3 = f'abfss://stage3@{storage_account}.dfs.core.windows.net'\r\n",
                    "dfClever.write.format('parquet').mode('overwrite').save(stage3 + '/chr_absent/clever_table')"
                ],
                "outputs": [],
                "execution_count": 15
            }
        ]
    }
}