{
    "name": "p3_log_results_new",
    "properties": {
        "folder": {
            "name": "Chronic Absenteeistm/ML Pipeline"
        },
        "nbformat": 4,
        "nbformat_minor": 2,
        "bigDataPool": {
            "referenceName": "spark2",
            "type": "BigDataPoolReference"
        },
        "sessionProperties": {
            "driverMemory": "28g",
            "driverCores": 4,
            "executorMemory": "28g",
            "executorCores": 4,
            "numExecutors": 2,
            "conf": {
                "spark.dynamicAllocation.enabled": "false",
                "spark.dynamicAllocation.minExecutors": "2",
                "spark.dynamicAllocation.maxExecutors": "2",
                "spark.autotune.trackingId": "2707bf10-9049-4acc-b0e0-073d796ef481"
            }
        },
        "metadata": {
            "saveOutput": true,
            "enableDebugMode": false,
            "kernelspec": {
                "name": "synapse_pyspark",
                "display_name": "Synapse PySpark"
            },
            "language_info": {
                "name": "python"
            },
            "a365ComputeOptions": {
                "id": "/subscriptions/f16d97ba-b733-4436-9564-554a1452b258/resourceGroups/EduAnalytics/providers/Microsoft.Synapse/workspaces/eduanalyticsfusd2/bigDataPools/spark2",
                "name": "spark2",
                "type": "Spark",
                "endpoint": "https://eduanalyticsfusd2.dev.azuresynapse.net/livyApi/versions/2019-11-01-preview/sparkPools/spark2",
                "auth": {
                    "type": "AAD",
                    "authResource": "https://dev.azuresynapse.net"
                },
                "sparkVersion": "2.4",
                "nodeCount": 10,
                "cores": 4,
                "memory": 28
            },
            "sessionKeepAliveTimeout": 30
        },
        "cells": [
            {
                "cell_type": "code",
                "source": [
                    "import azureml.core\r\n",
                    "\r\n",
                    "from azureml.core import Experiment, Workspace, Dataset, Datastore\r\n",
                    "from azureml.train.automl import AutoMLConfig\r\n",
                    "from notebookutils import mssparkutils\r\n",
                    "from azureml.data.dataset_factory import TabularDatasetFactory\r\n",
                    "from datetime import datetime\r\n",
                    "import pandas as pd"
                ],
                "outputs": [],
                "execution_count": 1
            },
            {
                "cell_type": "code",
                "metadata": {
                    "jupyter": {
                        "source_hidden": false,
                        "outputs_hidden": false
                    },
                    "nteract": {
                        "transient": {
                            "deleting": false
                        }
                    },
                    "tags": [
                        "parameters"
                    ]
                },
                "source": [
                    "grds = '46' # 'k3', '712'"
                ],
                "outputs": [],
                "execution_count": 2
            },
            {
                "cell_type": "code",
                "metadata": {
                    "jupyter": {
                        "source_hidden": false,
                        "outputs_hidden": false
                    },
                    "nteract": {
                        "transient": {
                            "deleting": false
                        }
                    }
                },
                "source": [
                    "linkedService_name = \"mlEduAnalyticsFUSD\"\r\n",
                    "experiment_name = \"chronic_absenteeism_automl_\" + grds\r\n",
                    "\r\n",
                    "ws = mssparkutils.azureML.getWorkspace(linkedService_name)\r\n",
                    "experiment = Experiment(ws, experiment_name)"
                ],
                "outputs": [],
                "execution_count": 3
            },
            {
                "cell_type": "code",
                "metadata": {
                    "jupyter": {
                        "source_hidden": false,
                        "outputs_hidden": false
                    },
                    "nteract": {
                        "transient": {
                            "deleting": false
                        }
                    }
                },
                "source": [
                    "import mlflow\r\n",
                    "\r\n",
                    "# Get best model from automl run\r\n",
                    "\r\n",
                    "artifact_path = experiment_name + \"_artifact\"\r\n",
                    "model_name = experiment_name+\"-Best\"\r\n",
                    "\r\n",
                    "mlflow.set_tracking_uri(ws.get_mlflow_tracking_uri())\r\n",
                    "mlflow.set_experiment(experiment_name)"
                ],
                "outputs": [],
                "execution_count": 4
            },
            {
                "cell_type": "code",
                "metadata": {
                    "jupyter": {
                        "source_hidden": false,
                        "outputs_hidden": false
                    },
                    "nteract": {
                        "transient": {
                            "deleting": false
                        }
                    }
                },
                "source": [
                    "from mlflow.tracking import MlflowClient\r\n",
                    "\r\n",
                    "client = MlflowClient()"
                ],
                "outputs": [],
                "execution_count": 5
            },
            {
                "cell_type": "code",
                "metadata": {
                    "jupyter": {
                        "source_hidden": false,
                        "outputs_hidden": false
                    },
                    "nteract": {
                        "transient": {
                            "deleting": false
                        }
                    }
                },
                "source": [
                    "model_version_infos = client.search_model_versions(\"name = '%s'\" % model_name)\r\n",
                    "latest_version = max([model_version_info.version for model_version_info in model_version_infos])"
                ],
                "outputs": [],
                "execution_count": 6
            },
            {
                "cell_type": "code",
                "metadata": {
                    "jupyter": {
                        "source_hidden": false,
                        "outputs_hidden": false
                    },
                    "nteract": {
                        "transient": {
                            "deleting": false
                        }
                    }
                },
                "source": [
                    "model_id = f'{model_name}_{latest_version}'"
                ],
                "outputs": [],
                "execution_count": 7
            },
            {
                "cell_type": "code",
                "metadata": {
                    "jupyter": {
                        "source_hidden": false,
                        "outputs_hidden": false
                    },
                    "nteract": {
                        "transient": {
                            "deleting": false
                        }
                    }
                },
                "source": [
                    "print(model_id)"
                ],
                "outputs": [],
                "execution_count": 8
            },
            {
                "cell_type": "code",
                "metadata": {
                    "jupyter": {
                        "source_hidden": false,
                        "outputs_hidden": false
                    },
                    "nteract": {
                        "transient": {
                            "deleting": false
                        }
                    }
                },
                "source": [
                    "storage_account = 'saeduanalytics'\r\n",
                    "stage3 = f'abfss://stage3@{storage_account}.dfs.core.windows.net' \r\n",
                    "explanation_df = spark.read.parquet(stage3 + '/chr_absent/explanation_table_automl')\r\n",
                    "model_df = spark.read.parquet(stage3 + '/chr_absent/model_table')"
                ],
                "outputs": [],
                "execution_count": 9
            },
            {
                "cell_type": "code",
                "metadata": {
                    "jupyter": {
                        "source_hidden": false,
                        "outputs_hidden": false
                    },
                    "nteract": {
                        "transient": {
                            "deleting": false
                        }
                    }
                },
                "source": [
                    "edf = explanation_df.toPandas()\r\n",
                    "model_df = model_df.toPandas()"
                ],
                "outputs": [],
                "execution_count": 10
            },
            {
                "cell_type": "code",
                "metadata": {
                    "jupyter": {
                        "source_hidden": false,
                        "outputs_hidden": false
                    },
                    "nteract": {
                        "transient": {
                            "deleting": false
                        }
                    }
                },
                "source": [
                    "edf = edf.drop(['string_decision', 'feature_rank_1_name', 'feature_rank_1_score',\r\n",
                    "               'feature_rank_2_name', 'feature_rank_2_score', 'feature_rank_3_name',\r\n",
                    "               'feature_rank_3_score', 'student_id_pseudonym'], axis=1)"
                ],
                "outputs": [],
                "execution_count": 11
            },
            {
                "cell_type": "code",
                "metadata": {
                    "jupyter": {
                        "source_hidden": false,
                        "outputs_hidden": false
                    },
                    "nteract": {
                        "transient": {
                            "deleting": false
                        }
                    }
                },
                "source": [
                    "final_df = pd.concat([model_df, edf], axis=1)"
                ],
                "outputs": [],
                "execution_count": 12
            },
            {
                "cell_type": "code",
                "metadata": {
                    "jupyter": {
                        "source_hidden": false,
                        "outputs_hidden": false
                    },
                    "nteract": {
                        "transient": {
                            "deleting": false
                        }
                    }
                },
                "source": [
                    "final_df[\"Model\"] = model_id"
                ],
                "outputs": [],
                "execution_count": 13
            },
            {
                "cell_type": "code",
                "metadata": {
                    "jupyter": {
                        "source_hidden": false,
                        "outputs_hidden": false
                    },
                    "nteract": {
                        "transient": {
                            "deleting": false
                        }
                    }
                },
                "source": [
                    "final_df"
                ],
                "outputs": [],
                "execution_count": 14
            },
            {
                "cell_type": "code",
                "metadata": {
                    "jupyter": {
                        "source_hidden": false,
                        "outputs_hidden": false
                    },
                    "nteract": {
                        "transient": {
                            "deleting": false
                        }
                    }
                },
                "source": [
                    "from pyspark.sql.types import *\r\n",
                    "\r\n",
                    "# Auxiliar functions\r\n",
                    "def equivalent_type(f):\r\n",
                    "    if f == 'datetime64[ns]': return TimestampType()\r\n",
                    "    elif f == 'int64': return LongType()\r\n",
                    "    elif f == 'int32': return IntegerType()\r\n",
                    "    elif f == 'float32': return Real()\r\n",
                    "    elif f == 'float64': return FloatType()\r\n",
                    "    else: return StringType()\r\n",
                    "\r\n",
                    "def define_structure(string, format_type):\r\n",
                    "    try: typo = equivalent_type(format_type)\r\n",
                    "    except: typo = StringType()\r\n",
                    "    return StructField(string, typo)\r\n",
                    "\r\n",
                    "# Given pandas dataframe, it will return a spark's dataframe.\r\n",
                    "def pandas_to_spark(pandas_df):\r\n",
                    "    columns = list(pandas_df.columns)\r\n",
                    "    types = list(pandas_df.dtypes)\r\n",
                    "    struct_list = []\r\n",
                    "    for column, typo in zip(columns, types): \r\n",
                    "      struct_list.append(define_structure(column, typo))\r\n",
                    "    p_schema = StructType(struct_list)\r\n",
                    "    return sqlContext.createDataFrame(pandas_df, p_schema)\r\n",
                    "\r\n",
                    "# This isn't the smartest way to save the logged results, i.e., we could append directly to the DB rather than recreating it every time\r\n",
                    "def create_spark_db(db_name, source_path, table_folder, table_name):\r\n",
                    "    spark.sql(f'CREATE DATABASE IF NOT EXISTS {db_name}')\r\n",
                    "    spark.sql(f'DROP TABLE IF EXISTS {db_name}.{table_name}')\r\n",
                    "    spark.sql(f\"CREATE TABLE {db_name}.{table_name} using PARQUET location '{source_path}/{table_folder}'\")"
                ],
                "outputs": [],
                "execution_count": 15
            },
            {
                "cell_type": "code",
                "metadata": {
                    "jupyter": {
                        "source_hidden": false,
                        "outputs_hidden": false
                    },
                    "nteract": {
                        "transient": {
                            "deleting": false
                        }
                    }
                },
                "source": [
                    "df = pandas_to_spark(final_df)"
                ],
                "outputs": [],
                "execution_count": 16
            },
            {
                "cell_type": "code",
                "metadata": {
                    "jupyter": {
                        "source_hidden": false,
                        "outputs_hidden": false
                    },
                    "nteract": {
                        "transient": {
                            "deleting": false
                        }
                    }
                },
                "source": [
                    "from pyspark.sql.functions import lit, col\r\n",
                    "\r\n",
                    "log_df = spark.read.parquet(stage3 + \"/chr_absent/model_log\")\r\n",
                    "\r\n",
                    "not_overlapping_columns = [column for column in df.columns if column not in log_df.columns]\r\n",
                    "for column in not_overlapping_columns:\r\n",
                    "    log_df = log_df.withColumn(column, lit(None).cast(StringType()))\r\n",
                    "\r\n",
                    "not_overlapping_columns = [column for column in log_df.columns if column not in df.columns]\r\n",
                    "for column in not_overlapping_columns:\r\n",
                    "    df = df.withColumn(column, lit(None).cast(StringType()))"
                ],
                "outputs": [],
                "execution_count": 25
            },
            {
                "cell_type": "code",
                "metadata": {
                    "jupyter": {
                        "source_hidden": false,
                        "outputs_hidden": false
                    },
                    "nteract": {
                        "transient": {
                            "deleting": false
                        }
                    }
                },
                "source": [
                    "log_df.write.format('parquet').mode('overwrite').save(stage3 + '/chr_absent/model_log_old')\r\n",
                    "log_df = spark.read.parquet(stage3 + \"/chr_absent/model_log_old\")"
                ],
                "outputs": [],
                "execution_count": 26
            },
            {
                "cell_type": "code",
                "metadata": {
                    "jupyter": {
                        "source_hidden": false,
                        "outputs_hidden": true
                    },
                    "nteract": {
                        "transient": {
                            "deleting": false
                        }
                    }
                },
                "source": [
                    "log_df = log_df.union(df)\r\n",
                    "log_df = log_df.drop_duplicates()"
                ],
                "outputs": [],
                "execution_count": 27
            },
            {
                "cell_type": "code",
                "metadata": {
                    "jupyter": {
                        "source_hidden": false,
                        "outputs_hidden": false
                    },
                    "nteract": {
                        "transient": {
                            "deleting": false
                        }
                    }
                },
                "source": [
                    "print(log_df.count())\r\n",
                    "print(df.count())"
                ],
                "outputs": [],
                "execution_count": 28
            },
            {
                "cell_type": "code",
                "metadata": {
                    "jupyter": {
                        "source_hidden": false,
                        "outputs_hidden": false
                    },
                    "nteract": {
                        "transient": {
                            "deleting": false
                        }
                    }
                },
                "source": [
                    "log_df.write.format('parquet').mode('overwrite').save(stage3 + '/chr_absent/model_log')\r\n",
                    "create_spark_db('ds3_chr_absent', stage3 + '/chr_absent', 'model_log', 'model_log')"
                ],
                "outputs": [],
                "execution_count": 29
            },
            {
                "cell_type": "code",
                "metadata": {
                    "jupyter": {
                        "source_hidden": false,
                        "outputs_hidden": false
                    },
                    "nteract": {
                        "transient": {
                            "deleting": false
                        }
                    }
                },
                "source": [
                    ""
                ],
                "outputs": [],
                "execution_count": null
            }
        ]
    }
}