{
    "name": "p3_run_automl_model",
    "properties": {
        "folder": {
            "name": "Chronic Absenteeistm/ML Pipeline"
        },
        "nbformat": 4,
        "nbformat_minor": 2,
        "bigDataPool": {
            "referenceName": "spark3",
            "type": "BigDataPoolReference"
        },
        "sessionProperties": {
            "driverMemory": "28g",
            "driverCores": 4,
            "executorMemory": "28g",
            "executorCores": 4,
            "numExecutors": 2,
            "conf": {
                "spark.dynamicAllocation.enabled": "false",
                "spark.dynamicAllocation.minExecutors": "2",
                "spark.dynamicAllocation.maxExecutors": "2",
                "spark.autotune.trackingId": "88d6d26c-3f29-4bdd-812e-5cc72064b5e3"
            }
        },
        "metadata": {
            "saveOutput": true,
            "enableDebugMode": false,
            "kernelspec": {
                "name": "synapse_pyspark",
                "display_name": "Synapse PySpark"
            },
            "language_info": {
                "name": "python"
            },
            "a365ComputeOptions": {
                "id": "/subscriptions/f16d97ba-b733-4436-9564-554a1452b258/resourceGroups/EduAnalytics/providers/Microsoft.Synapse/workspaces/eduanalyticsfusd2/bigDataPools/spark3",
                "name": "spark3",
                "type": "Spark",
                "endpoint": "https://eduanalyticsfusd2.dev.azuresynapse.net/livyApi/versions/2019-11-01-preview/sparkPools/spark3",
                "auth": {
                    "type": "AAD",
                    "authResource": "https://dev.azuresynapse.net"
                },
                "sparkVersion": "2.4",
                "nodeCount": 10,
                "cores": 4,
                "memory": 28
            },
            "sessionKeepAliveTimeout": 30
        },
        "cells": [
            {
                "cell_type": "code",
                "source": [
                    "import azureml.core\n",
                    "\n",
                    "from azureml.core import Experiment, Workspace, Dataset, Datastore\n",
                    "from azureml.train.automl import AutoMLConfig\n",
                    "from notebookutils import mssparkutils\n",
                    "from azureml.data.dataset_factory import TabularDatasetFactory"
                ],
                "outputs": [],
                "execution_count": 28
            },
            {
                "cell_type": "code",
                "metadata": {
                    "jupyter": {
                        "source_hidden": false,
                        "outputs_hidden": false
                    },
                    "nteract": {
                        "transient": {
                            "deleting": false
                        }
                    },
                    "tags": [
                        "parameters"
                    ]
                },
                "source": [
                    "grds = '46' # 'k3', '712'"
                ],
                "outputs": [],
                "execution_count": 29
            },
            {
                "cell_type": "code",
                "source": [
                    "linkedService_name = \"mlEduAnalyticsFUSD\"\n",
                    "experiment_name = \"chronic_absenteeism_automl_\" + grds\n",
                    "\n",
                    "ws = mssparkutils.azureML.getWorkspace(linkedService_name)\n",
                    "experiment = Experiment(ws, experiment_name)"
                ],
                "outputs": [],
                "execution_count": 30
            },
            {
                "cell_type": "code",
                "source": [
                    "import mlflow\n",
                    "\n",
                    "# Get best model from automl run\n",
                    "\n",
                    "artifact_path = experiment_name + \"_artifact\"\n",
                    "model_name = experiment_name+\"-Best\"\n",
                    "\n",
                    "mlflow.set_tracking_uri(ws.get_mlflow_tracking_uri())\n",
                    "mlflow.set_experiment(experiment_name)"
                ],
                "outputs": [],
                "execution_count": 31
            },
            {
                "cell_type": "code",
                "metadata": {
                    "jupyter": {
                        "source_hidden": false,
                        "outputs_hidden": false
                    },
                    "nteract": {
                        "transient": {
                            "deleting": false
                        }
                    }
                },
                "source": [
                    "print(model_name)"
                ],
                "outputs": [],
                "execution_count": 32
            },
            {
                "cell_type": "code",
                "source": [
                    "from mlflow.tracking import MlflowClient\n",
                    "\n",
                    "client = MlflowClient()"
                ],
                "outputs": [],
                "execution_count": 33
            },
            {
                "cell_type": "code",
                "metadata": {
                    "jupyter": {
                        "source_hidden": false,
                        "outputs_hidden": false
                    },
                    "nteract": {
                        "transient": {
                            "deleting": false
                        }
                    }
                },
                "source": [
                    "model_version_infos = client.search_model_versions(\"name = '%s'\" % model_name)\r\n",
                    "latest_version = max([model_version_info.version for model_version_info in model_version_infos])"
                ],
                "outputs": [],
                "execution_count": 34
            },
            {
                "cell_type": "code",
                "source": [
                    "model = mlflow.pyfunc.load_model(\r\n",
                    "    model_uri=f\"models:/{model_name}/{latest_version}\"\r\n",
                    ")"
                ],
                "outputs": [],
                "execution_count": 35
            },
            {
                "cell_type": "code",
                "metadata": {
                    "jupyter": {
                        "source_hidden": false,
                        "outputs_hidden": false
                    },
                    "nteract": {
                        "transient": {
                            "deleting": false
                        }
                    }
                },
                "source": [
                    "temp_model = mlflow.sklearn.load_model(f'models:/{model_name}/{latest_version}')"
                ],
                "outputs": [],
                "execution_count": 36
            },
            {
                "cell_type": "code",
                "metadata": {
                    "jupyter": {
                        "source_hidden": false,
                        "outputs_hidden": false
                    },
                    "nteract": {
                        "transient": {
                            "deleting": false
                        }
                    }
                },
                "source": [
                    ""
                ],
                "outputs": [],
                "execution_count": null
            },
            {
                "cell_type": "code",
                "source": [
                    "# Load Dataset\r\n",
                    "dataset = Dataset.get_by_name(ws, name='chr_abs_automl_table'+grds)"
                ],
                "outputs": [],
                "execution_count": 37
            },
            {
                "cell_type": "code",
                "source": [
                    "y = dataset.keep_columns([\"Labels\"])"
                ],
                "outputs": [],
                "execution_count": 38
            },
            {
                "cell_type": "code",
                "metadata": {
                    "jupyter": {
                        "source_hidden": false,
                        "outputs_hidden": false
                    },
                    "nteract": {
                        "transient": {
                            "deleting": false
                        }
                    }
                },
                "source": [
                    "X = dataset.drop_columns([\"Labels\"])"
                ],
                "outputs": [],
                "execution_count": 39
            },
            {
                "cell_type": "code",
                "metadata": {
                    "jupyter": {
                        "source_hidden": false,
                        "outputs_hidden": false
                    },
                    "nteract": {
                        "transient": {
                            "deleting": false
                        }
                    }
                },
                "source": [
                    "from azureml.train.automl.runtime.automl_explain_utilities import AutoMLExplainerSetupClass, automl_setup_model_explanations\r\n",
                    "\r\n",
                    "automl_explainer_setup_obj = automl_setup_model_explanations(temp_model, X=X, \r\n",
                    "                                                             X_test=X, y=y, \r\n",
                    "                                                             task='classification',\r\n",
                    "                                                             downsample=False)"
                ],
                "outputs": [],
                "execution_count": 40
            },
            {
                "cell_type": "code",
                "metadata": {
                    "jupyter": {
                        "source_hidden": false,
                        "outputs_hidden": false
                    },
                    "nteract": {
                        "transient": {
                            "deleting": false
                        }
                    }
                },
                "source": [
                    "from interpret.ext.glassbox import LGBMExplainableModel\r\n",
                    "from azureml.interpret.mimic_wrapper import MimicWrapper\r\n",
                    "\r\n",
                    "best_run = None\r\n",
                    "\r\n",
                    "explainer = MimicWrapper(ws, automl_explainer_setup_obj.automl_estimator, LGBMExplainableModel,\r\n",
                    "                         init_dataset=automl_explainer_setup_obj.X_transform, run=best_run,\r\n",
                    "                         features=automl_explainer_setup_obj.engineered_feature_names,\r\n",
                    "                         feature_maps=[automl_explainer_setup_obj.feature_map],\r\n",
                    "                         classes=automl_explainer_setup_obj.classes)"
                ],
                "outputs": [],
                "execution_count": 41
            },
            {
                "cell_type": "code",
                "metadata": {
                    "jupyter": {
                        "source_hidden": false,
                        "outputs_hidden": false
                    },
                    "nteract": {
                        "transient": {
                            "deleting": false
                        }
                    }
                },
                "source": [
                    "raw_explanations = explainer.explain(['local'], get_raw=True,\r\n",
                    "                                     raw_feature_names=automl_explainer_setup_obj.raw_feature_names,\r\n",
                    "                                     eval_dataset=automl_explainer_setup_obj.X_transform)"
                ],
                "outputs": [],
                "execution_count": 42
            },
            {
                "cell_type": "code",
                "metadata": {
                    "jupyter": {
                        "source_hidden": false,
                        "outputs_hidden": false
                    },
                    "nteract": {
                        "transient": {
                            "deleting": false
                        }
                    }
                },
                "source": [
                    "# we want the scores associated with chronic absenteeism\r\n",
                    "scores = raw_explanations.data(key=1)['scores'][0]"
                ],
                "outputs": [],
                "execution_count": 43
            },
            {
                "cell_type": "code",
                "metadata": {
                    "jupyter": {
                        "source_hidden": false,
                        "outputs_hidden": false
                    },
                    "nteract": {
                        "transient": {
                            "deleting": false
                        }
                    }
                },
                "source": [
                    "model_predictions = automl_explainer_setup_obj.automl_estimator.predict_proba(automl_explainer_setup_obj.X_transform)"
                ],
                "outputs": [],
                "execution_count": 44
            },
            {
                "cell_type": "code",
                "metadata": {
                    "jupyter": {
                        "source_hidden": false,
                        "outputs_hidden": false
                    },
                    "nteract": {
                        "transient": {
                            "deleting": false
                        }
                    }
                },
                "source": [
                    "nlabels = y.to_pandas_dataframe().to_numpy().reshape(-1)\r\n",
                    "score_dict_list = []\r\n",
                    "for score_list, prediction, label in zip(scores, model_predictions, nlabels):\r\n",
                    "    score_dict = {}\r\n",
                    "    for score, name in zip(score_list, automl_explainer_setup_obj.raw_feature_names):\r\n",
                    "        score_dict[name + \"_interpret_val\"] = score    \r\n",
                    "    score_dict['true_class'] = label\r\n",
                    "    pre_class = prediction.argmax()\r\n",
                    "    score_dict['predicted_class'] = pre_class\r\n",
                    "    score_dict['predicted_score'] = prediction[pre_class]\r\n",
                    "    if score_dict['predicted_class'] == 0:\r\n",
                    "        score_dict['absentee_probability'] = 1-score_dict['predicted_score']\r\n",
                    "    else:\r\n",
                    "        score_dict['absentee_probability'] = score_dict['predicted_score']\r\n",
                    "    \r\n",
                    "    score_dict_list.append(score_dict)"
                ],
                "outputs": [],
                "execution_count": 45
            },
            {
                "cell_type": "code",
                "metadata": {
                    "jupyter": {
                        "source_hidden": false,
                        "outputs_hidden": false
                    },
                    "nteract": {
                        "transient": {
                            "deleting": false
                        }
                    }
                },
                "source": [
                    "import numpy as np\r\n",
                    "print(\"Model Accuracy\", np.mean(model_predictions.argmax(axis=1)==nlabels))"
                ],
                "outputs": [],
                "execution_count": 46
            },
            {
                "cell_type": "code",
                "metadata": {
                    "jupyter": {
                        "source_hidden": false,
                        "outputs_hidden": false
                    },
                    "nteract": {
                        "transient": {
                            "deleting": false
                        }
                    }
                },
                "source": [
                    "import pandas as pd\r\n",
                    "explainable_df = pd.DataFrame(score_dict_list)"
                ],
                "outputs": [],
                "execution_count": 47
            },
            {
                "cell_type": "code",
                "metadata": {
                    "jupyter": {
                        "source_hidden": false,
                        "outputs_hidden": false
                    },
                    "nteract": {
                        "transient": {
                            "deleting": false
                        }
                    }
                },
                "source": [
                    "def generate_strings(df):\r\n",
                    "    # String format: \"Top 3 features used in the prediction: 1) {} ({}), 2) {} ({}). 3) {}, ({})\r\n",
                    "    interpret_vals = [col for col in df.columns if \"_interpret_val\" in col]\r\n",
                    "    df_numpy = df[interpret_vals].to_numpy()\r\n",
                    "    strings = []\r\n",
                    "    f1s, f2s, f3s = [], [], []\r\n",
                    "    f1scores, f2scores, f3scores = [], [], []\r\n",
                    "    fnames = [feature[:-14] for feature in interpret_vals]\r\n",
                    "\r\n",
                    "    for i in range(len(df_numpy)):\r\n",
                    "        features = df_numpy[i]\r\n",
                    "        z = list(zip(features, fnames))\r\n",
                    "        z.sort(key=(lambda x: abs(x[0])), reverse=True)\r\n",
                    "        features, names = list(zip(*z))\r\n",
                    "\r\n",
                    "\r\n",
                    "        feature1 = names[0]\r\n",
                    "        f1s.append(feature1)\r\n",
                    "        feature1_score = features[0]\r\n",
                    "        f1scores.append(feature1_score)\r\n",
                    "        \r\n",
                    "        feature2 = names[1]\r\n",
                    "        f2s.append(feature2)\r\n",
                    "        feature2_score = features[1]\r\n",
                    "        f2scores.append(feature2_score)\r\n",
                    "        \r\n",
                    "        feature3 = names[2]\r\n",
                    "        f3s.append(feature3)\r\n",
                    "        feature3_score = features[2]\r\n",
                    "        f3scores.append(feature3_score)\r\n",
                    "        \r\n",
                    "        string = f\"Top 3 features used in the prediction: 1) {feature1} ({round(feature1_score, 3)}), 2) {feature2} ({round(feature2_score, 3)}), and 3) {feature3}, ({round(feature3_score, 3)})\"\r\n",
                    "        strings.append(string)\r\n",
                    "\r\n",
                    "    return strings, f1s, f2s, f3s, f1scores, f2scores, f3scores"
                ],
                "outputs": [],
                "execution_count": 48
            },
            {
                "cell_type": "code",
                "metadata": {
                    "jupyter": {
                        "source_hidden": false,
                        "outputs_hidden": false
                    },
                    "nteract": {
                        "transient": {
                            "deleting": false
                        }
                    }
                },
                "source": [
                    "output_strings, f1s, f2s, f3s, f1scores, f2scores, f3scores = generate_strings(explainable_df)\r\n",
                    "explainable_df[\"string_decision\"] = output_strings\r\n",
                    "explainable_df[\"feature_rank_1_name\"] = f1s\r\n",
                    "explainable_df[\"feature_rank_1_score\"] = f1scores\r\n",
                    "explainable_df[\"feature_rank_2_name\"] = f2s\r\n",
                    "explainable_df[\"feature_rank_2_score\"] = f2scores\r\n",
                    "explainable_df[\"feature_rank_3_name\"] = f3s\r\n",
                    "explainable_df[\"feature_rank_3_score\"] = f3scores"
                ],
                "outputs": [],
                "execution_count": 49
            },
            {
                "cell_type": "code",
                "metadata": {
                    "jupyter": {
                        "source_hidden": false,
                        "outputs_hidden": false
                    },
                    "nteract": {
                        "transient": {
                            "deleting": false
                        }
                    }
                },
                "source": [
                    "# add student pseudonym for ease of use...\r\n",
                    "storage_account = 'saeduanalytics'\r\n",
                    "stage3 = f'abfss://stage3@{storage_account}.dfs.core.windows.net'\r\n",
                    "df = spark.read.parquet(stage3 + '/chr_absent/model_table_new2')\r\n",
                    "\r\n",
                    "pandas_df = df.toPandas()\r\n",
                    "\r\n",
                    "explainable_df['student_id_pseudonym'] = pandas_df['student_id_pseudonym']"
                ],
                "outputs": [],
                "execution_count": 50
            },
            {
                "cell_type": "code",
                "metadata": {
                    "jupyter": {
                        "source_hidden": false,
                        "outputs_hidden": false
                    },
                    "nteract": {
                        "transient": {
                            "deleting": false
                        }
                    }
                },
                "source": [
                    "from pyspark.sql.types import *\r\n",
                    "\r\n",
                    "# Auxiliar functions\r\n",
                    "def equivalent_type(f):\r\n",
                    "    if f == 'datetime64[ns]': return TimestampType()\r\n",
                    "    elif f == 'int64': return LongType()\r\n",
                    "    elif f == 'int32': return IntegerType()\r\n",
                    "    elif f == 'float64': return FloatType()\r\n",
                    "    else: return StringType()\r\n",
                    "\r\n",
                    "def define_structure(string, format_type):\r\n",
                    "    try: typo = equivalent_type(format_type)\r\n",
                    "    except: typo = StringType()\r\n",
                    "    return StructField(string, typo)\r\n",
                    "\r\n",
                    "# Given pandas dataframe, it will return a spark's dataframe.\r\n",
                    "def pandas_to_spark(pandas_df):\r\n",
                    "    columns = list(pandas_df.columns)\r\n",
                    "    types = list(pandas_df.dtypes)\r\n",
                    "    struct_list = []\r\n",
                    "    for column, typo in zip(columns, types): \r\n",
                    "      struct_list.append(define_structure(column, typo))\r\n",
                    "    p_schema = StructType(struct_list)\r\n",
                    "    return sqlContext.createDataFrame(pandas_df, p_schema)\r\n",
                    "\r\n",
                    "spark_explainable_df = pandas_to_spark(explainable_df)"
                ],
                "outputs": [],
                "execution_count": 51
            },
            {
                "cell_type": "code",
                "metadata": {
                    "jupyter": {
                        "source_hidden": false,
                        "outputs_hidden": false
                    },
                    "nteract": {
                        "transient": {
                            "deleting": false
                        }
                    }
                },
                "source": [
                    "storage_account = 'saeduanalytics'\r\n",
                    "stage3 = f'abfss://stage3@{storage_account}.dfs.core.windows.net' \r\n",
                    "spark_explainable_df.write.format('parquet').mode('overwrite').save(stage3 + '/chr_absent/explanation_table_automl'+grds)"
                ],
                "outputs": [],
                "execution_count": 52
            },
            {
                "cell_type": "code",
                "metadata": {
                    "jupyter": {
                        "source_hidden": false,
                        "outputs_hidden": false
                    },
                    "nteract": {
                        "transient": {
                            "deleting": false
                        }
                    }
                },
                "source": [
                    ""
                ],
                "outputs": [],
                "execution_count": null
            },
            {
                "cell_type": "code",
                "metadata": {
                    "jupyter": {
                        "source_hidden": false,
                        "outputs_hidden": false
                    },
                    "nteract": {
                        "transient": {
                            "deleting": false
                        }
                    }
                },
                "source": [
                    ""
                ],
                "outputs": [],
                "execution_count": null
            },
            {
                "cell_type": "code",
                "metadata": {
                    "jupyter": {
                        "source_hidden": false,
                        "outputs_hidden": false
                    },
                    "nteract": {
                        "transient": {
                            "deleting": false
                        }
                    }
                },
                "source": [
                    ""
                ],
                "outputs": [],
                "execution_count": null
            }
        ]
    }
}