{"$schema":"http://schema.management.azure.com/schemas/2015-01-01/deploymentTemplate.json#","contentVersion":"1.0.0.0","parameters":{"workspaceName":{"type":"string","metadata":"Workspace name","defaultValue":"syn-oea-hybriddev2"},"LS_SQL_Serverless_OEA":{"type":"string"},"LS_ADLS_OEA":{"type":"string"}},"variables":{"workspaceId":"[concat('Microsoft.Synapse/workspaces/', parameters('workspaceName'))]"},"resources":[{"name":"[concat(parameters('workspaceName'), '/reading_progress_main_pipeline')]","type":"Microsoft.Synapse/workspaces/pipelines","apiVersion":"2019-06-01-preview","properties":{"activities":[{"name":"Reading Progress Notebook","description":"Processes Reading Progress data.","type":"SynapseNotebook","dependsOn":[],"policy":{"timeout":"0.12:00:00","retry":0,"retryIntervalInSeconds":30,"secureOutput":false,"secureInput":false},"userProperties":[],"typeProperties":{"notebook":{"referenceName":"Reading Progress Notebook","type":"NotebookReference"},"snapshot":true,"sparkPool":{"referenceName":"spark3p1sm","type":"BigDataPoolReference"},"executorSize":null,"conf":{},"driverSize":null}},{"name":"Serve to SQL db","type":"ExecutePipeline","dependsOn":[{"activity":"Reading Progress Notebook","dependencyConditions":["Succeeded"]}],"userProperties":[],"typeProperties":{"pipeline":{"referenceName":"create_reading_prog_sql_db","type":"PipelineReference"},"waitOnCompletion":true,"parameters":{"stage":"2"}}}],"policy":{"elapsedTimeMetric":{},"cancelAfter":{}},"parameters":{"storageAccount":{"type":"string","defaultValue":"stoeahybriddev2"},"sourceDirectory":{"type":"string","defaultValue":"reading_progress"}},"folder":{"name":"Reading Progress Module"},"annotations":[],"lastPublishTime":"2022-11-10T07:43:20Z"},"dependsOn":["[concat(variables('workspaceId'), '/notebooks/Reading Progress Notebook')]","[concat(variables('workspaceId'), '/bigDataPools/spark3p1sm')]","[concat(variables('workspaceId'), '/pipelines/create_reading_prog_sql_db')]"]},{"name":"[concat(parameters('workspaceName'), '/Reading Progress Notebook')]","type":"Microsoft.Synapse/workspaces/notebooks","apiVersion":"2019-06-01-preview","properties":{"folder":{"name":"Reading Progress Module"},"nbformat":4,"nbformat_minor":2,"bigDataPool":{"referenceName":"spark3p1sm","type":"BigDataPoolReference"},"sessionProperties":{"driverMemory":"28g","driverCores":4,"executorMemory":"28g","executorCores":4,"numExecutors":2,"runAsWorkspaceSystemIdentity":false,"conf":{"spark.dynamicAllocation.enabled":"false","spark.dynamicAllocation.minExecutors":"2","spark.dynamicAllocation.maxExecutors":"2","spark.autotune.trackingId":"4652ab8a-6024-4d60-bc99-829833431cb9"}},"metadata":{"saveOutput":true,"synapse_widget":{"version":"0.1","state":{"32974c31-246a-484c-b306-bab8001953ac":{"type":"Synapse.DataFrame","sync_state":{"table":{"rows":[{"0":"c7a6a548514696f2cabebd3d38534b8361c8716633295a4c8e71d98199ef2e71","1":"e919d1612b18c5f6505e04e8843fe9774198c0de4c84c0ef17c033b45cfe35fd","2":"*","3":"*","4":"*","5":"Student","6":"9","7":"ab2a9665-ce87-4120-a8b5-edd392875e42","8":"Mitchell High"},{"0":"6bc9a18a3dcff4010d78e8707fbfccebd6ea80ca7c7d8abcf47c194ff36ca9a1","1":"5931763df30af35c6b83421ac630b8b647cf5d5405f8b65b7e49a4b9300e0ea1","2":"*","3":"*","4":"*","5":"Student","6":"11","7":"ab2a9665-ce87-4120-a8b5-edd392875e42","8":"Mitchell High"},{"0":"f9aa4222728f10dc0bfb02296a6850123722bd8f3da62dd09019499b7f440a71","1":"bbee57a9314742a12e4490f868f7484e6ae24a4c07c998b681fdde2938d84a09","2":"*","3":"*","4":"*","5":"Student","6":"10","7":"ab2a9665-ce87-4120-a8b5-edd392875e42","8":"Mitchell High"},{"0":"741fd0392de15ce5de201e071c6611ed64c1f01a81f9043ec40f03cf6d71be52","1":"2efbbf9e4cae48d02d440582f196b91c2b76bf24d58387d76ce5c453fe088fa8","2":"*","3":"*","4":"*","5":"Student","6":"11","7":"ab2a9665-ce87-4120-a8b5-edd392875e42","8":"Mitchell High"},{"0":"899e96422ff81809b165d9e19296d581f67ae2965e7146cf1f1d5ab9908f5838","1":"62198b3154089acf0d1464dacbf7d35ee5f62822a27c066bfc26faa85cef7ee8","2":"*","3":"*","4":"*","5":"Student","6":"11","7":"ab2a9665-ce87-4120-a8b5-edd392875e42","8":"Mitchell High"}],"schema":[{"key":"0","name":"StudentId_internal_pseudonym","type":"string"},{"key":"1","name":"StudentId_external_pseudonym","type":"string"},{"key":"2","name":"Surname","type":"string"},{"key":"3","name":"GivenName","type":"string"},{"key":"4","name":"MiddleName","type":"string"},{"key":"5","name":"PersonRole","type":"string"},{"key":"6","name":"StudentGrade","type":"string"},{"key":"7","name":"OrganizationId","type":"string"},{"key":"8","name":"OrganizationName","type":"string"}],"truncated":false},"isSummary":false,"language":"scala"},"persist_state":{"view":{"type":"details","tableOptions":{},"chartOptions":{"chartType":"bar","aggregationType":"count","categoryFieldKeys":["0"],"seriesFieldKeys":["0"],"isStacked":false}}}},"37e04d0c-e95f-4125-acc1-ffc264c1f618":{"type":"Synapse.DataFrame","sync_state":{"table":{"rows":[{"0":"7604eacf22fefc264c3e1f0f403810f19b24dc434abdcfd0bce950517607f42d","1":"ReadingSubmission","2":"2022-01-15 00:00:00","3":"ReadingProgress","4":"Attempt","5":"48","6":"95","7":"6","8":"57","9":"21","10":"17","11":"0","12":"63"},{"0":"1cf1a405ec7188616f9f54f373254562a0e6268f74aafb30b4162e9a2a5b5dfb","1":"ReadingSubmission","2":"2022-01-16 00:00:00","3":"ReadingProgress","4":"Attempt","5":"102","6":"78","7":"2","8":"48","9":"22","10":"1","11":"1","12":"265"},{"0":"332d44a381ad70ccc6cda544e2f06e59e262567979020d6dbb2c592c334783a7","1":"ReadingSubmission","2":"2022-01-17 00:00:00","3":"ReadingProgress","4":"Attempt","5":"63","6":"65","7":"0","8":"71","9":"18","10":"4","11":"2","12":"63"},{"0":"95add9b0bfe58cd5bf833a7e60f39197c335fff83974f2fc84e6d309f7b13280","1":"ReadingSubmission","2":"2022-01-20 00:00:00","3":"ReadingProgress","4":"Attempt","5":"61","6":"99","7":"4","8":"30","9":"4","10":"31","11":"3","12":"378"},{"0":"91392159e15bfce7e92efe775ac6670fd653874889f12bc01c12c820720aacf1","1":"ReadingSubmission","2":"2022-01-21 00:00:00","3":"ReadingProgress","4":"Visited","5":"53","6":"80","7":"4","8":"17","9":"3","10":"31","11":"3","12":"362"}],"schema":[{"key":"0","name":"ActorId_pseudonym","type":"string"},{"key":"1","name":"SignalType","type":"string"},{"key":"2","name":"StartTime","type":"timestamp"},{"key":"3","name":"AppName","type":"string"},{"key":"4","name":"Action","type":"string"},{"key":"5","name":"ReadingSubmissionWordsPerMinute","type":"int"},{"key":"6","name":"ReadingSubmissionAccuracyScore","type":"int"},{"key":"7","name":"ReadingSubmissionRepetitionsCount","type":"int"},{"key":"8","name":"ReadingSubmissionInsertionsCount","type":"int"},{"key":"9","name":"ReadingSubmissionMispronunciationCount","type":"int"},{"key":"10","name":"ReadingSubmissionObmissionCount","type":"int"},{"key":"11","name":"ReadingSubmissionAttemptNumber","type":"int"},{"key":"12","name":"ReadingAssignmentWordCount","type":"int"},{"key":"13","name":"ReadingAssignmentFleschKincaidGradeLevel","type":"string"},{"key":"14","name":"ReadingAssignmentLanguage","type":"string"}],"truncated":false},"isSummary":false,"language":"scala"},"persist_state":{"view":{"type":"details","tableOptions":{},"chartOptions":{"chartType":"bar","aggregationType":"sum","categoryFieldKeys":["0"],"seriesFieldKeys":["5"],"isStacked":false}}}},"c5d08973-19fb-4adf-b6b7-01b8ba862225":{"type":"Synapse.DataFrame","sync_state":{"table":{"rows":[{"0":"7604eacf22fefc264c3e1f0f403810f19b24dc434abdcfd0bce950517607f42d","1":"ReadingSubmission","2":"2022-01-15 00:00:00","3":"ReadingProgress","4":"Attempt","5":"48","6":"95","7":"6","8":"57","9":"21","10":"17","11":"0","12":"63","15":"9.523809523809524","16":"33.33333333333333","17":"90.47619047619048","18":"26.984126984126984"},{"0":"1cf1a405ec7188616f9f54f373254562a0e6268f74aafb30b4162e9a2a5b5dfb","1":"ReadingSubmission","2":"2022-01-16 00:00:00","3":"ReadingProgress","4":"Attempt","5":"102","6":"78","7":"2","8":"48","9":"22","10":"1","11":"1","12":"265","15":"0.7547169811320755","16":"8.30188679245283","17":"18.11320754716981","18":"0.37735849056603776"},{"0":"332d44a381ad70ccc6cda544e2f06e59e262567979020d6dbb2c592c334783a7","1":"ReadingSubmission","2":"2022-01-17 00:00:00","3":"ReadingProgress","4":"Attempt","5":"63","6":"65","7":"0","8":"71","9":"18","10":"4","11":"2","12":"63","15":"0.0","16":"28.57142857142857","17":"112.6984126984127","18":"6.349206349206349"},{"0":"95add9b0bfe58cd5bf833a7e60f39197c335fff83974f2fc84e6d309f7b13280","1":"ReadingSubmission","2":"2022-01-20 00:00:00","3":"ReadingProgress","4":"Attempt","5":"61","6":"99","7":"4","8":"30","9":"4","10":"31","11":"3","12":"378","15":"1.0582010582010581","16":"1.0582010582010581","17":"7.936507936507936","18":"8.201058201058201"},{"0":"91392159e15bfce7e92efe775ac6670fd653874889f12bc01c12c820720aacf1","1":"ReadingSubmission","2":"2022-01-21 00:00:00","3":"ReadingProgress","4":"Visited","5":"53","6":"80","7":"4","8":"17","9":"3","10":"31","11":"3","12":"362","15":"1.1049723756906076","16":"0.8287292817679558","17":"4.696132596685083","18":"8.56353591160221"}],"schema":[{"key":"0","name":"ActorId_pseudonym","type":"string"},{"key":"1","name":"SignalType","type":"string"},{"key":"2","name":"StartTime","type":"timestamp"},{"key":"3","name":"AppName","type":"string"},{"key":"4","name":"Action","type":"string"},{"key":"5","name":"ReadingSubmissionWordsPerMinute","type":"int"},{"key":"6","name":"ReadingSubmissionAccuracyScore","type":"int"},{"key":"7","name":"ReadingSubmissionRepetitionsCount","type":"int"},{"key":"8","name":"ReadingSubmissionInsertionsCount","type":"int"},{"key":"9","name":"ReadingSubmissionMispronunciationCount","type":"int"},{"key":"10","name":"ReadingSubmissionObmissionCount","type":"int"},{"key":"11","name":"ReadingSubmissionAttemptNumber","type":"int"},{"key":"12","name":"ReadingAssignmentWordCount","type":"int"},{"key":"13","name":"ReadingAssignmentFleschKincaidGradeLevel","type":"string"},{"key":"14","name":"ReadingAssignmentLanguage","type":"string"},{"key":"15","name":"ReadingSubmissionRepetitionsRate","type":"double"},{"key":"16","name":"ReadingSubmissionMispronunciationRate","type":"double"},{"key":"17","name":"ReadingSubmissionInsertionsRate","type":"double"},{"key":"18","name":"ReadingSubmissionObmissionRate","type":"double"}],"truncated":false},"isSummary":false,"language":"scala"},"persist_state":{"view":{"type":"details","tableOptions":{},"chartOptions":{"chartType":"bar","aggregationType":"sum","categoryFieldKeys":["0"],"seriesFieldKeys":["5"],"isStacked":false}}}}}},"enableDebugMode":false,"kernelspec":{"name":"synapse_pyspark","display_name":"Synapse PySpark"},"language_info":{"name":"python"},"a365ComputeOptions":{"id":"/subscriptions/7b9a4896-4541-483f-bdc7-d8f4ec6be3ee/resourceGroups/rg-oea-hybriddev2/providers/Microsoft.Synapse/workspaces/syn-oea-hybriddev2/bigDataPools/spark3p1sm","name":"spark3p1sm","type":"Spark","endpoint":"https://syn-oea-hybriddev2.dev.azuresynapse.net/livyApi/versions/2019-11-01-preview/sparkPools/spark3p1sm","auth":{"type":"AAD","authResource":"https://dev.azuresynapse.net"},"sparkVersion":"3.1","nodeCount":3,"cores":4,"memory":28,"automaticScaleJobs":false},"sessionKeepAliveTimeout":30},"cells":[{"cell_type":"markdown","metadata":{"nteract":{"transient":{"deleting":false}}},"source":["# Reading Progress Module Notebook"]},{"cell_type":"code","metadata":{"jupyter":{"source_hidden":false,"outputs_hidden":false},"nteract":{"transient":{"deleting":false}}},"source":["%run /OEA_py"],"outputs":[{"output_type":"display_data","data":{"application/vnd.livy.statement-meta+json":{"spark_pool":null,"session_id":"83","statement_id":-1,"state":"finished","livy_statement_state":"available","queued_time":"2022-12-20T18:43:34.5337875Z","session_start_time":null,"execution_start_time":"2022-12-20T18:43:35.0926826Z","execution_finish_time":"2022-12-20T18:43:35.0930707Z","spark_jobs":null},"text/plain":"StatementMeta(, 83, -1, Finished, Available)"},"metadata":{}},{"name":"stdout","output_type":"stream","text":"2022-12-20 18:43:34,835 - OEA - DEBUG - OEA initialized.\n2022-12-20 18:43:34,835 - OEA - DEBUG - OEA initialized.\nOEA initialized.\n"}],"execution_count":2},{"cell_type":"code","metadata":{"jupyter":{"source_hidden":false,"outputs_hidden":false},"nteract":{"transient":{"deleting":false}}},"source":["# 0) Initialize the OEA framework.\r\n","oea = OEA()"],"outputs":[{"output_type":"display_data","data":{"application/vnd.livy.statement-meta+json":{"spark_pool":"spark3p1sm","session_id":"83","statement_id":3,"state":"finished","livy_statement_state":"available","queued_time":"2022-12-20T18:43:34.607856Z","session_start_time":null,"execution_start_time":"2022-12-20T18:43:35.2400504Z","execution_finish_time":"2022-12-20T18:43:35.4035642Z","spark_jobs":null},"text/plain":"StatementMeta(spark3p1sm, 83, 3, Finished, Available)"},"metadata":{}},{"name":"stdout","output_type":"stream","text":"2022-12-20 18:43:35,196 - OEA - DEBUG - OEA initialized.\n2022-12-20 18:43:35,196 - OEA - DEBUG - OEA initialized.\n2022-12-20 18:43:35,196 - OEA - DEBUG - OEA initialized.\nOEA initialized.\n"}],"execution_count":3},{"cell_type":"markdown","metadata":{"nteract":{"transient":{"deleting":false}}},"source":["## Data Loading and Subsetting"]},{"cell_type":"code","metadata":{"jupyter":{"source_hidden":false,"outputs_hidden":false},"nteract":{"transient":{"deleting":false}}},"source":["#Loading the data\r\n","from pyspark.sql.types import IntegerType\r\n","\r\n","dfInsights_techActivity = oea.load('M365', 'TechActivity_pseudo')\r\n","\r\n","dfInsights_aaduserpersonmapping = oea.load('M365', 'AadUserPersonMapping_pseudo')\r\n","dfInsights_person = oea.load('M365', 'Person_pseudo')\r\n","dfInsights_personOrgRole = oea.load('M365', 'PersonOrganizationRole_pseudo')\r\n","dfInsights_organization = oea.load('M365', 'Organization_pseudo')\r\n","dfInsights_refDefinition = oea.load('M365', 'RefDefinition_pseudo')"],"outputs":[{"output_type":"display_data","data":{"application/vnd.livy.statement-meta+json":{"spark_pool":"spark3p1sm","session_id":"83","statement_id":4,"state":"finished","livy_statement_state":"available","queued_time":"2022-12-20T18:43:34.6833323Z","session_start_time":null,"execution_start_time":"2022-12-20T18:43:35.5468511Z","execution_finish_time":"2022-12-20T18:44:42.7993456Z","spark_jobs":null},"text/plain":"StatementMeta(spark3p1sm, 83, 4, Finished, Available)"},"metadata":{}}],"execution_count":4},{"cell_type":"code","metadata":{"jupyter":{"source_hidden":false,"outputs_hidden":false},"nteract":{"transient":{"deleting":false}},"collapsed":false},"source":["#Subsetting and joining the data\r\n","dfInsights = dfInsights_personOrgRole.join(dfInsights_person, dfInsights_personOrgRole.PersonId_pseudonym == dfInsights_person.Id_pseudonym, how='inner')\r\n","dfInsights = dfInsights.select('PersonId_pseudonym', 'Surname', 'GivenName', 'MiddleName', 'RefRoleId', 'RefGradeLevelId', 'OrganizationId')\r\n","\r\n","dfInsights = dfInsights.join(dfInsights_organization, dfInsights.OrganizationId == dfInsights_organization.Id, how='inner')\r\n","dfInsights = dfInsights.withColumnRenamed('Name', 'OrganizationName')\r\n","dfInsights = dfInsights.select('PersonId_pseudonym', 'Surname', 'GivenName', 'MiddleName', 'RefRoleId', 'RefGradeLevelId', 'OrganizationId', 'OrganizationName')\r\n","\r\n","dfInsights = dfInsights.join(dfInsights_refDefinition, dfInsights.RefRoleId == dfInsights_refDefinition.Id, how='inner')\r\n","dfInsights = dfInsights.withColumnRenamed('Code', 'PersonRole')\r\n","dfInsights = dfInsights.select('PersonId_pseudonym', 'Surname', 'GivenName', 'MiddleName', 'PersonRole', 'RefGradeLevelId', 'OrganizationId', 'OrganizationName')\r\n","\r\n","dfInsights = dfInsights.join(dfInsights_refDefinition, dfInsights.RefGradeLevelId == dfInsights_refDefinition.Id, how='inner')\r\n","dfInsights = dfInsights.withColumnRenamed('Code', 'StudentGrade')\r\n","dfInsights = dfInsights.select('PersonId_pseudonym', 'Surname', 'GivenName', 'MiddleName', 'PersonRole', 'StudentGrade', 'OrganizationId', 'OrganizationName')\r\n","\r\n","dfInsights_aaduserpersonmapping = dfInsights_aaduserpersonmapping.withColumnRenamed('PersonId_pseudonym', 'StudentId_internal_pseudonym')\r\n","dfInsights = dfInsights.join(dfInsights_aaduserpersonmapping, dfInsights.PersonId_pseudonym == dfInsights_aaduserpersonmapping.StudentId_internal_pseudonym, how='inner')\r\n","dfInsights = dfInsights.withColumnRenamed('ObjectId_pseudonym', 'StudentId_external_pseudonym')\r\n","dfInsights = dfInsights.select('StudentId_internal_pseudonym', 'StudentId_external_pseudonym', 'Surname', 'GivenName', 'MiddleName', 'PersonRole', 'StudentGrade', 'OrganizationId', 'OrganizationName')\r\n","display(dfInsights.limit(5))"],"outputs":[{"output_type":"display_data","data":{"application/vnd.livy.statement-meta+json":{"spark_pool":"spark3p1sm","session_id":"83","statement_id":5,"state":"finished","livy_statement_state":"available","queued_time":"2022-12-20T18:43:34.8061477Z","session_start_time":null,"execution_start_time":"2022-12-20T18:44:42.9372333Z","execution_finish_time":"2022-12-20T18:44:54.1737592Z","spark_jobs":null},"text/plain":"StatementMeta(spark3p1sm, 83, 5, Finished, Available)"},"metadata":{}},{"output_type":"display_data","data":{"application/vnd.synapse.widget-view+json":{"widget_id":"32974c31-246a-484c-b306-bab8001953ac","widget_type":"Synapse.DataFrame"},"text/plain":"SynapseWidget(Synapse.DataFrame, 32974c31-246a-484c-b306-bab8001953ac)"},"metadata":{}}],"execution_count":5},{"cell_type":"code","metadata":{"jupyter":{"source_hidden":false,"outputs_hidden":false},"nteract":{"transient":{"deleting":false}},"collapsed":false},"source":["dfReadingProgress = dfInsights_techActivity.where(\"AppName == 'ReadingProgress'\")\r\n","dfReadingProgress = dfReadingProgress.select('ActorId_pseudonym', 'SignalType', 'StartTime', 'AppName', 'Action', 'ReadingSubmissionWordsPerMinute', 'ReadingSubmissionAccuracyScore', 'ReadingSubmissionRepetitionsCount', 'ReadingSubmissionInsertionsCount', 'ReadingSubmissionMispronunciationCount', 'ReadingSubmissionObmissionCount', 'ReadingSubmissionAttemptNumber', 'ReadingAssignmentWordCount', 'ReadingAssignmentFleschKincaidGradeLevel', 'ReadingAssignmentLanguage')\r\n","dfReadingProgress = dfReadingProgress.withColumn('ReadingSubmissionAccuracyScore', dfReadingProgress['ReadingSubmissionAccuracyScore'].cast(IntegerType()))\r\n","display(dfReadingProgress.limit(5))"],"outputs":[{"output_type":"display_data","data":{"application/vnd.livy.statement-meta+json":{"spark_pool":"spark3p1sm","session_id":"83","statement_id":6,"state":"finished","livy_statement_state":"available","queued_time":"2022-12-20T18:43:34.9081058Z","session_start_time":null,"execution_start_time":"2022-12-20T18:44:54.3247187Z","execution_finish_time":"2022-12-20T18:44:57.6269167Z","spark_jobs":null},"text/plain":"StatementMeta(spark3p1sm, 83, 6, Finished, Available)"},"metadata":{}},{"output_type":"display_data","data":{"application/vnd.synapse.widget-view+json":{"widget_id":"37e04d0c-e95f-4125-acc1-ffc264c1f618","widget_type":"Synapse.DataFrame"},"text/plain":"SynapseWidget(Synapse.DataFrame, 37e04d0c-e95f-4125-acc1-ffc264c1f618)"},"metadata":{}}],"execution_count":6},{"cell_type":"markdown","metadata":{"nteract":{"transient":{"deleting":false}}},"source":["## Data Aggregations"]},{"cell_type":"code","metadata":{"jupyter":{"source_hidden":false,"outputs_hidden":false},"nteract":{"transient":{"deleting":false}},"collapsed":false},"source":["from pyspark.sql import functions as F\r\n","dfReadingProgress = dfReadingProgress.withColumn('ReadingSubmissionRepetitionsRate', F.col('ReadingSubmissionRepetitionsCount')/F.col('ReadingAssignmentWordCount') * 100) \r\n","dfReadingProgress = dfReadingProgress.withColumn('ReadingSubmissionMispronunciationRate', F.col('ReadingSubmissionMispronunciationCount')/F.col('ReadingAssignmentWordCount') * 100) \r\n","dfReadingProgress = dfReadingProgress.withColumn('ReadingSubmissionInsertionsRate', F.col('ReadingSubmissionInsertionsCount')/F.col('ReadingAssignmentWordCount') * 100) \r\n","dfReadingProgress = dfReadingProgress.withColumn('ReadingSubmissionObmissionRate', F.col('ReadingSubmissionObmissionCount')/F.col('ReadingAssignmentWordCount') * 100) \r\n","display(dfReadingProgress.limit(5))"],"outputs":[{"output_type":"display_data","data":{"application/vnd.livy.statement-meta+json":{"spark_pool":"spark3p1sm","session_id":"83","statement_id":7,"state":"finished","livy_statement_state":"available","queued_time":"2022-12-20T18:43:34.9729491Z","session_start_time":null,"execution_start_time":"2022-12-20T18:44:57.7591018Z","execution_finish_time":"2022-12-20T18:45:00.6381651Z","spark_jobs":null},"text/plain":"StatementMeta(spark3p1sm, 83, 7, Finished, Available)"},"metadata":{}},{"output_type":"display_data","data":{"application/vnd.synapse.widget-view+json":{"widget_id":"c5d08973-19fb-4adf-b6b7-01b8ba862225","widget_type":"Synapse.DataFrame"},"text/plain":"SynapseWidget(Synapse.DataFrame, c5d08973-19fb-4adf-b6b7-01b8ba862225)"},"metadata":{}}],"execution_count":7},{"cell_type":"markdown","metadata":{"nteract":{"transient":{"deleting":false}}},"source":["## Write to Stage 2p"]},{"cell_type":"code","metadata":{"jupyter":{"source_hidden":false,"outputs_hidden":false},"nteract":{"transient":{"deleting":false}}},"source":["dfReadingProgress.coalesce(1).write.format('delta').mode('overwrite').option('header', True).save(oea.stage2p + '/reading_progress/ReadingProgress_pseudo')\r\n","dfInsights.coalesce(1).write.format('delta').mode('overwrite').option('header', True).save(oea.stage2p + '/reading_progress/Student_pseudo')\r\n",""],"outputs":[{"output_type":"display_data","data":{"application/vnd.livy.statement-meta+json":{"spark_pool":"spark3p1sm","session_id":"83","statement_id":8,"state":"finished","livy_statement_state":"available","queued_time":"2022-12-20T18:43:35.0981101Z","session_start_time":null,"execution_start_time":"2022-12-20T18:45:00.7669225Z","execution_finish_time":"2022-12-20T18:46:24.0650222Z","spark_jobs":null},"text/plain":"StatementMeta(spark3p1sm, 83, 8, Finished, Available)"},"metadata":{}}],"execution_count":8}]},"dependsOn":[]},{"name":"[concat(parameters('workspaceName'), '/spark3p1sm')]","type":"Microsoft.Synapse/workspaces/bigDataPools","apiVersion":"2019-06-01-preview","properties":{"autoPause":{"enabled":true,"delayInMinutes":15},"autoScale":{"enabled":true,"maxNodeCount":10,"minNodeCount":3},"nodeCount":3,"nodeSize":"Small","nodeSizeFamily":"MemoryOptimized","sparkVersion":"3.1","libraryRequirements":{"content":"opencensus-ext-azure >= 1.0.8\r\nFaker >= 8.0","filename":"/usr/csuser/clouddrive/OpenEduAnalytics/framework/requirements.txt","time":"2021-09-08T16:43:32.1812268Z"},"isComputeIsolationEnabled":false,"sessionLevelPackagesEnabled":true,"annotations":[]},"dependsOn":[],"location":"eastus"},{"name":"[concat(parameters('workspaceName'), '/create_reading_prog_sql_db')]","type":"Microsoft.Synapse/workspaces/pipelines","apiVersion":"2019-06-01-preview","properties":{"description":"creates SQL db for reading progress data if there are multiple tables contained in the reading_progress folder","activities":[{"name":"set sqlDBName","type":"SetVariable","dependsOn":[],"userProperties":[],"typeProperties":{"variableName":"sqlDBName","value":{"value":"sqls@{pipeline().parameters.stage}_@{pipeline().parameters.sourceDirectory}","type":"Expression"}}},{"name":"Stored procedure","type":"SqlServerStoredProcedure","dependsOn":[{"activity":"set sqlDBName","dependencyConditions":["Succeeded"]}],"policy":{"timeout":"7.00:00:00","retry":0,"retryIntervalInSeconds":30,"secureOutput":false,"secureInput":false},"userProperties":[],"typeProperties":{"storedProcedureName":"[[dbo].[sp_executesql]","storedProcedureParameters":{"command":{"value":{"value":"IF NOT EXISTS (SELECT * FROM sys.databases WHERE name = '@{variables('sqlDBName')}') \nBEGIN\n  CREATE DATABASE @{variables('sqlDBName')}; \nEND;","type":"Expression"},"type":"String"}}},"linkedServiceName":{"referenceName":"[parameters('LS_SQL_Serverless_OEA')]","type":"LinkedServiceReference","parameters":{"dbName":"master"}}},{"name":"get folders in stageXp","type":"GetMetadata","dependsOn":[{"activity":"Stored procedure","dependencyConditions":["Succeeded"]}],"policy":{"timeout":"7.00:00:00","retry":0,"retryIntervalInSeconds":30,"secureOutput":false,"secureInput":false},"userProperties":[],"typeProperties":{"dataset":{"referenceName":"DS_ADLS_binary_folder","type":"DatasetReference","parameters":{"filesystem":{"value":"stage@{pipeline().parameters.stage}p","type":"Expression"},"directory":{"value":"@pipeline().parameters.sourceDirectory","type":"Expression"}}},"fieldList":["childItems"],"storeSettings":{"type":"AzureBlobFSReadSettings","recursive":true,"enablePartitionDiscovery":false},"formatSettings":{"type":"BinaryReadSettings"}}},{"name":"ForEach","type":"ForEach","dependsOn":[{"activity":"get folders in stageXp","dependencyConditions":["Succeeded"]}],"userProperties":[],"typeProperties":{"items":{"value":"@activity('get folders in stageXp').output.childItems","type":"Expression"},"activities":[{"name":"create or alter view for pseduonymized tables","type":"SqlServerStoredProcedure","dependsOn":[],"policy":{"timeout":"7.00:00:00","retry":0,"retryIntervalInSeconds":30,"secureOutput":false,"secureInput":false},"userProperties":[{"name":"command","value":"CREATE OR ALTER VIEW @{item().name} AS SELECT * FROM OPENROWSET( BULK 'https://@{pipeline().parameters.storageAccount}.dfs.core.windows.net/stage@{pipeline().parameters.stage}p/@{pipeline().parameters.sourceDirectory}/@{item().name}', FORMAT='DELTA' ) AS [r]"}],"typeProperties":{"storedProcedureName":"[[dbo].[sp_executesql]","storedProcedureParameters":{"command":{"value":{"value":"CREATE OR ALTER VIEW @{item().name} AS\nSELECT * FROM OPENROWSET(\nBULK 'https://@{pipeline().parameters.storageAccount}.dfs.core.windows.net/stage@{pipeline().parameters.stage}p/@{pipeline().parameters.sourceDirectory}/@{item().name}',\nFORMAT='DELTA'\n) AS [r]","type":"Expression"},"type":"String"}}},"linkedServiceName":{"referenceName":"[parameters('LS_SQL_Serverless_OEA')]","type":"LinkedServiceReference","parameters":{"dbName":{"value":"@variables('sqlDBName')","type":"Expression"}}}}]}}],"policy":{"elapsedTimeMetric":{},"cancelAfter":{}},"parameters":{"storageAccount":{"type":"string","defaultValue":"stoeahybriddev2"},"sourceDirectory":{"type":"string","defaultValue":"reading_progress"},"stage":{"type":"string","defaultValue":"2"}},"variables":{"sqlDBName":{"type":"String","defaultValue":"sqls2_mydb"}},"folder":{"name":"Reading Progress Module/Ingest"},"annotations":[],"lastPublishTime":"2022-11-07T22:39:45Z"},"dependsOn":["[concat(variables('workspaceId'), '/datasets/DS_ADLS_binary_folder')]"]},{"name":"[concat(parameters('workspaceName'), '/DS_ADLS_binary_folder')]","type":"Microsoft.Synapse/workspaces/datasets","apiVersion":"2019-06-01-preview","properties":{"linkedServiceName":{"referenceName":"[parameters('LS_ADLS_OEA')]","type":"LinkedServiceReference"},"parameters":{"filesystem":{"type":"string"},"directory":{"type":"string"}},"folder":{"name":"OEA_Framework"},"annotations":[],"type":"Binary","typeProperties":{"location":{"type":"AzureBlobFSLocation","folderPath":{"value":"@dataset().directory","type":"Expression"},"fileSystem":{"value":"@dataset().filesystem","type":"Expression"}}}},"dependsOn":[]}]}